issue_id,survey_id,question_id,issue_type,severity,description,action
ri_3b8721c66c70,tally_w5k75d,q_3b8721c66c70,unreliable_or_reconstructed_question,high,Question label or answer mapping is not fully reliable.,request Tally form schema / export with readable labels
ri_015daf837b23,tally_w5k75d,q_015daf837b23,unreliable_or_reconstructed_question,high,Question label or answer mapping is not fully reliable.,request Tally form schema / export with readable labels
ri_aac4ed35274e,tally_w5k75d,q_aac4ed35274e,unreliable_or_reconstructed_question,high,Question label or answer mapping is not fully reliable.,request Tally form schema / export with readable labels
ri_93dd93417e44,tally_w5k75d,q_93dd93417e44,unreliable_or_reconstructed_question,high,Question label or answer mapping is not fully reliable.,request Tally form schema / export with readable labels
ri_1ddf1432a3c5,tally_w5k75d,q_1ddf1432a3c5,unreliable_or_reconstructed_question,high,Question label or answer mapping is not fully reliable.,request Tally form schema / export with readable labels
ri_ae8df903d585,tally_w5k75d,q_ae8df903d585,matrix_uuid_or_unreadable_label,medium,Question/answers need original form schema before reliable metrics/clustering.,request Tally form schema / export with readable labels
ri_5a3655e475d8,tally_w5k75d,q_5a3655e475d8,unreliable_or_reconstructed_question,high,Question label or answer mapping is not fully reliable.,request Tally form schema / export with readable labels
ri_f86e2ebd26e0,tally_w5k75d,q_f86e2ebd26e0,unreliable_or_reconstructed_question,high,Question label or answer mapping is not fully reliable.,request Tally form schema / export with readable labels
ri_7262e094022a,tally_w5k75d,q_7262e094022a,unreliable_or_reconstructed_question,high,Question label or answer mapping is not fully reliable.,request Tally form schema / export with readable labels
ri_26a60ecd8461,tally_w5k75d,q_26a60ecd8461,unreliable_or_reconstructed_question,high,Question label or answer mapping is not fully reliable.,request Tally form schema / export with readable labels
ri_4adf74bcbc8c,tally_w5k75d,q_4adf74bcbc8c,unreliable_or_reconstructed_question,high,Question label or answer mapping is not fully reliable.,request Tally form schema / export with readable labels
ri_22954ae88148,tally_w5k75d,q_22954ae88148,unreliable_or_reconstructed_question,high,Question label or answer mapping is not fully reliable.,request Tally form schema / export with readable labels
ri_603efc0dff71,tally_mZ6Rp0,q_603efc0dff71,matrix_uuid_or_unreadable_label,medium,Question/answers need original form schema before reliable metrics/clustering.,request Tally form schema / export with readable labels
ri_aff8731eac7c,tally_mO05EK,q_aff8731eac7c,unreliable_or_reconstructed_question,high,Question label or answer mapping is not fully reliable.,request Tally form schema / export with readable labels
ri_bf9ccb30086d,tally_mO05EK,q_bf9ccb30086d,unreliable_or_reconstructed_question,high,Question label or answer mapping is not fully reliable.,request Tally form schema / export with readable labels
ri_1deaccb3de6b,tally_mO05EK,q_1deaccb3de6b,unreliable_or_reconstructed_question,high,Question label or answer mapping is not fully reliable.,request Tally form schema / export with readable labels
ri_b03efceff03d,tally_mO05EK,q_b03efceff03d,unreliable_or_reconstructed_question,high,Question label or answer mapping is not fully reliable.,request Tally form schema / export with readable labels
ri_8d3e45750775,tally_mO05EK,q_8d3e45750775,unreliable_or_reconstructed_question,high,Question label or answer mapping is not fully reliable.,request Tally form schema / export with readable labels
ri_b76e22828e87,tally_mO05EK,q_b76e22828e87,unreliable_or_reconstructed_question,high,Question label or answer mapping is not fully reliable.,request Tally form schema / export with readable labels
ri_0aaa2d796190,tally_mO05EK,q_0aaa2d796190,unreliable_or_reconstructed_question,high,Question label or answer mapping is not fully reliable.,request Tally form schema / export with readable labels
ri_d5ab2d92b7c5,tally_mO05EK,q_d5ab2d92b7c5,unreliable_or_reconstructed_question,high,Question label or answer mapping is not fully reliable.,request Tally form schema / export with readable labels
ri_f8848d73ed96,tally_mO05EK,q_f8848d73ed96,unreliable_or_reconstructed_question,high,Question label or answer mapping is not fully reliable.,request Tally form schema / export with readable labels
ri_a7404a34570a,tally_mO05EK,q_a7404a34570a,unreliable_or_reconstructed_question,high,Question label or answer mapping is not fully reliable.,request Tally form schema / export with readable labels
ri_2977adaa29e8,tally_mO05EK,q_2977adaa29e8,matrix_uuid_or_unreadable_label,medium,Question/answers need original form schema before reliable metrics/clustering.,request Tally form schema / export with readable labels
ri_d5d598fae618,tally_mO05EK,q_d5d598fae618,matrix_uuid_or_unreadable_label,medium,Question/answers need original form schema before reliable metrics/clustering.,request Tally form schema / export with readable labels
ri_9dcb38984481,tally_mO05EK,q_9dcb38984481,matrix_uuid_or_unreadable_label,medium,Question/answers need original form schema before reliable metrics/clustering.,request Tally form schema / export with readable labels
ri_98775bbb5c8b,tally_mO05EK,q_98775bbb5c8b,unreliable_or_reconstructed_question,high,Question label or answer mapping is not fully reliable.,request Tally form schema / export with readable labels
ri_d8913629694e,tally_mO05EK,q_d8913629694e,unreliable_or_reconstructed_question,high,Question label or answer mapping is not fully reliable.,request Tally form schema / export with readable labels
ri_ea531f27baa8,tally_mO05EK,q_ea531f27baa8,unreliable_or_reconstructed_question,high,Question label or answer mapping is not fully reliable.,request Tally form schema / export with readable labels
ri_bb5aab810b94,tally_mO05EK,q_bb5aab810b94,unreliable_or_reconstructed_question,high,Question label or answer mapping is not fully reliable.,request Tally form schema / export with readable labels
ri_09a17aa09c68,tally_mO05EK,q_09a17aa09c68,unreliable_or_reconstructed_question,high,Question label or answer mapping is not fully reliable.,request Tally form schema / export with readable labels
ri_47a55d6bced7,tally_mO05EK,q_47a55d6bced7,unreliable_or_reconstructed_question,high,Question label or answer mapping is not fully reliable.,request Tally form schema / export with readable labels
ri_d83124bad913,tally_mO05EK,q_d83124bad913,unreliable_or_reconstructed_question,high,Question label or answer mapping is not fully reliable.,request Tally form schema / export with readable labels
ri_7e7a1799d618,tally_mO05EK,q_7e7a1799d618,unreliable_or_reconstructed_question,high,Question label or answer mapping is not fully reliable.,request Tally form schema / export with readable labels
ri_72d0276bdc5a,tally_mO05EK,q_72d0276bdc5a,unreliable_or_reconstructed_question,high,Question label or answer mapping is not fully reliable.,request Tally form schema / export with readable labels
ri_827de30bafb8,tally_mO05EK,q_827de30bafb8,unreliable_or_reconstructed_question,high,Question label or answer mapping is not fully reliable.,request Tally form schema / export with readable labels
ri_8fecc6353ead,tally_mO05EK,q_8fecc6353ead,matrix_uuid_or_unreadable_label,medium,Question/answers need original form schema before reliable metrics/clustering.,request Tally form schema / export with readable labels
ri_e6aef18fefed,tally_mO05EK,q_e6aef18fefed,matrix_uuid_or_unreadable_label,medium,Question/answers need original form schema before reliable metrics/clustering.,request Tally form schema / export with readable labels
ri_a0fb8884c223,tally_mYWglz,q_a0fb8884c223,unreliable_or_reconstructed_question,high,Question label or answer mapping is not fully reliable.,request Tally form schema / export with readable labels
ri_bc23268b4075,tally_mYWglz,q_bc23268b4075,matrix_uuid_or_unreadable_label,medium,Question/answers need original form schema before reliable metrics/clustering.,request Tally form schema / export with readable labels
ri_8d109a24121f,tally_mYWglz,q_8d109a24121f,matrix_uuid_or_unreadable_label,medium,Question/answers need original form schema before reliable metrics/clustering.,request Tally form schema / export with readable labels
ri_793fcfd197cc,tally_mYWglz,q_793fcfd197cc,matrix_uuid_or_unreadable_label,medium,Question/answers need original form schema before reliable metrics/clustering.,request Tally form schema / export with readable labels
ri_efc0577534df,tally_mYWglz,q_efc0577534df,matrix_uuid_or_unreadable_label,medium,Question/answers need original form schema before reliable metrics/clustering.,request Tally form schema / export with readable labels
ri_0697df6b7ed0,tally_mYWglz,q_0697df6b7ed0,unreliable_or_reconstructed_question,high,Question label or answer mapping is not fully reliable.,request Tally form schema / export with readable labels
ri_1865b2dd26d9,tally_mYWglz,q_1865b2dd26d9,matrix_uuid_or_unreadable_label,medium,Question/answers need original form schema before reliable metrics/clustering.,request Tally form schema / export with readable labels
ri_44f7fc21a720,tally_mYWglz,q_44f7fc21a720,unreliable_or_reconstructed_question,high,Question label or answer mapping is not fully reliable.,request Tally form schema / export with readable labels
ri_a9146e93882f,tally_mYWglz,q_a9146e93882f,matrix_uuid_or_unreadable_label,medium,Question/answers need original form schema before reliable metrics/clustering.,request Tally form schema / export with readable labels
ri_8ec863b76a88,tally_mYWglz,q_8ec863b76a88,matrix_uuid_or_unreadable_label,medium,Question/answers need original form schema before reliable metrics/clustering.,request Tally form schema / export with readable labels
ri_dce16b1df576,tally_mYWglz,q_dce16b1df576,matrix_uuid_or_unreadable_label,medium,Question/answers need original form schema before reliable metrics/clustering.,request Tally form schema / export with readable labels
ri_379aa2a79935,tally_mYWglz,q_379aa2a79935,unreliable_or_reconstructed_question,high,Question label or answer mapping is not fully reliable.,request Tally form schema / export with readable labels
ri_25ca5921ea64,tally_mYWglz,q_25ca5921ea64,matrix_uuid_or_unreadable_label,medium,Question/answers need original form schema before reliable metrics/clustering.,request Tally form schema / export with readable labels
ri_845070fee76d,tally_mYWglz,q_845070fee76d,matrix_uuid_or_unreadable_label,medium,Question/answers need original form schema before reliable metrics/clustering.,request Tally form schema / export with readable labels
ri_54d4f8477e50,tally_mYWglz,q_54d4f8477e50,matrix_uuid_or_unreadable_label,medium,Question/answers need original form schema before reliable metrics/clustering.,request Tally form schema / export with readable labels
ri_6a09fb10b03d,tally_mYWglz,q_6a09fb10b03d,unreliable_or_reconstructed_question,high,Question label or answer mapping is not fully reliable.,request Tally form schema / export with readable labels
ri_afaf9ed9ac38,tally_mYWglz,q_afaf9ed9ac38,unreliable_or_reconstructed_question,high,Question label or answer mapping is not fully reliable.,request Tally form schema / export with readable labels
ri_efb1c7453933,tally_wdAOjN,q_efb1c7453933,matrix_uuid_or_unreadable_label,medium,Question/answers need original form schema before reliable metrics/clustering.,request Tally form schema / export with readable labels
ri_9a486ccf5ad2,tally_wdAOjN,q_9a486ccf5ad2,unreliable_or_reconstructed_question,high,Question label or answer mapping is not fully reliable.,request Tally form schema / export with readable labels
ri_06f585f6d017,tally_wdAOjN,q_06f585f6d017,unreliable_or_reconstructed_question,high,Question label or answer mapping is not fully reliable.,request Tally form schema / export with readable labels
ri_9fd06982cb8d,tally_mKLDog,q_9fd06982cb8d,matrix_uuid_or_unreadable_label,medium,Question/answers need original form schema before reliable metrics/clustering.,request Tally form schema / export with readable labels
ri_3ee355a3c1b6,tally_mKLDog,q_3ee355a3c1b6,matrix_uuid_or_unreadable_label,medium,Question/answers need original form schema before reliable metrics/clustering.,request Tally form schema / export with readable labels
ri_34134bfb27d8,tally_mKLDog,q_34134bfb27d8,unreliable_or_reconstructed_question,high,Question label or answer mapping is not fully reliable.,request Tally form schema / export with readable labels
ri_520ee2ba3be2,tally_wg9kZl,q_520ee2ba3be2,unreliable_or_reconstructed_question,high,Question label or answer mapping is not fully reliable.,request Tally form schema / export with readable labels
ri_1a461d2a9bca,tally_wg9kZl,q_1a461d2a9bca,unreliable_or_reconstructed_question,high,Question label or answer mapping is not fully reliable.,request Tally form schema / export with readable labels
ri_7dbaaaa93913,tally_wg9kZl,q_7dbaaaa93913,unreliable_or_reconstructed_question,high,Question label or answer mapping is not fully reliable.,request Tally form schema / export with readable labels
ri_5fc067e38687,tally_wg9kZl,q_5fc067e38687,unreliable_or_reconstructed_question,high,Question label or answer mapping is not fully reliable.,request Tally form schema / export with readable labels
ri_5ad7a5679083,tally_wg9kZl,q_5ad7a5679083,unreliable_or_reconstructed_question,high,Question label or answer mapping is not fully reliable.,request Tally form schema / export with readable labels
ri_6ec283ce0c58,tally_wg9kZl,q_6ec283ce0c58,unreliable_or_reconstructed_question,high,Question label or answer mapping is not fully reliable.,request Tally form schema / export with readable labels
ri_dc1ef4c8fb7d,tally_wg9kZl,q_dc1ef4c8fb7d,unreliable_or_reconstructed_question,high,Question label or answer mapping is not fully reliable.,request Tally form schema / export with readable labels
ri_3291cbda7ab0,tally_wg9kZl,q_3291cbda7ab0,unreliable_or_reconstructed_question,high,Question label or answer mapping is not fully reliable.,request Tally form schema / export with readable labels
ri_f11e7bd88982,tally_wg9kZl,q_f11e7bd88982,unreliable_or_reconstructed_question,high,Question label or answer mapping is not fully reliable.,request Tally form schema / export with readable labels
ri_ced4234a2836,tally_wg9kZl,q_ced4234a2836,unreliable_or_reconstructed_question,high,Question label or answer mapping is not fully reliable.,request Tally form schema / export with readable labels
ri_3d449cb5ac25,tally_wg9kZl,q_3d449cb5ac25,unreliable_or_reconstructed_question,high,Question label or answer mapping is not fully reliable.,request Tally form schema / export with readable labels
ri_949c5a69c32b,tally_wg9kZl,q_949c5a69c32b,unreliable_or_reconstructed_question,high,Question label or answer mapping is not fully reliable.,request Tally form schema / export with readable labels
ri_f9d5beda506f,tally_wg9kZl,q_f9d5beda506f,unreliable_or_reconstructed_question,high,Question label or answer mapping is not fully reliable.,request Tally form schema / export with readable labels
ri_6628f678265f,tally_wg9kZl,q_6628f678265f,unreliable_or_reconstructed_question,high,Question label or answer mapping is not fully reliable.,request Tally form schema / export with readable labels
ri_cb6869aec100,tally_wg9kZl,q_cb6869aec100,matrix_uuid_or_unreadable_label,medium,Question/answers need original form schema before reliable metrics/clustering.,request Tally form schema / export with readable labels
ri_72e61113564a,tally_wg9kZl,q_72e61113564a,unreliable_or_reconstructed_question,high,Question label or answer mapping is not fully reliable.,request Tally form schema / export with readable labels
ri_3a4ac32e47fc,tally_wg9kZl,q_3a4ac32e47fc,unreliable_or_reconstructed_question,high,Question label or answer mapping is not fully reliable.,request Tally form schema / export with readable labels
ri_8da320c8af67,tally_wg9kZl,q_8da320c8af67,unreliable_or_reconstructed_question,high,Question label or answer mapping is not fully reliable.,request Tally form schema / export with readable labels
ri_edf75ac1ea09,tally_wg9kZl,q_edf75ac1ea09,unreliable_or_reconstructed_question,high,Question label or answer mapping is not fully reliable.,request Tally form schema / export with readable labels
ri_98c216fee153,tally_mRPA74,q_98c216fee153,unreliable_or_reconstructed_question,high,Question label or answer mapping is not fully reliable.,request Tally form schema / export with readable labels
ri_8c9ae4d51bb2,tally_mRPA74,q_8c9ae4d51bb2,matrix_uuid_or_unreadable_label,medium,Question/answers need original form schema before reliable metrics/clustering.,request Tally form schema / export with readable labels
ri_d7cfe72a3fe8,tally_mRPA74,q_d7cfe72a3fe8,matrix_uuid_or_unreadable_label,medium,Question/answers need original form schema before reliable metrics/clustering.,request Tally form schema / export with readable labels
ri_758c08676c18,tally_mRPA74,q_758c08676c18,matrix_uuid_or_unreadable_label,medium,Question/answers need original form schema before reliable metrics/clustering.,request Tally form schema / export with readable labels
ri_7a419538b0bd,tally_mRPA74,q_7a419538b0bd,matrix_uuid_or_unreadable_label,medium,Question/answers need original form schema before reliable metrics/clustering.,request Tally form schema / export with readable labels
ri_6b84a5a7b1e3,tally_mRPA74,q_6b84a5a7b1e3,matrix_uuid_or_unreadable_label,medium,Question/answers need original form schema before reliable metrics/clustering.,request Tally form schema / export with readable labels
ri_a5d3611d7067,tally_mRPA74,q_a5d3611d7067,matrix_uuid_or_unreadable_label,medium,Question/answers need original form schema before reliable metrics/clustering.,request Tally form schema / export with readable labels
ri_ce7b8ef5c1a1,tally_wM5zyg,q_ce7b8ef5c1a1,unreliable_or_reconstructed_question,high,Question label or answer mapping is not fully reliable.,request Tally form schema / export with readable labels
ri_cc86ceaeb37f,tally_wM5zyg,q_cc86ceaeb37f,unreliable_or_reconstructed_question,high,Question label or answer mapping is not fully reliable.,request Tally form schema / export with readable labels
ri_f97e1524d873,tally_wM5zyg,q_f97e1524d873,unreliable_or_reconstructed_question,high,Question label or answer mapping is not fully reliable.,request Tally form schema / export with readable labels
ri_69c24937280e,tally_wM5zyg,q_69c24937280e,unreliable_or_reconstructed_question,high,Question label or answer mapping is not fully reliable.,request Tally form schema / export with readable labels
ri_e4c2fa9b96e2,tally_wM5zyg,q_e4c2fa9b96e2,unreliable_or_reconstructed_question,high,Question label or answer mapping is not fully reliable.,request Tally form schema / export with readable labels
ri_a77fe0d0f060,tally_wM5zyg,q_a77fe0d0f060,unreliable_or_reconstructed_question,high,Question label or answer mapping is not fully reliable.,request Tally form schema / export with readable labels
ri_ae8970a1c48b,tally_wM5zyg,q_ae8970a1c48b,unreliable_or_reconstructed_question,high,Question label or answer mapping is not fully reliable.,request Tally form schema / export with readable labels
ri_218e9af1201f,tally_wM5zyg,q_218e9af1201f,unreliable_or_reconstructed_question,high,Question label or answer mapping is not fully reliable.,request Tally form schema / export with readable labels
ri_20682c466a65,tally_wM5zyg,q_20682c466a65,unreliable_or_reconstructed_question,high,Question label or answer mapping is not fully reliable.,request Tally form schema / export with readable labels
ri_b5454bc0adb2,tally_wM5zyg,q_b5454bc0adb2,unreliable_or_reconstructed_question,high,Question label or answer mapping is not fully reliable.,request Tally form schema / export with readable labels
ri_23a9694b1096,tally_wM5zyg,q_23a9694b1096,unreliable_or_reconstructed_question,high,Question label or answer mapping is not fully reliable.,request Tally form schema / export with readable labels
ri_6dabb49b4517,tally_wM5zyg,q_6dabb49b4517,matrix_uuid_or_unreadable_label,medium,Question/answers need original form schema before reliable metrics/clustering.,request Tally form schema / export with readable labels
ri_1dd0af988715,tally_wM5zyg,q_1dd0af988715,matrix_uuid_or_unreadable_label,medium,Question/answers need original form schema before reliable metrics/clustering.,request Tally form schema / export with readable labels
ri_456a28ac06f1,tally_wM5zyg,q_456a28ac06f1,matrix_uuid_or_unreadable_label,medium,Question/answers need original form schema before reliable metrics/clustering.,request Tally form schema / export with readable labels
ri_7f304b4bdcde,tally_wM5zyg,q_7f304b4bdcde,unreliable_or_reconstructed_question,high,Question label or answer mapping is not fully reliable.,request Tally form schema / export with readable labels
ri_5ec6659d177a,tally_wM5zyg,q_5ec6659d177a,unreliable_or_reconstructed_question,high,Question label or answer mapping is not fully reliable.,request Tally form schema / export with readable labels
ri_3f4da61f4d72,tally_wM5zyg,q_3f4da61f4d72,unreliable_or_reconstructed_question,high,Question label or answer mapping is not fully reliable.,request Tally form schema / export with readable labels
ri_0447d3cf2d2c,tally_wM5zyg,q_0447d3cf2d2c,unreliable_or_reconstructed_question,high,Question label or answer mapping is not fully reliable.,request Tally form schema / export with readable labels
ri_30926f5fc45d,tally_wM5zyg,q_30926f5fc45d,unreliable_or_reconstructed_question,high,Question label or answer mapping is not fully reliable.,request Tally form schema / export with readable labels
ri_a24ea8f43ce5,tally_wM5zyg,q_a24ea8f43ce5,unreliable_or_reconstructed_question,high,Question label or answer mapping is not fully reliable.,request Tally form schema / export with readable labels
ri_97cfd7b26bd5,tally_wM5zyg,q_97cfd7b26bd5,unreliable_or_reconstructed_question,high,Question label or answer mapping is not fully reliable.,request Tally form schema / export with readable labels
ri_4206c33029e4,tally_wM5zyg,q_4206c33029e4,unreliable_or_reconstructed_question,high,Question label or answer mapping is not fully reliable.,request Tally form schema / export with readable labels
ri_3a7190a2942b,tally_wM5zyg,q_3a7190a2942b,matrix_uuid_or_unreadable_label,high,Question/answers need original form schema before reliable metrics/clustering.,request Tally form schema / export with readable labels
ri_1a664c015503,tally_wM5zyg,q_1a664c015503,matrix_uuid_or_unreadable_label,high,Question/answers need original form schema before reliable metrics/clustering.,request Tally form schema / export with readable labels
ri_c180b109f0c6,tally_wM5zyg,q_c180b109f0c6,unreliable_or_reconstructed_question,high,Question label or answer mapping is not fully reliable.,request Tally form schema / export with readable labels
ri_abe383211fbc,tally_wM5zyg,q_abe383211fbc,unreliable_or_reconstructed_question,high,Question label or answer mapping is not fully reliable.,request Tally form schema / export with readable labels
ri_226230728aba,tally_wM5zyg,q_226230728aba,unreliable_or_reconstructed_question,high,Question label or answer mapping is not fully reliable.,request Tally form schema / export with readable labels
ri_90d1fc684707,tally_wM5zyg,q_90d1fc684707,unreliable_or_reconstructed_question,high,Question label or answer mapping is not fully reliable.,request Tally form schema / export with readable labels
ri_cb27844aad75,tally_wM5zyg,q_cb27844aad75,unreliable_or_reconstructed_question,high,Question label or answer mapping is not fully reliable.,request Tally form schema / export with readable labels
ri_8c8d1730af12,tally_wM5zyg,q_8c8d1730af12,unreliable_or_reconstructed_question,high,Question label or answer mapping is not fully reliable.,request Tally form schema / export with readable labels
ri_ac895ce4eba8,tally_wM5zyg,q_ac895ce4eba8,unreliable_or_reconstructed_question,high,Question label or answer mapping is not fully reliable.,request Tally form schema / export with readable labels
ri_501840b77030,tally_wM5zyg,q_501840b77030,unreliable_or_reconstructed_question,high,Question label or answer mapping is not fully reliable.,request Tally form schema / export with readable labels
ri_03e8c2b7617a,tally_wM5zyg,q_03e8c2b7617a,unreliable_or_reconstructed_question,high,Question label or answer mapping is not fully reliable.,request Tally form schema / export with readable labels
ri_9da6ae033885,tally_wM5zyg,q_9da6ae033885,unreliable_or_reconstructed_question,high,Question label or answer mapping is not fully reliable.,request Tally form schema / export with readable labels
ri_641a3828e9da,tally_wM5zyg,q_641a3828e9da,unreliable_or_reconstructed_question,high,Question label or answer mapping is not fully reliable.,request Tally form schema / export with readable labels
ri_2d69e1142569,tally_3yy174,q_2d69e1142569,matrix_uuid_or_unreadable_label,medium,Question/answers need original form schema before reliable metrics/clustering.,request Tally form schema / export with readable labels
ri_5ba7de93bcff,tally_wzZb98,q_5ba7de93bcff,unreliable_or_reconstructed_question,high,Question label or answer mapping is not fully reliable.,request Tally form schema / export with readable labels
ri_833c012d8862,tally_wzZb98,q_833c012d8862,unreliable_or_reconstructed_question,high,Question label or answer mapping is not fully reliable.,request Tally form schema / export with readable labels
ri_b477309ae9bb,tally_wzZb98,q_b477309ae9bb,matrix_uuid_or_unreadable_label,medium,Question/answers need original form schema before reliable metrics/clustering.,request Tally form schema / export with readable labels
ri_b135e18eb2a4,tally_wzZb98,q_b135e18eb2a4,unreliable_or_reconstructed_question,high,Question label or answer mapping is not fully reliable.,request Tally form schema / export with readable labels
ri_5d7a8f1fafec,tally_wzZb98,q_5d7a8f1fafec,matrix_uuid_or_unreadable_label,medium,Question/answers need original form schema before reliable metrics/clustering.,request Tally form schema / export with readable labels
ri_0b31d3f8ce5c,tally_wzZb98,q_0b31d3f8ce5c,matrix_uuid_or_unreadable_label,high,Question/answers need original form schema before reliable metrics/clustering.,request Tally form schema / export with readable labels
ri_6f3860d42ddd,tally_wzZb98,q_6f3860d42ddd,matrix_uuid_or_unreadable_label,high,Question/answers need original form schema before reliable metrics/clustering.,request Tally form schema / export with readable labels
ri_318a438f41b6,tally_wzZb98,q_318a438f41b6,matrix_uuid_or_unreadable_label,high,Question/answers need original form schema before reliable metrics/clustering.,request Tally form schema / export with readable labels
ri_416ad4dcc3b1,tally_wzZb98,q_416ad4dcc3b1,matrix_uuid_or_unreadable_label,high,Question/answers need original form schema before reliable metrics/clustering.,request Tally form schema / export with readable labels
ri_1c0c8f194c7c,tally_wzZb98,q_1c0c8f194c7c,matrix_uuid_or_unreadable_label,high,Question/answers need original form schema before reliable metrics/clustering.,request Tally form schema / export with readable labels
ri_49fda98820d9,tally_wzZb98,q_49fda98820d9,matrix_uuid_or_unreadable_label,high,Question/answers need original form schema before reliable metrics/clustering.,request Tally form schema / export with readable labels
ri_1c68026d9010,tally_wzZb98,q_1c68026d9010,matrix_uuid_or_unreadable_label,medium,Question/answers need original form schema before reliable metrics/clustering.,request Tally form schema / export with readable labels
ri_c60fdecc8653,tally_wzZb98,q_c60fdecc8653,matrix_uuid_or_unreadable_label,medium,Question/answers need original form schema before reliable metrics/clustering.,request Tally form schema / export with readable labels
ri_d8d5e5a38908,tally_wzZb98,q_d8d5e5a38908,unreliable_or_reconstructed_question,high,Question label or answer mapping is not fully reliable.,request Tally form schema / export with readable labels
ri_eeedcb7785d6,tally_wzZb98,q_eeedcb7785d6,unreliable_or_reconstructed_question,high,Question label or answer mapping is not fully reliable.,request Tally form schema / export with readable labels
ri_06ba5b71aee6,tally_wzZb98,q_06ba5b71aee6,unreliable_or_reconstructed_question,high,Question label or answer mapping is not fully reliable.,request Tally form schema / export with readable labels
ri_4367d6e5d625,tally_wzZb98,q_4367d6e5d625,unreliable_or_reconstructed_question,high,Question label or answer mapping is not fully reliable.,request Tally form schema / export with readable labels
ri_410ed0217c16,tally_wzZb98,q_410ed0217c16,unreliable_or_reconstructed_question,high,Question label or answer mapping is not fully reliable.,request Tally form schema / export with readable labels
ri_efeccdce3097,tally_wzZb98,q_efeccdce3097,unreliable_or_reconstructed_question,high,Question label or answer mapping is not fully reliable.,request Tally form schema / export with readable labels
ri_a4197d82b680,tally_wzZb98,q_a4197d82b680,unreliable_or_reconstructed_question,high,Question label or answer mapping is not fully reliable.,request Tally form schema / export with readable labels
ri_c2a03a18bb76,tally_wzZb98,q_c2a03a18bb76,unreliable_or_reconstructed_question,high,Question label or answer mapping is not fully reliable.,request Tally form schema / export with readable labels
ri_a1760cca3e5a,tally_wzZb98,q_a1760cca3e5a,unreliable_or_reconstructed_question,high,Question label or answer mapping is not fully reliable.,request Tally form schema / export with readable labels
ri_71bcd518e1b8,tally_3NXzGp,q_71bcd518e1b8,unreliable_or_reconstructed_question,high,Question label or answer mapping is not fully reliable.,request Tally form schema / export with readable labels
ri_ee740120bef7,tally_3NXzGp,q_ee740120bef7,matrix_uuid_or_unreadable_label,medium,Question/answers need original form schema before reliable metrics/clustering.,request Tally form schema / export with readable labels
ri_a078ca1b5f80,tally_3NXzGp,q_a078ca1b5f80,matrix_uuid_or_unreadable_label,medium,Question/answers need original form schema before reliable metrics/clustering.,request Tally form schema / export with readable labels
ri_a27038504ea3,tally_3E0QYq,q_a27038504ea3,unreliable_or_reconstructed_question,high,Question label or answer mapping is not fully reliable.,request Tally form schema / export with readable labels
ri_11918aca062b,tally_3E0QYq,q_11918aca062b,unreliable_or_reconstructed_question,high,Question label or answer mapping is not fully reliable.,request Tally form schema / export with readable labels
ri_e1e8f2d58cc7,tally_3E0QYq,q_e1e8f2d58cc7,unreliable_or_reconstructed_question,high,Question label or answer mapping is not fully reliable.,request Tally form schema / export with readable labels
ri_23bd7ebe45bd,tally_3E0QYq,q_23bd7ebe45bd,unreliable_or_reconstructed_question,high,Question label or answer mapping is not fully reliable.,request Tally form schema / export with readable labels
ri_7f98478f96bf,tally_3E0QYq,q_7f98478f96bf,unreliable_or_reconstructed_question,high,Question label or answer mapping is not fully reliable.,request Tally form schema / export with readable labels
ri_015036f92dc1,tally_3E0QYq,q_015036f92dc1,unreliable_or_reconstructed_question,high,Question label or answer mapping is not fully reliable.,request Tally form schema / export with readable labels
ri_fc590334ccaf,tally_3E0QYq,q_fc590334ccaf,unreliable_or_reconstructed_question,high,Question label or answer mapping is not fully reliable.,request Tally form schema / export with readable labels
ri_9b2dc8cb76b7,tally_3E0QYq,q_9b2dc8cb76b7,unreliable_or_reconstructed_question,high,Question label or answer mapping is not fully reliable.,request Tally form schema / export with readable labels
ri_fd499952ffae,tally_3E0QYq,q_fd499952ffae,unreliable_or_reconstructed_question,high,Question label or answer mapping is not fully reliable.,request Tally form schema / export with readable labels
ri_1013e2871857,tally_3E0QYq,q_1013e2871857,unreliable_or_reconstructed_question,high,Question label or answer mapping is not fully reliable.,request Tally form schema / export with readable labels
ri_84729e57e355,tally_3E0QYq,q_84729e57e355,matrix_uuid_or_unreadable_label,medium,Question/answers need original form schema before reliable metrics/clustering.,request Tally form schema / export with readable labels
ri_20996c9310b3,tally_3E0QYq,q_20996c9310b3,matrix_uuid_or_unreadable_label,medium,Question/answers need original form schema before reliable metrics/clustering.,request Tally form schema / export with readable labels
ri_0e4ae5d2d001,tally_3E0QYq,q_0e4ae5d2d001,matrix_uuid_or_unreadable_label,medium,Question/answers need original form schema before reliable metrics/clustering.,request Tally form schema / export with readable labels
ri_f2aba2d45002,tally_3E0QYq,q_f2aba2d45002,unreliable_or_reconstructed_question,high,Question label or answer mapping is not fully reliable.,request Tally form schema / export with readable labels
ri_afebaef17f4b,tally_3E0QYq,q_afebaef17f4b,unreliable_or_reconstructed_question,high,Question label or answer mapping is not fully reliable.,request Tally form schema / export with readable labels
ri_3ca861e3caf9,tally_3E0QYq,q_3ca861e3caf9,unreliable_or_reconstructed_question,high,Question label or answer mapping is not fully reliable.,request Tally form schema / export with readable labels
ri_f1788ed98ff6,tally_3E0QYq,q_f1788ed98ff6,unreliable_or_reconstructed_question,high,Question label or answer mapping is not fully reliable.,request Tally form schema / export with readable labels
ri_94ef42a51280,tally_3E0QYq,q_94ef42a51280,unreliable_or_reconstructed_question,high,Question label or answer mapping is not fully reliable.,request Tally form schema / export with readable labels
ri_b4c5f9d36d03,tally_3E0QYq,q_b4c5f9d36d03,unreliable_or_reconstructed_question,high,Question label or answer mapping is not fully reliable.,request Tally form schema / export with readable labels
ri_25165866147d,tally_3E0QYq,q_25165866147d,unreliable_or_reconstructed_question,high,Question label or answer mapping is not fully reliable.,request Tally form schema / export with readable labels
ri_46b587786e22,tally_3E0QYq,q_46b587786e22,unreliable_or_reconstructed_question,high,Question label or answer mapping is not fully reliable.,request Tally form schema / export with readable labels
ri_d645ef0433ba,tally_3E0QYq,q_d645ef0433ba,unreliable_or_reconstructed_question,high,Question label or answer mapping is not fully reliable.,request Tally form schema / export with readable labels
ri_a9bbea77e74a,tally_3E0QYq,q_a9bbea77e74a,unreliable_or_reconstructed_question,high,Question label or answer mapping is not fully reliable.,request Tally form schema / export with readable labels
ri_e0031ffba575,tally_3E0QYq,q_e0031ffba575,matrix_uuid_or_unreadable_label,medium,Question/answers need original form schema before reliable metrics/clustering.,request Tally form schema / export with readable labels
ri_2eca46b19710,tally_3E0QYq,q_2eca46b19710,matrix_uuid_or_unreadable_label,medium,Question/answers need original form schema before reliable metrics/clustering.,request Tally form schema / export with readable labels
ri_cb54c44261e2,tally_3y2jV8,q_cb54c44261e2,unreliable_or_reconstructed_question,high,Question label or answer mapping is not fully reliable.,request Tally form schema / export with readable labels
ri_c953a3d3538f,tally_3y2jV8,q_c953a3d3538f,unreliable_or_reconstructed_question,high,Question label or answer mapping is not fully reliable.,request Tally form schema / export with readable labels
ri_17499478f99c,tally_3y2jV8,q_17499478f99c,matrix_uuid_or_unreadable_label,medium,Question/answers need original form schema before reliable metrics/clustering.,request Tally form schema / export with readable labels
ri_5a26eefa837b,tally_3y2jV8,q_5a26eefa837b,matrix_uuid_or_unreadable_label,medium,Question/answers need original form schema before reliable metrics/clustering.,request Tally form schema / export with readable labels
ri_c88d8b5b4693,tally_3y2jV8,q_c88d8b5b4693,unreliable_or_reconstructed_question,high,Question label or answer mapping is not fully reliable.,request Tally form schema / export with readable labels
ri_6fe38ed00b87,tally_3y2jV8,q_6fe38ed00b87,unreliable_or_reconstructed_question,high,Question label or answer mapping is not fully reliable.,request Tally form schema / export with readable labels
ri_57aafe01b754,tally_3y2jV8,q_57aafe01b754,unreliable_or_reconstructed_question,high,Question label or answer mapping is not fully reliable.,request Tally form schema / export with readable labels
ri_b4bde0e83297,tally_3XWL74,q_b4bde0e83297,unreliable_or_reconstructed_question,high,Question label or answer mapping is not fully reliable.,request Tally form schema / export with readable labels
ri_0270b691f49a,tally_3XWL74,q_0270b691f49a,matrix_uuid_or_unreadable_label,medium,Question/answers need original form schema before reliable metrics/clustering.,request Tally form schema / export with readable labels
ri_5b421d0a56ac,tally_3XWL74,q_5b421d0a56ac,matrix_uuid_or_unreadable_label,medium,Question/answers need original form schema before reliable metrics/clustering.,request Tally form schema / export with readable labels
ri_6ba4786a1b45,tally_3XWL74,q_6ba4786a1b45,matrix_uuid_or_unreadable_label,medium,Question/answers need original form schema before reliable metrics/clustering.,request Tally form schema / export with readable labels
ri_09e0db24dc5f,tally_3XWL74,q_09e0db24dc5f,matrix_uuid_or_unreadable_label,medium,Question/answers need original form schema before reliable metrics/clustering.,request Tally form schema / export with readable labels
ri_3a5f2a32d2ee,tally_3XWL74,q_3a5f2a32d2ee,matrix_uuid_or_unreadable_label,medium,Question/answers need original form schema before reliable metrics/clustering.,request Tally form schema / export with readable labels
ri_a3432da3ff0b,tally_3XWL74,q_a3432da3ff0b,matrix_uuid_or_unreadable_label,medium,Question/answers need original form schema before reliable metrics/clustering.,request Tally form schema / export with readable labels
ri_df89ac55bfe6,tally_3XWL74,q_df89ac55bfe6,matrix_uuid_or_unreadable_label,medium,Question/answers need original form schema before reliable metrics/clustering.,request Tally form schema / export with readable labels
ri_cc60c2013810,tally_3XWL74,q_cc60c2013810,matrix_uuid_or_unreadable_label,medium,Question/answers need original form schema before reliable metrics/clustering.,request Tally form schema / export with readable labels
ri_3ea12421ef08,tally_3XWL74,q_3ea12421ef08,matrix_uuid_or_unreadable_label,medium,Question/answers need original form schema before reliable metrics/clustering.,request Tally form schema / export with readable labels
ri_1e601d8cbb42,tally_3XWL74,q_1e601d8cbb42,matrix_uuid_or_unreadable_label,medium,Question/answers need original form schema before reliable metrics/clustering.,request Tally form schema / export with readable labels
ri_f355a10f30b3,tally_3XWL74,q_f355a10f30b3,matrix_uuid_or_unreadable_label,medium,Question/answers need original form schema before reliable metrics/clustering.,request Tally form schema / export with readable labels
ri_40eb316838c3,tally_3XWL74,q_40eb316838c3,matrix_uuid_or_unreadable_label,medium,Question/answers need original form schema before reliable metrics/clustering.,request Tally form schema / export with readable labels
ri_69377bbf30e1,tally_3XWL74,q_69377bbf30e1,matrix_uuid_or_unreadable_label,medium,Question/answers need original form schema before reliable metrics/clustering.,request Tally form schema / export with readable labels
ri_50c112f548b7,tally_3XWL74,q_50c112f548b7,matrix_uuid_or_unreadable_label,medium,Question/answers need original form schema before reliable metrics/clustering.,request Tally form schema / export with readable labels
ri_89a64434da7e,tally_3XWL74,q_89a64434da7e,matrix_uuid_or_unreadable_label,medium,Question/answers need original form schema before reliable metrics/clustering.,request Tally form schema / export with readable labels
ri_97cf66e2c426,tally_me60Nl,q_97cf66e2c426,unreliable_or_reconstructed_question,high,Question label or answer mapping is not fully reliable.,request Tally form schema / export with readable labels
ri_3b9a60f9a5d8,tally_me60Nl,q_3b9a60f9a5d8,matrix_uuid_or_unreadable_label,high,Question/answers need original form schema before reliable metrics/clustering.,request Tally form schema / export with readable labels
ri_60c9ab14c3af,tally_me60Nl,q_60c9ab14c3af,unreliable_or_reconstructed_question,high,Question label or answer mapping is not fully reliable.,request Tally form schema / export with readable labels
ri_2cda9196c62d,tally_me60Nl,q_2cda9196c62d,matrix_uuid_or_unreadable_label,high,Question/answers need original form schema before reliable metrics/clustering.,request Tally form schema / export with readable labels
ri_c58037a3d185,tally_me60Nl,q_c58037a3d185,matrix_uuid_or_unreadable_label,high,Question/answers need original form schema before reliable metrics/clustering.,request Tally form schema / export with readable labels
ri_ba5d5b9a911f,tally_me60Nl,q_ba5d5b9a911f,matrix_uuid_or_unreadable_label,high,Question/answers need original form schema before reliable metrics/clustering.,request Tally form schema / export with readable labels
ri_c1d422bd288a,tally_me60Nl,q_c1d422bd288a,matrix_uuid_or_unreadable_label,high,Question/answers need original form schema before reliable metrics/clustering.,request Tally form schema / export with readable labels
ri_06b53d752518,tally_me60Nl,q_06b53d752518,unreliable_or_reconstructed_question,high,Question label or answer mapping is not fully reliable.,request Tally form schema / export with readable labels
ri_c566cf57ad2e,tally_me60Nl,q_c566cf57ad2e,unreliable_or_reconstructed_question,high,Question label or answer mapping is not fully reliable.,request Tally form schema / export with readable labels
ri_49432ae30d22,tally_me60Nl,q_49432ae30d22,unreliable_or_reconstructed_question,high,Question label or answer mapping is not fully reliable.,request Tally form schema / export with readable labels
ri_4f9086cb05e2,tally_me60Nl,q_4f9086cb05e2,matrix_uuid_or_unreadable_label,high,Question/answers need original form schema before reliable metrics/clustering.,request Tally form schema / export with readable labels
ri_159dbba0329b,tally_me60Nl,q_159dbba0329b,matrix_uuid_or_unreadable_label,high,Question/answers need original form schema before reliable metrics/clustering.,request Tally form schema / export with readable labels
ri_c364977a3e9e,tally_me60Nl,q_c364977a3e9e,unreliable_or_reconstructed_question,high,Question label or answer mapping is not fully reliable.,request Tally form schema / export with readable labels
ri_d93ada622e65,tally_me60Nl,q_d93ada622e65,unreliable_or_reconstructed_question,high,Question label or answer mapping is not fully reliable.,request Tally form schema / export with readable labels
ri_5be3fb3024eb,tally_me60Nl,q_5be3fb3024eb,unreliable_or_reconstructed_question,high,Question label or answer mapping is not fully reliable.,request Tally form schema / export with readable labels
ri_e16ca1c3c596,tally_me60Nl,q_e16ca1c3c596,unreliable_or_reconstructed_question,high,Question label or answer mapping is not fully reliable.,request Tally form schema / export with readable labels
ri_28f2e89e09ac,tally_me60Nl,q_28f2e89e09ac,unreliable_or_reconstructed_question,high,Question label or answer mapping is not fully reliable.,request Tally form schema / export with readable labels
ri_2b7f7098de39,tally_me60Nl,q_2b7f7098de39,unreliable_or_reconstructed_question,high,Question label or answer mapping is not fully reliable.,request Tally form schema / export with readable labels
ri_926bd70b4c31,tally_me60Nl,q_926bd70b4c31,unreliable_or_reconstructed_question,high,Question label or answer mapping is not fully reliable.,request Tally form schema / export with readable labels
ri_2aa853b4e7f4,tally_me60Nl,q_2aa853b4e7f4,unreliable_or_reconstructed_question,high,Question label or answer mapping is not fully reliable.,request Tally form schema / export with readable labels
ri_3d6ba7aaa29c,tally_me60Nl,q_3d6ba7aaa29c,unreliable_or_reconstructed_question,high,Question label or answer mapping is not fully reliable.,request Tally form schema / export with readable labels
ri_d1f180f51ac2,tally_me60Nl,q_d1f180f51ac2,unreliable_or_reconstructed_question,high,Question label or answer mapping is not fully reliable.,request Tally form schema / export with readable labels
ri_10c843c7d8a2,tally_me60Nl,q_10c843c7d8a2,unreliable_or_reconstructed_question,high,Question label or answer mapping is not fully reliable.,request Tally form schema / export with readable labels
ri_0ae71c27be70,tally_me60Nl,q_0ae71c27be70,unreliable_or_reconstructed_question,high,Question label or answer mapping is not fully reliable.,request Tally form schema / export with readable labels
ri_bcbe7fdf3a3a,tally_me60Nl,q_bcbe7fdf3a3a,unreliable_or_reconstructed_question,high,Question label or answer mapping is not fully reliable.,request Tally form schema / export with readable labels
ri_f0b47489cacd,tally_me60Nl,q_f0b47489cacd,unreliable_or_reconstructed_question,high,Question label or answer mapping is not fully reliable.,request Tally form schema / export with readable labels
ri_a621d1743141,tally_me60Nl,q_a621d1743141,unreliable_or_reconstructed_question,high,Question label or answer mapping is not fully reliable.,request Tally form schema / export with readable labels
ri_57369f4caf03,tally_w2Go1L,q_57369f4caf03,matrix_uuid_or_unreadable_label,medium,Question/answers need original form schema before reliable metrics/clustering.,request Tally form schema / export with readable labels
ri_bec2cacaae1c,tally_w2Go1L,q_bec2cacaae1c,unreliable_or_reconstructed_question,high,Question label or answer mapping is not fully reliable.,request Tally form schema / export with readable labels
ri_e4b7954f07fa,tally_31dpWg,q_e4b7954f07fa,unreliable_or_reconstructed_question,high,Question label or answer mapping is not fully reliable.,request Tally form schema / export with readable labels
ri_f7ab5b6a39f0,tally_31dpWg,q_f7ab5b6a39f0,matrix_uuid_or_unreadable_label,medium,Question/answers need original form schema before reliable metrics/clustering.,request Tally form schema / export with readable labels
ri_c5e7ed996cb5,tally_31dpWg,q_c5e7ed996cb5,matrix_uuid_or_unreadable_label,medium,Question/answers need original form schema before reliable metrics/clustering.,request Tally form schema / export with readable labels
ri_addc8e8fa565,tally_31dpWg,q_addc8e8fa565,matrix_uuid_or_unreadable_label,medium,Question/answers need original form schema before reliable metrics/clustering.,request Tally form schema / export with readable labels
ri_a8cb87de6d26,tally_31dpWg,q_a8cb87de6d26,unreliable_or_reconstructed_question,high,Question label or answer mapping is not fully reliable.,request Tally form schema / export with readable labels
ri_0a4d841bc465,tally_31dpWg,q_0a4d841bc465,matrix_uuid_or_unreadable_label,medium,Question/answers need original form schema before reliable metrics/clustering.,request Tally form schema / export with readable labels
ri_aba996e382e4,tally_31dpWg,q_aba996e382e4,matrix_uuid_or_unreadable_label,medium,Question/answers need original form schema before reliable metrics/clustering.,request Tally form schema / export with readable labels
ri_4b35fc21c651,tally_3xMKXJ,q_4b35fc21c651,unreliable_or_reconstructed_question,high,Question label or answer mapping is not fully reliable.,request Tally form schema / export with readable labels
ri_7e018087490b,tally_3xMKXJ,q_7e018087490b,unreliable_or_reconstructed_question,high,Question label or answer mapping is not fully reliable.,request Tally form schema / export with readable labels
ri_dc47a7a1b530,tally_3xMKXJ,q_dc47a7a1b530,matrix_uuid_or_unreadable_label,high,Question/answers need original form schema before reliable metrics/clustering.,request Tally form schema / export with readable labels
ri_4381fe7e52fe,tally_3xMKXJ,q_4381fe7e52fe,unreliable_or_reconstructed_question,high,Question label or answer mapping is not fully reliable.,request Tally form schema / export with readable labels
ri_677c66f12269,tally_3xMKXJ,q_677c66f12269,unreliable_or_reconstructed_question,high,Question label or answer mapping is not fully reliable.,request Tally form schema / export with readable labels
ri_84477b0a065e,tally_3xMKXJ,q_84477b0a065e,unreliable_or_reconstructed_question,high,Question label or answer mapping is not fully reliable.,request Tally form schema / export with readable labels
ri_47d20b8001d6,tally_3xMKXJ,q_47d20b8001d6,unreliable_or_reconstructed_question,high,Question label or answer mapping is not fully reliable.,request Tally form schema / export with readable labels
ri_7c6d2ab7eb24,tally_3xMKXJ,q_7c6d2ab7eb24,matrix_uuid_or_unreadable_label,medium,Question/answers need original form schema before reliable metrics/clustering.,request Tally form schema / export with readable labels
ri_3e9a77ec1606,tally_3xMKXJ,q_3e9a77ec1606,matrix_uuid_or_unreadable_label,high,Question/answers need original form schema before reliable metrics/clustering.,request Tally form schema / export with readable labels
ri_8f7eb4264dda,tally_3xMKXJ,q_8f7eb4264dda,unreliable_or_reconstructed_question,high,Question label or answer mapping is not fully reliable.,request Tally form schema / export with readable labels
ri_d5c7dbdf5074,tally_3xMKXJ,q_d5c7dbdf5074,unreliable_or_reconstructed_question,high,Question label or answer mapping is not fully reliable.,request Tally form schema / export with readable labels
ri_c9a6aa7f309f,tally_3xMKXJ,q_c9a6aa7f309f,unreliable_or_reconstructed_question,high,Question label or answer mapping is not fully reliable.,request Tally form schema / export with readable labels
ri_23aedb25a29e,tally_wgoNMD,q_23aedb25a29e,matrix_uuid_or_unreadable_label,medium,Question/answers need original form schema before reliable metrics/clustering.,request Tally form schema / export with readable labels
ri_24a256914386,tally_wgoNMD,q_24a256914386,unreliable_or_reconstructed_question,high,Question label or answer mapping is not fully reliable.,request Tally form schema / export with readable labels
ri_cb8aa7c514d1,tally_w46pbO,q_cb8aa7c514d1,matrix_uuid_or_unreadable_label,medium,Question/answers need original form schema before reliable metrics/clustering.,request Tally form schema / export with readable labels
ri_85e1e6e6d37d,tally_w46pbO,q_85e1e6e6d37d,matrix_uuid_or_unreadable_label,medium,Question/answers need original form schema before reliable metrics/clustering.,request Tally form schema / export with readable labels
ri_751190b69f1d,tally_w46pbO,q_751190b69f1d,unreliable_or_reconstructed_question,high,Question label or answer mapping is not fully reliable.,request Tally form schema / export with readable labels
ri_1fcc0c0f6a19,tally_w46pbO,q_1fcc0c0f6a19,unreliable_or_reconstructed_question,high,Question label or answer mapping is not fully reliable.,request Tally form schema / export with readable labels
ri_f569b50db17c,tally_w46pbO,q_f569b50db17c,unreliable_or_reconstructed_question,high,Question label or answer mapping is not fully reliable.,request Tally form schema / export with readable labels
ri_64bef27df280,tally_w46pbO,q_64bef27df280,unreliable_or_reconstructed_question,high,Question label or answer mapping is not fully reliable.,request Tally form schema / export with readable labels
ri_f870e20a88e3,tally_w46pbO,q_f870e20a88e3,unreliable_or_reconstructed_question,high,Question label or answer mapping is not fully reliable.,request Tally form schema / export with readable labels
ri_a8ba23d67628,tally_w46pbO,q_a8ba23d67628,unreliable_or_reconstructed_question,high,Question label or answer mapping is not fully reliable.,request Tally form schema / export with readable labels
ri_ec031bab7eac,tally_w46pbO,q_ec031bab7eac,unreliable_or_reconstructed_question,high,Question label or answer mapping is not fully reliable.,request Tally form schema / export with readable labels
ri_fa9b39bb1145,tally_w46pbO,q_fa9b39bb1145,unreliable_or_reconstructed_question,high,Question label or answer mapping is not fully reliable.,request Tally form schema / export with readable labels
ri_bf16aa3a30a2,tally_w46pbO,q_bf16aa3a30a2,unreliable_or_reconstructed_question,high,Question label or answer mapping is not fully reliable.,request Tally form schema / export with readable labels
ri_a6fcc685f1e6,tally_w46pbO,q_a6fcc685f1e6,unreliable_or_reconstructed_question,high,Question label or answer mapping is not fully reliable.,request Tally form schema / export with readable labels
ri_9fa65f9b770f,tally_w46pbO,q_9fa65f9b770f,unreliable_or_reconstructed_question,high,Question label or answer mapping is not fully reliable.,request Tally form schema / export with readable labels
ri_77f9a8c4cb75,tally_w46pbO,q_77f9a8c4cb75,unreliable_or_reconstructed_question,high,Question label or answer mapping is not fully reliable.,request Tally form schema / export with readable labels
ri_6056da33352d,tally_nrxkLp,q_6056da33352d,matrix_uuid_or_unreadable_label,medium,Question/answers need original form schema before reliable metrics/clustering.,request Tally form schema / export with readable labels
ri_9ac3d6f0b35f,tally_nrxkLp,q_9ac3d6f0b35f,matrix_uuid_or_unreadable_label,medium,Question/answers need original form schema before reliable metrics/clustering.,request Tally form schema / export with readable labels
ri_b1cd0cdcea52,tally_nrxkLp,q_b1cd0cdcea52,matrix_uuid_or_unreadable_label,medium,Question/answers need original form schema before reliable metrics/clustering.,request Tally form schema / export with readable labels
ri_9ffb60555b83,tally_mOXMkY,q_9ffb60555b83,unreliable_or_reconstructed_question,high,Question label or answer mapping is not fully reliable.,request Tally form schema / export with readable labels
ri_25f7e0936155,tally_mOXMkY,q_25f7e0936155,unreliable_or_reconstructed_question,high,Question label or answer mapping is not fully reliable.,request Tally form schema / export with readable labels
ri_b1c96f77882f,tally_mOXMkY,q_b1c96f77882f,matrix_uuid_or_unreadable_label,medium,Question/answers need original form schema before reliable metrics/clustering.,request Tally form schema / export with readable labels
ri_f4fe77a8f54c,tally_mOXMkY,q_f4fe77a8f54c,matrix_uuid_or_unreadable_label,medium,Question/answers need original form schema before reliable metrics/clustering.,request Tally form schema / export with readable labels
ri_1374b14701fc,tally_mOXMkY,q_1374b14701fc,matrix_uuid_or_unreadable_label,medium,Question/answers need original form schema before reliable metrics/clustering.,request Tally form schema / export with readable labels
ri_20b2c2ba5a75,tally_mOXMkY,q_20b2c2ba5a75,matrix_uuid_or_unreadable_label,medium,Question/answers need original form schema before reliable metrics/clustering.,request Tally form schema / export with readable labels
ri_fc3d9a11b783,tally_mOXMkY,q_fc3d9a11b783,unreliable_or_reconstructed_question,high,Question label or answer mapping is not fully reliable.,request Tally form schema / export with readable labels
ri_a7050f9d1ab6,tally_mOXMkY,q_a7050f9d1ab6,unreliable_or_reconstructed_question,high,Question label or answer mapping is not fully reliable.,request Tally form schema / export with readable labels
ri_c68759cf7e0c,tally_mOXMkY,q_c68759cf7e0c,matrix_uuid_or_unreadable_label,medium,Question/answers need original form schema before reliable metrics/clustering.,request Tally form schema / export with readable labels
ri_615b617bbe20,tally_mOXMkY,q_615b617bbe20,unreliable_or_reconstructed_question,high,Question label or answer mapping is not fully reliable.,request Tally form schema / export with readable labels
ri_21b4e53bce7f,tally_nrOG9R,q_21b4e53bce7f,unreliable_or_reconstructed_question,high,Question label or answer mapping is not fully reliable.,request Tally form schema / export with readable labels
ri_c8200322f5cc,tally_nrOG9R,q_c8200322f5cc,unreliable_or_reconstructed_question,high,Question label or answer mapping is not fully reliable.,request Tally form schema / export with readable labels
ri_429ecd0a1bc1,tally_nrOG9R,q_429ecd0a1bc1,matrix_uuid_or_unreadable_label,high,Question/answers need original form schema before reliable metrics/clustering.,request Tally form schema / export with readable labels
ri_f7969f26aa01,tally_nrOG9R,q_f7969f26aa01,unreliable_or_reconstructed_question,high,Question label or answer mapping is not fully reliable.,request Tally form schema / export with readable labels
ri_d8d847d8e8ef,tally_nrOG9R,q_d8d847d8e8ef,unreliable_or_reconstructed_question,high,Question label or answer mapping is not fully reliable.,request Tally form schema / export with readable labels
ri_e3dadedf9850,tally_nrOG9R,q_e3dadedf9850,matrix_uuid_or_unreadable_label,high,Question/answers need original form schema before reliable metrics/clustering.,request Tally form schema / export with readable labels
ri_7fdd84f77cf8,tally_nrOG9R,q_7fdd84f77cf8,unreliable_or_reconstructed_question,high,Question label or answer mapping is not fully reliable.,request Tally form schema / export with readable labels
ri_6bb8e6b8608d,tally_nrOG9R,q_6bb8e6b8608d,unreliable_or_reconstructed_question,high,Question label or answer mapping is not fully reliable.,request Tally form schema / export with readable labels
ri_9f14a9883784,tally_nrOG9R,q_9f14a9883784,matrix_uuid_or_unreadable_label,medium,Question/answers need original form schema before reliable metrics/clustering.,request Tally form schema / export with readable labels
ri_c17725984f19,tally_w2Q0b9,q_c17725984f19,matrix_uuid_or_unreadable_label,medium,Question/answers need original form schema before reliable metrics/clustering.,request Tally form schema / export with readable labels
ri_02b756e2d9e3,tally_w4jl05,q_02b756e2d9e3,unreliable_or_reconstructed_question,high,Question label or answer mapping is not fully reliable.,request Tally form schema / export with readable labels
ri_7f80f9c0f2ba,tally_w4jl05,q_7f80f9c0f2ba,unreliable_or_reconstructed_question,high,Question label or answer mapping is not fully reliable.,request Tally form schema / export with readable labels
ri_c7d62a08bfec,tally_w4jl05,q_c7d62a08bfec,matrix_uuid_or_unreadable_label,medium,Question/answers need original form schema before reliable metrics/clustering.,request Tally form schema / export with readable labels
ri_dbddd019db25,tally_w4jl05,q_dbddd019db25,matrix_uuid_or_unreadable_label,medium,Question/answers need original form schema before reliable metrics/clustering.,request Tally form schema / export with readable labels
ri_565cc8f22c90,tally_w4jl05,q_565cc8f22c90,unreliable_or_reconstructed_question,high,Question label or answer mapping is not fully reliable.,request Tally form schema / export with readable labels
ri_e6906e120fb7,tally_meaMNl,q_e6906e120fb7,unreliable_or_reconstructed_question,high,Question label or answer mapping is not fully reliable.,request Tally form schema / export with readable labels
ri_4ce1a8167bbd,tally_meaMNl,q_4ce1a8167bbd,unreliable_or_reconstructed_question,high,Question label or answer mapping is not fully reliable.,request Tally form schema / export with readable labels
ri_ef5bad7fd2a8,tally_meaMNl,q_ef5bad7fd2a8,unreliable_or_reconstructed_question,high,Question label or answer mapping is not fully reliable.,request Tally form schema / export with readable labels
ri_255becdc9f3d,tally_meaMNl,q_255becdc9f3d,matrix_uuid_or_unreadable_label,medium,Question/answers need original form schema before reliable metrics/clustering.,request Tally form schema / export with readable labels
ri_f091f1c4e4da,tally_meaMNl,q_f091f1c4e4da,matrix_uuid_or_unreadable_label,medium,Question/answers need original form schema before reliable metrics/clustering.,request Tally form schema / export with readable labels
ri_be56ce99a7db,tally_meaMNl,q_be56ce99a7db,unreliable_or_reconstructed_question,high,Question label or answer mapping is not fully reliable.,request Tally form schema / export with readable labels
ri_4f6e97a849ad,tally_meaMNl,q_4f6e97a849ad,unreliable_or_reconstructed_question,high,Question label or answer mapping is not fully reliable.,request Tally form schema / export with readable labels
ri_e6d6c1d23287,tally_meaMNl,q_e6d6c1d23287,unreliable_or_reconstructed_question,high,Question label or answer mapping is not fully reliable.,request Tally form schema / export with readable labels
ri_1024272e6907,tally_meaMNl,q_1024272e6907,unreliable_or_reconstructed_question,high,Question label or answer mapping is not fully reliable.,request Tally form schema / export with readable labels
ri_1b4edfccc26b,tally_meaMNl,q_1b4edfccc26b,unreliable_or_reconstructed_question,high,Question label or answer mapping is not fully reliable.,request Tally form schema / export with readable labels
ri_199cdab0c086,tally_meaMNl,q_199cdab0c086,unreliable_or_reconstructed_question,high,Question label or answer mapping is not fully reliable.,request Tally form schema / export with readable labels
ri_e9e5e6a80b3b,tally_meaMNl,q_e9e5e6a80b3b,unreliable_or_reconstructed_question,high,Question label or answer mapping is not fully reliable.,request Tally form schema / export with readable labels
ri_20917ed5eacb,tally_meaMNl,q_20917ed5eacb,unreliable_or_reconstructed_question,high,Question label or answer mapping is not fully reliable.,request Tally form schema / export with readable labels
ri_de30820634dd,tally_meaMNl,q_de30820634dd,unreliable_or_reconstructed_question,high,Question label or answer mapping is not fully reliable.,request Tally form schema / export with readable labels
ri_118c0a3b6978,tally_meaMNl,q_118c0a3b6978,unreliable_or_reconstructed_question,high,Question label or answer mapping is not fully reliable.,request Tally form schema / export with readable labels
ri_d233454750b6,tally_meaMNl,q_d233454750b6,unreliable_or_reconstructed_question,high,Question label or answer mapping is not fully reliable.,request Tally form schema / export with readable labels
ri_215761d9fdb5,tally_meaMNl,q_215761d9fdb5,unreliable_or_reconstructed_question,high,Question label or answer mapping is not fully reliable.,request Tally form schema / export with readable labels
ri_7582ec496157,tally_meaMNl,q_7582ec496157,matrix_uuid_or_unreadable_label,medium,Question/answers need original form schema before reliable metrics/clustering.,request Tally form schema / export with readable labels
ri_c2ca9d54498f,tally_meaMNl,q_c2ca9d54498f,unreliable_or_reconstructed_question,high,Question label or answer mapping is not fully reliable.,request Tally form schema / export with readable labels
ri_da328f024c66,tally_meaMNl,q_da328f024c66,unreliable_or_reconstructed_question,high,Question label or answer mapping is not fully reliable.,request Tally form schema / export with readable labels
ri_fe74cfd3334e,tally_3j1bra,q_fe74cfd3334e,unreliable_or_reconstructed_question,high,Question label or answer mapping is not fully reliable.,request Tally form schema / export with readable labels
ri_44e3fc0725f5,tally_3j1bra,q_44e3fc0725f5,unreliable_or_reconstructed_question,high,Question label or answer mapping is not fully reliable.,request Tally form schema / export with readable labels
ri_d5424fc9470f,tally_3j1bra,q_d5424fc9470f,unreliable_or_reconstructed_question,high,Question label or answer mapping is not fully reliable.,request Tally form schema / export with readable labels
ri_3df03b30f578,tally_3j1bra,q_3df03b30f578,unreliable_or_reconstructed_question,high,Question label or answer mapping is not fully reliable.,request Tally form schema / export with readable labels
ri_96b6f3bc936b,tally_3j1bra,q_96b6f3bc936b,unreliable_or_reconstructed_question,high,Question label or answer mapping is not fully reliable.,request Tally form schema / export with readable labels
ri_852d8cf7030c,tally_3j1bra,q_852d8cf7030c,unreliable_or_reconstructed_question,high,Question label or answer mapping is not fully reliable.,request Tally form schema / export with readable labels
ri_5e6f4ee04539,tally_3j1bra,q_5e6f4ee04539,matrix_uuid_or_unreadable_label,medium,Question/answers need original form schema before reliable metrics/clustering.,request Tally form schema / export with readable labels
ri_07b4f42d7044,tally_3j1bra,q_07b4f42d7044,unreliable_or_reconstructed_question,high,Question label or answer mapping is not fully reliable.,request Tally form schema / export with readable labels
ri_460e67c37cea,tally_3j1bra,q_460e67c37cea,unreliable_or_reconstructed_question,high,Question label or answer mapping is not fully reliable.,request Tally form schema / export with readable labels
ri_384c1013823d,tally_3j1bra,q_384c1013823d,unreliable_or_reconstructed_question,high,Question label or answer mapping is not fully reliable.,request Tally form schema / export with readable labels
ri_9849763259d6,tally_3j1bra,q_9849763259d6,unreliable_or_reconstructed_question,high,Question label or answer mapping is not fully reliable.,request Tally form schema / export with readable labels
ri_a322a7be940d,tally_3j1bra,q_a322a7be940d,unreliable_or_reconstructed_question,high,Question label or answer mapping is not fully reliable.,request Tally form schema / export with readable labels
ri_f0aca0458a8c,tally_3j1bra,q_f0aca0458a8c,unreliable_or_reconstructed_question,high,Question label or answer mapping is not fully reliable.,request Tally form schema / export with readable labels
ri_337c4c4d7c20,tally_mYZDvN,q_337c4c4d7c20,unreliable_or_reconstructed_question,high,Question label or answer mapping is not fully reliable.,request Tally form schema / export with readable labels
ri_bdca1f300604,tally_mYZDvN,q_bdca1f300604,matrix_uuid_or_unreadable_label,medium,Question/answers need original form schema before reliable metrics/clustering.,request Tally form schema / export with readable labels
ri_df1df06e384e,tally_mYZDvN,q_df1df06e384e,matrix_uuid_or_unreadable_label,medium,Question/answers need original form schema before reliable metrics/clustering.,request Tally form schema / export with readable labels
ri_e540ecce1af2,tally_mYZDvN,q_e540ecce1af2,matrix_uuid_or_unreadable_label,medium,Question/answers need original form schema before reliable metrics/clustering.,request Tally form schema / export with readable labels
ri_5789b38e8fe2,tally_mYZDvN,q_5789b38e8fe2,matrix_uuid_or_unreadable_label,medium,Question/answers need original form schema before reliable metrics/clustering.,request Tally form schema / export with readable labels
ri_32971ccc24fb,tally_mYZDvN,q_32971ccc24fb,matrix_uuid_or_unreadable_label,medium,Question/answers need original form schema before reliable metrics/clustering.,request Tally form schema / export with readable labels
ri_2e792b2c2512,tally_mYZDvN,q_2e792b2c2512,matrix_uuid_or_unreadable_label,medium,Question/answers need original form schema before reliable metrics/clustering.,request Tally form schema / export with readable labels
ri_dee32221dce3,tally_mYZDvN,q_dee32221dce3,matrix_uuid_or_unreadable_label,medium,Question/answers need original form schema before reliable metrics/clustering.,request Tally form schema / export with readable labels
ri_d8c9b0761b88,tally_mYZDvN,q_d8c9b0761b88,matrix_uuid_or_unreadable_label,medium,Question/answers need original form schema before reliable metrics/clustering.,request Tally form schema / export with readable labels
ri_0c2c5b2bd7be,tally_mYZDvN,q_0c2c5b2bd7be,matrix_uuid_or_unreadable_label,medium,Question/answers need original form schema before reliable metrics/clustering.,request Tally form schema / export with readable labels
ri_5454b3df45e9,tally_mYZDvN,q_5454b3df45e9,matrix_uuid_or_unreadable_label,medium,Question/answers need original form schema before reliable metrics/clustering.,request Tally form schema / export with readable labels
ri_e86fa29e9828,tally_mYZDvN,q_e86fa29e9828,matrix_uuid_or_unreadable_label,medium,Question/answers need original form schema before reliable metrics/clustering.,request Tally form schema / export with readable labels
ri_023d5c546d4a,tally_mYZDvN,q_023d5c546d4a,matrix_uuid_or_unreadable_label,medium,Question/answers need original form schema before reliable metrics/clustering.,request Tally form schema / export with readable labels
ri_0b1a62ea8a1e,tally_mYZDvN,q_0b1a62ea8a1e,matrix_uuid_or_unreadable_label,medium,Question/answers need original form schema before reliable metrics/clustering.,request Tally form schema / export with readable labels
ri_c305db36306b,tally_mYZDvN,q_c305db36306b,matrix_uuid_or_unreadable_label,medium,Question/answers need original form schema before reliable metrics/clustering.,request Tally form schema / export with readable labels
ri_f047a1558ccc,tally_3XDlbe,q_f047a1558ccc,matrix_uuid_or_unreadable_label,medium,Question/answers need original form schema before reliable metrics/clustering.,request Tally form schema / export with readable labels
ri_a906a74e3484,tally_nP6Jkx,q_a906a74e3484,matrix_uuid_or_unreadable_label,medium,Question/answers need original form schema before reliable metrics/clustering.,request Tally form schema / export with readable labels
ri_b04e923eb137,tally_nP6Jkx,q_b04e923eb137,matrix_uuid_or_unreadable_label,medium,Question/answers need original form schema before reliable metrics/clustering.,request Tally form schema / export with readable labels
ri_3d3f9687f4ae,tally_nP6Jkx,q_3d3f9687f4ae,matrix_uuid_or_unreadable_label,medium,Question/answers need original form schema before reliable metrics/clustering.,request Tally form schema / export with readable labels
ri_62ce3ddc73ad,tally_nP6Jkx,q_62ce3ddc73ad,matrix_uuid_or_unreadable_label,medium,Question/answers need original form schema before reliable metrics/clustering.,request Tally form schema / export with readable labels
ri_91e7e570244d,tally_nP6Jkx,q_91e7e570244d,matrix_uuid_or_unreadable_label,medium,Question/answers need original form schema before reliable metrics/clustering.,request Tally form schema / export with readable labels
ri_c25e2431eb7c,tally_nP6Jkx,q_c25e2431eb7c,matrix_uuid_or_unreadable_label,medium,Question/answers need original form schema before reliable metrics/clustering.,request Tally form schema / export with readable labels
ri_3b369084f944,tally_nP6Jkx,q_3b369084f944,matrix_uuid_or_unreadable_label,medium,Question/answers need original form schema before reliable metrics/clustering.,request Tally form schema / export with readable labels
ri_c1b5e2dd6233,tally_nP6Jkx,q_c1b5e2dd6233,matrix_uuid_or_unreadable_label,medium,Question/answers need original form schema before reliable metrics/clustering.,request Tally form schema / export with readable labels
ri_841492cc84df,tally_nP6Jkx,q_841492cc84df,unreliable_or_reconstructed_question,high,Question label or answer mapping is not fully reliable.,request Tally form schema / export with readable labels
ri_3a86480a4423,tally_nP6Jkx,q_3a86480a4423,matrix_uuid_or_unreadable_label,medium,Question/answers need original form schema before reliable metrics/clustering.,request Tally form schema / export with readable labels
ri_1bb77b3aae53,tally_nP6Jkx,q_1bb77b3aae53,matrix_uuid_or_unreadable_label,medium,Question/answers need original form schema before reliable metrics/clustering.,request Tally form schema / export with readable labels
ri_679c014b9bbe,tally_nP6Jkx,q_679c014b9bbe,matrix_uuid_or_unreadable_label,medium,Question/answers need original form schema before reliable metrics/clustering.,request Tally form schema / export with readable labels
ri_573cbae75143,tally_wADybN,q_573cbae75143,matrix_uuid_or_unreadable_label,medium,Question/answers need original form schema before reliable metrics/clustering.,request Tally form schema / export with readable labels
ri_657527a48abf,tally_wADybN,q_657527a48abf,matrix_uuid_or_unreadable_label,medium,Question/answers need original form schema before reliable metrics/clustering.,request Tally form schema / export with readable labels
ri_fa2972808973,tally_wADybN,q_fa2972808973,matrix_uuid_or_unreadable_label,medium,Question/answers need original form schema before reliable metrics/clustering.,request Tally form schema / export with readable labels
ri_775e65b9d181,tally_wADybN,q_775e65b9d181,matrix_uuid_or_unreadable_label,medium,Question/answers need original form schema before reliable metrics/clustering.,request Tally form schema / export with readable labels
ri_afd1482432e6,tally_wADybN,q_afd1482432e6,matrix_uuid_or_unreadable_label,medium,Question/answers need original form schema before reliable metrics/clustering.,request Tally form schema / export with readable labels
ri_78e1834a1dc0,tally_wADybN,q_78e1834a1dc0,matrix_uuid_or_unreadable_label,medium,Question/answers need original form schema before reliable metrics/clustering.,request Tally form schema / export with readable labels
ri_3c36a61d6d2e,tally_wkYYpR,q_3c36a61d6d2e,unreliable_or_reconstructed_question,high,Question label or answer mapping is not fully reliable.,request Tally form schema / export with readable labels
ri_bc54804ef470,tally_wkYYpR,q_bc54804ef470,matrix_uuid_or_unreadable_label,medium,Question/answers need original form schema before reliable metrics/clustering.,request Tally form schema / export with readable labels
ri_0d284be22bd7,tally_wkYYpR,q_0d284be22bd7,unreliable_or_reconstructed_question,high,Question label or answer mapping is not fully reliable.,request Tally form schema / export with readable labels
ri_4cdbf249035f,tally_wkYYpR,q_4cdbf249035f,unreliable_or_reconstructed_question,high,Question label or answer mapping is not fully reliable.,request Tally form schema / export with readable labels
ri_206c7bf4ce6c,tally_wkYYpR,q_206c7bf4ce6c,unreliable_or_reconstructed_question,high,Question label or answer mapping is not fully reliable.,request Tally form schema / export with readable labels
ri_3dc5691700d9,tally_wkYYpR,q_3dc5691700d9,unreliable_or_reconstructed_question,high,Question label or answer mapping is not fully reliable.,request Tally form schema / export with readable labels
ri_bb5f0fa3cbf2,tally_wkYYpR,q_bb5f0fa3cbf2,unreliable_or_reconstructed_question,high,Question label or answer mapping is not fully reliable.,request Tally form schema / export with readable labels
ri_1ad6f7297b15,tally_wkYYpR,q_1ad6f7297b15,unreliable_or_reconstructed_question,high,Question label or answer mapping is not fully reliable.,request Tally form schema / export with readable labels
ri_fd02c8b4de7c,tally_wkYYpR,q_fd02c8b4de7c,unreliable_or_reconstructed_question,high,Question label or answer mapping is not fully reliable.,request Tally form schema / export with readable labels
ri_cfbd4a0046fd,tally_wkYYpR,q_cfbd4a0046fd,unreliable_or_reconstructed_question,high,Question label or answer mapping is not fully reliable.,request Tally form schema / export with readable labels
ri_f124c5f9a31a,tally_wkYYpR,q_f124c5f9a31a,unreliable_or_reconstructed_question,high,Question label or answer mapping is not fully reliable.,request Tally form schema / export with readable labels
ri_f38429f2419f,tally_wkYYpR,q_f38429f2419f,unreliable_or_reconstructed_question,high,Question label or answer mapping is not fully reliable.,request Tally form schema / export with readable labels
ri_8c350f60068d,tally_wkYYpR,q_8c350f60068d,unreliable_or_reconstructed_question,high,Question label or answer mapping is not fully reliable.,request Tally form schema / export with readable labels
ri_2a4de7e1d02e,tally_wkYYpR,q_2a4de7e1d02e,unreliable_or_reconstructed_question,high,Question label or answer mapping is not fully reliable.,request Tally form schema / export with readable labels
ri_b6e02f3bce58,tally_wkYYpR,q_b6e02f3bce58,unreliable_or_reconstructed_question,high,Question label or answer mapping is not fully reliable.,request Tally form schema / export with readable labels
ri_4ca485afc1a2,tally_wkYYpR,q_4ca485afc1a2,unreliable_or_reconstructed_question,high,Question label or answer mapping is not fully reliable.,request Tally form schema / export with readable labels
ri_189dd727a04f,tally_wkYYpR,q_189dd727a04f,unreliable_or_reconstructed_question,high,Question label or answer mapping is not fully reliable.,request Tally form schema / export with readable labels
ri_a2e8e112ca7c,tally_wkYYpR,q_a2e8e112ca7c,unreliable_or_reconstructed_question,high,Question label or answer mapping is not fully reliable.,request Tally form schema / export with readable labels
ri_46df7ab50ea1,tally_wkYYpR,q_46df7ab50ea1,unreliable_or_reconstructed_question,high,Question label or answer mapping is not fully reliable.,request Tally form schema / export with readable labels
ri_23ef9ab7c0d3,tally_wkYYpR,q_23ef9ab7c0d3,unreliable_or_reconstructed_question,high,Question label or answer mapping is not fully reliable.,request Tally form schema / export with readable labels
ri_d7c2afd87513,tally_wkYYpR,q_d7c2afd87513,unreliable_or_reconstructed_question,high,Question label or answer mapping is not fully reliable.,request Tally form schema / export with readable labels
ri_ddb5be98ac02,tally_wkYYpR,q_ddb5be98ac02,unreliable_or_reconstructed_question,high,Question label or answer mapping is not fully reliable.,request Tally form schema / export with readable labels
ri_e8778a1ae628,tally_wkYYpR,q_e8778a1ae628,unreliable_or_reconstructed_question,high,Question label or answer mapping is not fully reliable.,request Tally form schema / export with readable labels
ri_88e2ac1f87b6,tally_wkYYpR,q_88e2ac1f87b6,unreliable_or_reconstructed_question,high,Question label or answer mapping is not fully reliable.,request Tally form schema / export with readable labels
ri_61eb0f9a7b5c,tally_wkYYpR,q_61eb0f9a7b5c,unreliable_or_reconstructed_question,high,Question label or answer mapping is not fully reliable.,request Tally form schema / export with readable labels
ri_505bc9b03238,tally_wkYYpR,q_505bc9b03238,unreliable_or_reconstructed_question,high,Question label or answer mapping is not fully reliable.,request Tally form schema / export with readable labels
ri_079b7eb7ab43,tally_wkYYpR,q_079b7eb7ab43,unreliable_or_reconstructed_question,high,Question label or answer mapping is not fully reliable.,request Tally form schema / export with readable labels
ri_88180bb592c0,tally_wkYYpR,q_88180bb592c0,unreliable_or_reconstructed_question,high,Question label or answer mapping is not fully reliable.,request Tally form schema / export with readable labels
ri_478dd4840600,tally_wkYYpR,q_478dd4840600,unreliable_or_reconstructed_question,high,Question label or answer mapping is not fully reliable.,request Tally form schema / export with readable labels
ri_970e2f98e4b6,tally_wkYYpR,q_970e2f98e4b6,unreliable_or_reconstructed_question,high,Question label or answer mapping is not fully reliable.,request Tally form schema / export with readable labels
ri_4530098b45df,tally_wkYYpR,q_4530098b45df,unreliable_or_reconstructed_question,high,Question label or answer mapping is not fully reliable.,request Tally form schema / export with readable labels
ri_ccd54f92a769,tally_wkYYpR,q_ccd54f92a769,unreliable_or_reconstructed_question,high,Question label or answer mapping is not fully reliable.,request Tally form schema / export with readable labels
ri_72576cd226ce,tally_wkYYpR,q_72576cd226ce,unreliable_or_reconstructed_question,high,Question label or answer mapping is not fully reliable.,request Tally form schema / export with readable labels
ri_77331eec5383,tally_wkYYpR,q_77331eec5383,unreliable_or_reconstructed_question,high,Question label or answer mapping is not fully reliable.,request Tally form schema / export with readable labels
ri_2922504077ec,tally_wkYYpR,q_2922504077ec,unreliable_or_reconstructed_question,high,Question label or answer mapping is not fully reliable.,request Tally form schema / export with readable labels
ri_8caca327a5fc,tally_wkYYpR,q_8caca327a5fc,unreliable_or_reconstructed_question,high,Question label or answer mapping is not fully reliable.,request Tally form schema / export with readable labels
ri_08ff08c93b7b,tally_wkYYpR,q_08ff08c93b7b,unreliable_or_reconstructed_question,high,Question label or answer mapping is not fully reliable.,request Tally form schema / export with readable labels
ri_41efbf4a79b4,tally_wkYYpR,q_41efbf4a79b4,unreliable_or_reconstructed_question,high,Question label or answer mapping is not fully reliable.,request Tally form schema / export with readable labels
ri_e5c3e2715368,tally_wkYYpR,q_e5c3e2715368,unreliable_or_reconstructed_question,high,Question label or answer mapping is not fully reliable.,request Tally form schema / export with readable labels
ri_55619baa314b,tally_wkYYpR,q_55619baa314b,unreliable_or_reconstructed_question,high,Question label or answer mapping is not fully reliable.,request Tally form schema / export with readable labels
ri_5f8e718768af,tally_wkYYpR,q_5f8e718768af,unreliable_or_reconstructed_question,high,Question label or answer mapping is not fully reliable.,request Tally form schema / export with readable labels
ri_2b0f0c9704f3,tally_wkYYpR,q_2b0f0c9704f3,unreliable_or_reconstructed_question,high,Question label or answer mapping is not fully reliable.,request Tally form schema / export with readable labels
ri_3f2abf96d457,tally_wkYYpR,q_3f2abf96d457,unreliable_or_reconstructed_question,high,Question label or answer mapping is not fully reliable.,request Tally form schema / export with readable labels
ri_c4e04009c94f,tally_wkYYpR,q_c4e04009c94f,unreliable_or_reconstructed_question,high,Question label or answer mapping is not fully reliable.,request Tally form schema / export with readable labels
ri_e5adee550509,tally_wkYYpR,q_e5adee550509,unreliable_or_reconstructed_question,high,Question label or answer mapping is not fully reliable.,request Tally form schema / export with readable labels
ri_3beae52e8ebf,tally_wkYYpR,q_3beae52e8ebf,unreliable_or_reconstructed_question,high,Question label or answer mapping is not fully reliable.,request Tally form schema / export with readable labels
ri_45e5e67eb8f2,tally_wkYYpR,q_45e5e67eb8f2,unreliable_or_reconstructed_question,high,Question label or answer mapping is not fully reliable.,request Tally form schema / export with readable labels
ri_225951910346,tally_wkYYpR,q_225951910346,unreliable_or_reconstructed_question,high,Question label or answer mapping is not fully reliable.,request Tally form schema / export with readable labels
ri_7474e828dd06,tally_wkYYpR,q_7474e828dd06,unreliable_or_reconstructed_question,high,Question label or answer mapping is not fully reliable.,request Tally form schema / export with readable labels
ri_78d3df888ac6,tally_wkYYpR,q_78d3df888ac6,unreliable_or_reconstructed_question,high,Question label or answer mapping is not fully reliable.,request Tally form schema / export with readable labels
ri_ed39e98cbc47,tally_wkYYpR,q_ed39e98cbc47,unreliable_or_reconstructed_question,high,Question label or answer mapping is not fully reliable.,request Tally form schema / export with readable labels
ri_b3f382dc7c7c,tally_wkYYpR,q_b3f382dc7c7c,matrix_uuid_or_unreadable_label,medium,Question/answers need original form schema before reliable metrics/clustering.,request Tally form schema / export with readable labels
ri_adaed09266cf,tally_wkYYpR,q_adaed09266cf,unreliable_or_reconstructed_question,high,Question label or answer mapping is not fully reliable.,request Tally form schema / export with readable labels
ri_3dbc1e84e1fd,tally_wkYYpR,q_3dbc1e84e1fd,unreliable_or_reconstructed_question,high,Question label or answer mapping is not fully reliable.,request Tally form schema / export with readable labels
ri_c50970a45700,tally_31egdp,q_c50970a45700,matrix_uuid_or_unreadable_label,medium,Question/answers need original form schema before reliable metrics/clustering.,request Tally form schema / export with readable labels
ri_3e737c268c73,tally_31egdp,q_3e737c268c73,matrix_uuid_or_unreadable_label,medium,Question/answers need original form schema before reliable metrics/clustering.,request Tally form schema / export with readable labels
ri_3b73424610ab,tally_31egdp,q_3b73424610ab,unreliable_or_reconstructed_question,high,Question label or answer mapping is not fully reliable.,request Tally form schema / export with readable labels
ri_8bf9561cf2cd,tally_31egdp,q_8bf9561cf2cd,unreliable_or_reconstructed_question,high,Question label or answer mapping is not fully reliable.,request Tally form schema / export with readable labels
ri_0ebc62014ed8,tally_31egdp,q_0ebc62014ed8,unreliable_or_reconstructed_question,high,Question label or answer mapping is not fully reliable.,request Tally form schema / export with readable labels
ri_d79528345edc,tally_31egdp,q_d79528345edc,unreliable_or_reconstructed_question,high,Question label or answer mapping is not fully reliable.,request Tally form schema / export with readable labels
ri_16511a63ab3d,tally_31egdp,q_16511a63ab3d,unreliable_or_reconstructed_question,high,Question label or answer mapping is not fully reliable.,request Tally form schema / export with readable labels
ri_39fa99ba6f3a,tally_31egdp,q_39fa99ba6f3a,unreliable_or_reconstructed_question,high,Question label or answer mapping is not fully reliable.,request Tally form schema / export with readable labels
ri_52a22902ffcb,tally_31egdp,q_52a22902ffcb,unreliable_or_reconstructed_question,high,Question label or answer mapping is not fully reliable.,request Tally form schema / export with readable labels
ri_8e20694c3847,tally_31egdp,q_8e20694c3847,unreliable_or_reconstructed_question,high,Question label or answer mapping is not fully reliable.,request Tally form schema / export with readable labels
ri_65687b2e8419,tally_3ENlQo,q_65687b2e8419,matrix_uuid_or_unreadable_label,medium,Question/answers need original form schema before reliable metrics/clustering.,request Tally form schema / export with readable labels
ri_ac3b9e2567a9,tally_3ENlQo,q_ac3b9e2567a9,unreliable_or_reconstructed_question,high,Question label or answer mapping is not fully reliable.,request Tally form schema / export with readable labels
ri_ab84b3c5207a,tally_3ENlQo,q_ab84b3c5207a,matrix_uuid_or_unreadable_label,medium,Question/answers need original form schema before reliable metrics/clustering.,request Tally form schema / export with readable labels
ri_ff306bd145c1,tally_3ENlQo,q_ff306bd145c1,matrix_uuid_or_unreadable_label,medium,Question/answers need original form schema before reliable metrics/clustering.,request Tally form schema / export with readable labels
ri_882189bdeb2f,tally_3ENlQo,q_882189bdeb2f,unreliable_or_reconstructed_question,high,Question label or answer mapping is not fully reliable.,request Tally form schema / export with readable labels
ri_5fbe84f81194,tally_3ENlQo,q_5fbe84f81194,unreliable_or_reconstructed_question,high,Question label or answer mapping is not fully reliable.,request Tally form schema / export with readable labels
ri_03238e16b654,tally_3ENlQo,q_03238e16b654,unreliable_or_reconstructed_question,high,Question label or answer mapping is not fully reliable.,request Tally form schema / export with readable labels
ri_0d043fc5f35c,tally_mBBxqQ,q_0d043fc5f35c,matrix_uuid_or_unreadable_label,medium,Question/answers need original form schema before reliable metrics/clustering.,request Tally form schema / export with readable labels
ri_b8254c213f54,tally_mBBxqQ,q_b8254c213f54,matrix_uuid_or_unreadable_label,medium,Question/answers need original form schema before reliable metrics/clustering.,request Tally form schema / export with readable labels
ri_f3928e11aa43,tally_mBBxqQ,q_f3928e11aa43,matrix_uuid_or_unreadable_label,medium,Question/answers need original form schema before reliable metrics/clustering.,request Tally form schema / export with readable labels
ri_33b9afa49d65,tally_mBBxqQ,q_33b9afa49d65,matrix_uuid_or_unreadable_label,medium,Question/answers need original form schema before reliable metrics/clustering.,request Tally form schema / export with readable labels
ri_5c5bfd1c8649,tally_mBBxqQ,q_5c5bfd1c8649,matrix_uuid_or_unreadable_label,medium,Question/answers need original form schema before reliable metrics/clustering.,request Tally form schema / export with readable labels
ri_d6b28cf3be62,tally_mBBxqQ,q_d6b28cf3be62,matrix_uuid_or_unreadable_label,medium,Question/answers need original form schema before reliable metrics/clustering.,request Tally form schema / export with readable labels
ri_688ef5a4e0a1,tally_mBBxqQ,q_688ef5a4e0a1,matrix_uuid_or_unreadable_label,medium,Question/answers need original form schema before reliable metrics/clustering.,request Tally form schema / export with readable labels
ri_829770be9f93,tally_mBBxqQ,q_829770be9f93,matrix_uuid_or_unreadable_label,medium,Question/answers need original form schema before reliable metrics/clustering.,request Tally form schema / export with readable labels
ri_748ff081e3d4,tally_mBBxqQ,q_748ff081e3d4,matrix_uuid_or_unreadable_label,medium,Question/answers need original form schema before reliable metrics/clustering.,request Tally form schema / export with readable labels
ri_f4d3f427f239,tally_mBBxqQ,q_f4d3f427f239,matrix_uuid_or_unreadable_label,medium,Question/answers need original form schema before reliable metrics/clustering.,request Tally form schema / export with readable labels
ri_af04b211add2,tally_mBBxqQ,q_af04b211add2,matrix_uuid_or_unreadable_label,medium,Question/answers need original form schema before reliable metrics/clustering.,request Tally form schema / export with readable labels
ri_76f8ff472b27,tally_mBBxqQ,q_76f8ff472b27,matrix_uuid_or_unreadable_label,medium,Question/answers need original form schema before reliable metrics/clustering.,request Tally form schema / export with readable labels
ri_d4e9a5274ac8,tally_woXJlV,q_d4e9a5274ac8,matrix_uuid_or_unreadable_label,medium,Question/answers need original form schema before reliable metrics/clustering.,request Tally form schema / export with readable labels
ri_31c492f8833c,tally_woXJlV,q_31c492f8833c,matrix_uuid_or_unreadable_label,medium,Question/answers need original form schema before reliable metrics/clustering.,request Tally form schema / export with readable labels
ri_1d002812b0e2,tally_woXJlV,q_1d002812b0e2,matrix_uuid_or_unreadable_label,medium,Question/answers need original form schema before reliable metrics/clustering.,request Tally form schema / export with readable labels
ri_e5068f0e90b8,tally_woXJlV,q_e5068f0e90b8,matrix_uuid_or_unreadable_label,medium,Question/answers need original form schema before reliable metrics/clustering.,request Tally form schema / export with readable labels
ri_31c7ecd74377,tally_woXJlV,q_31c7ecd74377,matrix_uuid_or_unreadable_label,medium,Question/answers need original form schema before reliable metrics/clustering.,request Tally form schema / export with readable labels
ri_ca3b4e2f3314,tally_woXJlV,q_ca3b4e2f3314,matrix_uuid_or_unreadable_label,medium,Question/answers need original form schema before reliable metrics/clustering.,request Tally form schema / export with readable labels
ri_89e2d00d0711,tally_woXJlV,q_89e2d00d0711,unreliable_or_reconstructed_question,high,Question label or answer mapping is not fully reliable.,request Tally form schema / export with readable labels
ri_b160b463e56e,tally_woXJlV,q_b160b463e56e,matrix_uuid_or_unreadable_label,medium,Question/answers need original form schema before reliable metrics/clustering.,request Tally form schema / export with readable labels
ri_c491f231174f,tally_woXJlV,q_c491f231174f,matrix_uuid_or_unreadable_label,medium,Question/answers need original form schema before reliable metrics/clustering.,request Tally form schema / export with readable labels
ri_729b4032be33,tally_woXJlV,q_729b4032be33,matrix_uuid_or_unreadable_label,medium,Question/answers need original form schema before reliable metrics/clustering.,request Tally form schema / export with readable labels
ri_2fbfc504a13b,tally_woXJlV,q_2fbfc504a13b,matrix_uuid_or_unreadable_label,medium,Question/answers need original form schema before reliable metrics/clustering.,request Tally form schema / export with readable labels
ri_04868ecb7d13,tally_woXJlV,q_04868ecb7d13,matrix_uuid_or_unreadable_label,medium,Question/answers need original form schema before reliable metrics/clustering.,request Tally form schema / export with readable labels
ri_2fb091ca37f2,tally_woXJlV,q_2fb091ca37f2,matrix_uuid_or_unreadable_label,medium,Question/answers need original form schema before reliable metrics/clustering.,request Tally form schema / export with readable labels
ri_792bee5b981d,tally_3XVBRO,q_792bee5b981d,unreliable_or_reconstructed_question,high,Question label or answer mapping is not fully reliable.,request Tally form schema / export with readable labels
ri_cb8e5f3a3cda,tally_3XVBRO,q_cb8e5f3a3cda,unreliable_or_reconstructed_question,high,Question label or answer mapping is not fully reliable.,request Tally form schema / export with readable labels
ri_4c3e2e3039d7,tally_3XVBRO,q_4c3e2e3039d7,unreliable_or_reconstructed_question,high,Question label or answer mapping is not fully reliable.,request Tally form schema / export with readable labels
ri_24a1d9fbfc22,tally_3XVBRO,q_24a1d9fbfc22,unreliable_or_reconstructed_question,high,Question label or answer mapping is not fully reliable.,request Tally form schema / export with readable labels
ri_54ad9135beaf,tally_3XVBRO,q_54ad9135beaf,unreliable_or_reconstructed_question,high,Question label or answer mapping is not fully reliable.,request Tally form schema / export with readable labels
ri_b7011d9e7655,tally_3XVBRO,q_b7011d9e7655,matrix_uuid_or_unreadable_label,medium,Question/answers need original form schema before reliable metrics/clustering.,request Tally form schema / export with readable labels
ri_56ff81d5701c,tally_3XVBRO,q_56ff81d5701c,unreliable_or_reconstructed_question,high,Question label or answer mapping is not fully reliable.,request Tally form schema / export with readable labels
ri_129ee7dd01c0,tally_3XVBRO,q_129ee7dd01c0,unreliable_or_reconstructed_question,high,Question label or answer mapping is not fully reliable.,request Tally form schema / export with readable labels
ri_36bf94667e7d,tally_3XVBRO,q_36bf94667e7d,unreliable_or_reconstructed_question,high,Question label or answer mapping is not fully reliable.,request Tally form schema / export with readable labels
ri_55915941c841,tally_3XVBRO,q_55915941c841,unreliable_or_reconstructed_question,high,Question label or answer mapping is not fully reliable.,request Tally form schema / export with readable labels
ri_c433e6e3ba51,tally_3XVBRO,q_c433e6e3ba51,unreliable_or_reconstructed_question,high,Question label or answer mapping is not fully reliable.,request Tally form schema / export with readable labels
ri_3fec9004105f,tally_3XVBRO,q_3fec9004105f,unreliable_or_reconstructed_question,high,Question label or answer mapping is not fully reliable.,request Tally form schema / export with readable labels
ri_358aa2080e65,tally_3XVBRO,q_358aa2080e65,unreliable_or_reconstructed_question,high,Question label or answer mapping is not fully reliable.,request Tally form schema / export with readable labels
ri_2e2fa9ed2380,tally_3XVBRO,q_2e2fa9ed2380,unreliable_or_reconstructed_question,high,Question label or answer mapping is not fully reliable.,request Tally form schema / export with readable labels
ri_abd3966c2f89,tally_3XVBRO,q_abd3966c2f89,unreliable_or_reconstructed_question,high,Question label or answer mapping is not fully reliable.,request Tally form schema / export with readable labels
ri_77aaded2582a,tally_3XVBRO,q_77aaded2582a,unreliable_or_reconstructed_question,high,Question label or answer mapping is not fully reliable.,request Tally form schema / export with readable labels
ri_960194e8c6fa,tally_3XVBRO,q_960194e8c6fa,unreliable_or_reconstructed_question,high,Question label or answer mapping is not fully reliable.,request Tally form schema / export with readable labels
ri_b98a28bb3dda,tally_3XVBRO,q_b98a28bb3dda,unreliable_or_reconstructed_question,high,Question label or answer mapping is not fully reliable.,request Tally form schema / export with readable labels
ri_c75ad703d5cc,tally_3XVBRO,q_c75ad703d5cc,unreliable_or_reconstructed_question,high,Question label or answer mapping is not fully reliable.,request Tally form schema / export with readable labels
ri_36e6694f6526,tally_mJ0A4r,q_36e6694f6526,unreliable_or_reconstructed_question,high,Question label or answer mapping is not fully reliable.,request Tally form schema / export with readable labels
ri_54e86bee1bb8,tally_mJ0A4r,q_54e86bee1bb8,unreliable_or_reconstructed_question,high,Question label or answer mapping is not fully reliable.,request Tally form schema / export with readable labels
ri_fb5e85a055f1,tally_mJ0A4r,q_fb5e85a055f1,unreliable_or_reconstructed_question,high,Question label or answer mapping is not fully reliable.,request Tally form schema / export with readable labels
ri_3face5b317a0,tally_mJ0A4r,q_3face5b317a0,unreliable_or_reconstructed_question,high,Question label or answer mapping is not fully reliable.,request Tally form schema / export with readable labels
ri_21cf8f920bac,tally_mJ0A4r,q_21cf8f920bac,unreliable_or_reconstructed_question,high,Question label or answer mapping is not fully reliable.,request Tally form schema / export with readable labels
ri_5870452fed3b,tally_mJ0A4r,q_5870452fed3b,unreliable_or_reconstructed_question,high,Question label or answer mapping is not fully reliable.,request Tally form schema / export with readable labels
ri_5e0ea33f3a88,tally_mJ0A4r,q_5e0ea33f3a88,unreliable_or_reconstructed_question,high,Question label or answer mapping is not fully reliable.,request Tally form schema / export with readable labels
ri_1d995662cbc8,tally_mJ0A4r,q_1d995662cbc8,unreliable_or_reconstructed_question,high,Question label or answer mapping is not fully reliable.,request Tally form schema / export with readable labels
ri_ccaf66bc60a9,tally_mJ0A4r,q_ccaf66bc60a9,unreliable_or_reconstructed_question,high,Question label or answer mapping is not fully reliable.,request Tally form schema / export with readable labels
ri_81851f45fd8c,tally_mJ0A4r,q_81851f45fd8c,unreliable_or_reconstructed_question,high,Question label or answer mapping is not fully reliable.,request Tally form schema / export with readable labels
ri_8e1af4ab4cb5,tally_mJ0A4r,q_8e1af4ab4cb5,matrix_uuid_or_unreadable_label,medium,Question/answers need original form schema before reliable metrics/clustering.,request Tally form schema / export with readable labels
ri_9a558a35ed2d,tally_mJ0A4r,q_9a558a35ed2d,matrix_uuid_or_unreadable_label,medium,Question/answers need original form schema before reliable metrics/clustering.,request Tally form schema / export with readable labels
ri_bb2fae0eebb8,tally_mJ0A4r,q_bb2fae0eebb8,matrix_uuid_or_unreadable_label,medium,Question/answers need original form schema before reliable metrics/clustering.,request Tally form schema / export with readable labels
ri_d49dcb54990a,tally_mJ0A4r,q_d49dcb54990a,unreliable_or_reconstructed_question,high,Question label or answer mapping is not fully reliable.,request Tally form schema / export with readable labels
ri_e1f8d2d548a0,tally_mJ0A4r,q_e1f8d2d548a0,unreliable_or_reconstructed_question,high,Question label or answer mapping is not fully reliable.,request Tally form schema / export with readable labels
ri_96a383b4e8fd,tally_mJ0A4r,q_96a383b4e8fd,unreliable_or_reconstructed_question,high,Question label or answer mapping is not fully reliable.,request Tally form schema / export with readable labels
ri_785953caa557,tally_mJ0A4r,q_785953caa557,unreliable_or_reconstructed_question,high,Question label or answer mapping is not fully reliable.,request Tally form schema / export with readable labels
ri_a9ab498d7b98,tally_mJ0A4r,q_a9ab498d7b98,unreliable_or_reconstructed_question,high,Question label or answer mapping is not fully reliable.,request Tally form schema / export with readable labels
ri_3fd6dc3e67e1,tally_mJ0A4r,q_3fd6dc3e67e1,unreliable_or_reconstructed_question,high,Question label or answer mapping is not fully reliable.,request Tally form schema / export with readable labels
ri_f7b48a276f3a,tally_mJ0A4r,q_f7b48a276f3a,unreliable_or_reconstructed_question,high,Question label or answer mapping is not fully reliable.,request Tally form schema / export with readable labels
ri_79f1ec9682a1,tally_mJ0A4r,q_79f1ec9682a1,unreliable_or_reconstructed_question,high,Question label or answer mapping is not fully reliable.,request Tally form schema / export with readable labels
ri_778d02a4eadb,tally_mJ0A4r,q_778d02a4eadb,unreliable_or_reconstructed_question,high,Question label or answer mapping is not fully reliable.,request Tally form schema / export with readable labels
ri_3b8ca125e1c3,tally_mJ0A4r,q_3b8ca125e1c3,unreliable_or_reconstructed_question,high,Question label or answer mapping is not fully reliable.,request Tally form schema / export with readable labels
ri_9ed5f8ec7391,tally_mJ0A4r,q_9ed5f8ec7391,matrix_uuid_or_unreadable_label,medium,Question/answers need original form schema before reliable metrics/clustering.,request Tally form schema / export with readable labels
ri_e15292c668ce,tally_mJ0A4r,q_e15292c668ce,matrix_uuid_or_unreadable_label,medium,Question/answers need original form schema before reliable metrics/clustering.,request Tally form schema / export with readable labels
ri_e2245a3edfbd,tally_3Ele0q,q_e2245a3edfbd,unreliable_or_reconstructed_question,high,Question label or answer mapping is not fully reliable.,request Tally form schema / export with readable labels
ri_9ff42c6435e2,tally_3Ele0q,q_9ff42c6435e2,unreliable_or_reconstructed_question,high,Question label or answer mapping is not fully reliable.,request Tally form schema / export with readable labels
ri_78600e486933,tally_3Ele0q,q_78600e486933,unreliable_or_reconstructed_question,high,Question label or answer mapping is not fully reliable.,request Tally form schema / export with readable labels
ri_569196ae116b,tally_3Ele0q,q_569196ae116b,unreliable_or_reconstructed_question,high,Question label or answer mapping is not fully reliable.,request Tally form schema / export with readable labels
ri_a804f6fe3696,tally_3Ele0q,q_a804f6fe3696,matrix_uuid_or_unreadable_label,medium,Question/answers need original form schema before reliable metrics/clustering.,request Tally form schema / export with readable labels
ri_a1afe99446c3,tally_3Ele0q,q_a1afe99446c3,matrix_uuid_or_unreadable_label,medium,Question/answers need original form schema before reliable metrics/clustering.,request Tally form schema / export with readable labels
ri_a614043533e7,tally_3Ele0q,q_a614043533e7,matrix_uuid_or_unreadable_label,medium,Question/answers need original form schema before reliable metrics/clustering.,request Tally form schema / export with readable labels
ri_bb466ee52dc5,tally_3Ele0q,q_bb466ee52dc5,matrix_uuid_or_unreadable_label,medium,Question/answers need original form schema before reliable metrics/clustering.,request Tally form schema / export with readable labels
ri_970a644bcbd0,tally_3Ele0q,q_970a644bcbd0,matrix_uuid_or_unreadable_label,medium,Question/answers need original form schema before reliable metrics/clustering.,request Tally form schema / export with readable labels
ri_12c06e527c7e,tally_3Ele0q,q_12c06e527c7e,matrix_uuid_or_unreadable_label,medium,Question/answers need original form schema before reliable metrics/clustering.,request Tally form schema / export with readable labels
ri_6179cf1ea730,tally_3Ele0q,q_6179cf1ea730,matrix_uuid_or_unreadable_label,medium,Question/answers need original form schema before reliable metrics/clustering.,request Tally form schema / export with readable labels
ri_03e5c7d3b05a,tally_3Ele0q,q_03e5c7d3b05a,matrix_uuid_or_unreadable_label,medium,Question/answers need original form schema before reliable metrics/clustering.,request Tally form schema / export with readable labels
ri_4c53341447d0,tally_3Ele0q,q_4c53341447d0,matrix_uuid_or_unreadable_label,medium,Question/answers need original form schema before reliable metrics/clustering.,request Tally form schema / export with readable labels
ri_441eef32d561,tally_3Ele0q,q_441eef32d561,matrix_uuid_or_unreadable_label,medium,Question/answers need original form schema before reliable metrics/clustering.,request Tally form schema / export with readable labels
ri_efa5548552b6,tally_3Ele0q,q_efa5548552b6,matrix_uuid_or_unreadable_label,medium,Question/answers need original form schema before reliable metrics/clustering.,request Tally form schema / export with readable labels
ri_1df035f8131f,tally_3Ele0q,q_1df035f8131f,matrix_uuid_or_unreadable_label,medium,Question/answers need original form schema before reliable metrics/clustering.,request Tally form schema / export with readable labels
ri_0c4e46f5e5ef,tally_3Ele0q,q_0c4e46f5e5ef,matrix_uuid_or_unreadable_label,medium,Question/answers need original form schema before reliable metrics/clustering.,request Tally form schema / export with readable labels
ri_11ec4de0b9df,tally_3Ele0q,q_11ec4de0b9df,matrix_uuid_or_unreadable_label,medium,Question/answers need original form schema before reliable metrics/clustering.,request Tally form schema / export with readable labels
ri_ad65f78805fc,tally_3Ele0q,q_ad65f78805fc,matrix_uuid_or_unreadable_label,medium,Question/answers need original form schema before reliable metrics/clustering.,request Tally form schema / export with readable labels
ri_d7c0f876eb95,tally_3Ele0q,q_d7c0f876eb95,matrix_uuid_or_unreadable_label,medium,Question/answers need original form schema before reliable metrics/clustering.,request Tally form schema / export with readable labels
ri_69bd45620d47,tally_3Ele0q,q_69bd45620d47,matrix_uuid_or_unreadable_label,medium,Question/answers need original form schema before reliable metrics/clustering.,request Tally form schema / export with readable labels
ri_e07e25862ae9,tally_3Ele0q,q_e07e25862ae9,unreliable_or_reconstructed_question,high,Question label or answer mapping is not fully reliable.,request Tally form schema / export with readable labels
ri_b3815e843b56,tally_w72GRP,q_b3815e843b56,unreliable_or_reconstructed_question,high,Question label or answer mapping is not fully reliable.,request Tally form schema / export with readable labels
ri_df862119b7ae,tally_w72GRP,q_df862119b7ae,unreliable_or_reconstructed_question,high,Question label or answer mapping is not fully reliable.,request Tally form schema / export with readable labels
ri_4631bf77a005,tally_w72GRP,q_4631bf77a005,unreliable_or_reconstructed_question,high,Question label or answer mapping is not fully reliable.,request Tally form schema / export with readable labels
ri_f18b67c1af35,tally_w72GRP,q_f18b67c1af35,unreliable_or_reconstructed_question,high,Question label or answer mapping is not fully reliable.,request Tally form schema / export with readable labels
ri_b2abf7105499,tally_w72GRP,q_b2abf7105499,unreliable_or_reconstructed_question,high,Question label or answer mapping is not fully reliable.,request Tally form schema / export with readable labels
ri_f187eec899b7,tally_w72GRP,q_f187eec899b7,unreliable_or_reconstructed_question,high,Question label or answer mapping is not fully reliable.,request Tally form schema / export with readable labels
ri_a29db6000616,tally_w72GRP,q_a29db6000616,unreliable_or_reconstructed_question,high,Question label or answer mapping is not fully reliable.,request Tally form schema / export with readable labels
ri_3e17d016b910,tally_meYdEl,q_3e17d016b910,matrix_uuid_or_unreadable_label,medium,Question/answers need original form schema before reliable metrics/clustering.,request Tally form schema / export with readable labels
ri_6730b1025ce7,tally_meYdEl,q_6730b1025ce7,matrix_uuid_or_unreadable_label,medium,Question/answers need original form schema before reliable metrics/clustering.,request Tally form schema / export with readable labels
ri_8c02f2432f03,tally_meYdEl,q_8c02f2432f03,matrix_uuid_or_unreadable_label,medium,Question/answers need original form schema before reliable metrics/clustering.,request Tally form schema / export with readable labels
ri_9c579519c87f,tally_mY0xx0,q_9c579519c87f,unreliable_or_reconstructed_question,high,Question label or answer mapping is not fully reliable.,request Tally form schema / export with readable labels
ri_1d3c25b564d1,tally_mY0xx0,q_1d3c25b564d1,matrix_uuid_or_unreadable_label,medium,Question/answers need original form schema before reliable metrics/clustering.,request Tally form schema / export with readable labels
ri_034de2d70b1e,tally_mY0xx0,q_034de2d70b1e,matrix_uuid_or_unreadable_label,medium,Question/answers need original form schema before reliable metrics/clustering.,request Tally form schema / export with readable labels
ri_8a28634d720a,tally_mY0xx0,q_8a28634d720a,matrix_uuid_or_unreadable_label,medium,Question/answers need original form schema before reliable metrics/clustering.,request Tally form schema / export with readable labels
ri_c4933d456180,tally_mY0xx0,q_c4933d456180,matrix_uuid_or_unreadable_label,medium,Question/answers need original form schema before reliable metrics/clustering.,request Tally form schema / export with readable labels
ri_1bb56d0425c8,tally_mY0xx0,q_1bb56d0425c8,matrix_uuid_or_unreadable_label,medium,Question/answers need original form schema before reliable metrics/clustering.,request Tally form schema / export with readable labels
ri_d11623711862,tally_mY0xx0,q_d11623711862,matrix_uuid_or_unreadable_label,medium,Question/answers need original form schema before reliable metrics/clustering.,request Tally form schema / export with readable labels
ri_4f3ca68038f6,tally_mY0xx0,q_4f3ca68038f6,matrix_uuid_or_unreadable_label,medium,Question/answers need original form schema before reliable metrics/clustering.,request Tally form schema / export with readable labels
ri_5c1b6680a0be,tally_mY0xx0,q_5c1b6680a0be,matrix_uuid_or_unreadable_label,medium,Question/answers need original form schema before reliable metrics/clustering.,request Tally form schema / export with readable labels
ri_c83628d0f030,tally_mY0xx0,q_c83628d0f030,matrix_uuid_or_unreadable_label,medium,Question/answers need original form schema before reliable metrics/clustering.,request Tally form schema / export with readable labels
ri_0b282e68f169,tally_mY0xx0,q_0b282e68f169,matrix_uuid_or_unreadable_label,medium,Question/answers need original form schema before reliable metrics/clustering.,request Tally form schema / export with readable labels
ri_34b63a89664e,tally_mY0xx0,q_34b63a89664e,matrix_uuid_or_unreadable_label,medium,Question/answers need original form schema before reliable metrics/clustering.,request Tally form schema / export with readable labels
ri_7cee6fceed4f,tally_mY0xx0,q_7cee6fceed4f,matrix_uuid_or_unreadable_label,medium,Question/answers need original form schema before reliable metrics/clustering.,request Tally form schema / export with readable labels
ri_6ac8b56877e2,tally_3j7rV9,q_6ac8b56877e2,unreliable_or_reconstructed_question,high,Question label or answer mapping is not fully reliable.,request Tally form schema / export with readable labels
ri_178dde898aac,tally_n9o2V4,q_178dde898aac,matrix_uuid_or_unreadable_label,medium,Question/answers need original form schema before reliable metrics/clustering.,request Tally form schema / export with readable labels
ri_a20e544c9b6c,tally_n9o2V4,q_a20e544c9b6c,matrix_uuid_or_unreadable_label,medium,Question/answers need original form schema before reliable metrics/clustering.,request Tally form schema / export with readable labels
ri_3a524ff76ebc,tally_mOP1vk,q_3a524ff76ebc,matrix_uuid_or_unreadable_label,medium,Question/answers need original form schema before reliable metrics/clustering.,request Tally form schema / export with readable labels
ri_71077dadd627,tally_mOP1vk,q_71077dadd627,matrix_uuid_or_unreadable_label,medium,Question/answers need original form schema before reliable metrics/clustering.,request Tally form schema / export with readable labels
ri_786a7af7d14a,tally_mOP1vk,q_786a7af7d14a,matrix_uuid_or_unreadable_label,medium,Question/answers need original form schema before reliable metrics/clustering.,request Tally form schema / export with readable labels
ri_9ab316ab7cc2,tally_mOP1vk,q_9ab316ab7cc2,matrix_uuid_or_unreadable_label,medium,Question/answers need original form schema before reliable metrics/clustering.,request Tally form schema / export with readable labels
ri_e8bdc74d47a9,tally_mOP1vk,q_e8bdc74d47a9,matrix_uuid_or_unreadable_label,medium,Question/answers need original form schema before reliable metrics/clustering.,request Tally form schema / export with readable labels
ri_bdae5809393f,tally_mOP1vk,q_bdae5809393f,matrix_uuid_or_unreadable_label,medium,Question/answers need original form schema before reliable metrics/clustering.,request Tally form schema / export with readable labels
ri_c3a622300110,tally_mOP1vk,q_c3a622300110,matrix_uuid_or_unreadable_label,medium,Question/answers need original form schema before reliable metrics/clustering.,request Tally form schema / export with readable labels
ri_4fb3782a6c65,tally_mOP1vk,q_4fb3782a6c65,matrix_uuid_or_unreadable_label,medium,Question/answers need original form schema before reliable metrics/clustering.,request Tally form schema / export with readable labels
ri_12f8fea5307d,tally_mOP1vk,q_12f8fea5307d,matrix_uuid_or_unreadable_label,medium,Question/answers need original form schema before reliable metrics/clustering.,request Tally form schema / export with readable labels
ri_a9b5385dd001,tally_mOP1vk,q_a9b5385dd001,matrix_uuid_or_unreadable_label,medium,Question/answers need original form schema before reliable metrics/clustering.,request Tally form schema / export with readable labels
ri_ac76542b1694,tally_mOP1vk,q_ac76542b1694,matrix_uuid_or_unreadable_label,medium,Question/answers need original form schema before reliable metrics/clustering.,request Tally form schema / export with readable labels
ri_941df3544c5c,tally_mOP1vk,q_941df3544c5c,matrix_uuid_or_unreadable_label,medium,Question/answers need original form schema before reliable metrics/clustering.,request Tally form schema / export with readable labels
ri_c54c0028a7b6,tally_mOP1vk,q_c54c0028a7b6,matrix_uuid_or_unreadable_label,medium,Question/answers need original form schema before reliable metrics/clustering.,request Tally form schema / export with readable labels
ri_ff3864bdc01f,tally_mOP1vk,q_ff3864bdc01f,matrix_uuid_or_unreadable_label,medium,Question/answers need original form schema before reliable metrics/clustering.,request Tally form schema / export with readable labels
ri_a3984e3a6519,tally_mOP1vk,q_a3984e3a6519,matrix_uuid_or_unreadable_label,medium,Question/answers need original form schema before reliable metrics/clustering.,request Tally form schema / export with readable labels
ri_a03aad29eef1,tally_3jkA86,q_a03aad29eef1,matrix_uuid_or_unreadable_label,medium,Question/answers need original form schema before reliable metrics/clustering.,request Tally form schema / export with readable labels
ri_efd0400aa062,tally_3jkA86,q_efd0400aa062,matrix_uuid_or_unreadable_label,medium,Question/answers need original form schema before reliable metrics/clustering.,request Tally form schema / export with readable labels
ri_cd9d23d3b95c,tally_wok6Nb,q_cd9d23d3b95c,unreliable_or_reconstructed_question,high,Question label or answer mapping is not fully reliable.,request Tally form schema / export with readable labels
ri_3a50dcb4c62f,tally_wok6Nb,q_3a50dcb4c62f,unreliable_or_reconstructed_question,high,Question label or answer mapping is not fully reliable.,request Tally form schema / export with readable labels
ri_cafb3a39345b,tally_wok6Nb,q_cafb3a39345b,matrix_uuid_or_unreadable_label,medium,Question/answers need original form schema before reliable metrics/clustering.,request Tally form schema / export with readable labels
ri_2b4fcf13acb4,tally_wok6Nb,q_2b4fcf13acb4,matrix_uuid_or_unreadable_label,medium,Question/answers need original form schema before reliable metrics/clustering.,request Tally form schema / export with readable labels
ri_7f7172c483c7,tally_wok6Nb,q_7f7172c483c7,matrix_uuid_or_unreadable_label,medium,Question/answers need original form schema before reliable metrics/clustering.,request Tally form schema / export with readable labels
ri_7d5727df8b1f,tally_xXdNZJ,q_7d5727df8b1f,unreliable_or_reconstructed_question,high,Question label or answer mapping is not fully reliable.,request Tally form schema / export with readable labels
ri_8ed6ee7cff0d,tally_xXdNZJ,q_8ed6ee7cff0d,unreliable_or_reconstructed_question,high,Question label or answer mapping is not fully reliable.,request Tally form schema / export with readable labels
ri_02cd6f9f5219,tally_xXdNZJ,q_02cd6f9f5219,unreliable_or_reconstructed_question,high,Question label or answer mapping is not fully reliable.,request Tally form schema / export with readable labels
ri_b2f4d850f4dc,tally_xXdNZJ,q_b2f4d850f4dc,unreliable_or_reconstructed_question,high,Question label or answer mapping is not fully reliable.,request Tally form schema / export with readable labels
ri_ae8ac33601c6,tally_xXdNZJ,q_ae8ac33601c6,unreliable_or_reconstructed_question,high,Question label or answer mapping is not fully reliable.,request Tally form schema / export with readable labels
ri_b48445681deb,tally_xXdNZJ,q_b48445681deb,unreliable_or_reconstructed_question,high,Question label or answer mapping is not fully reliable.,request Tally form schema / export with readable labels
ri_9eca945543b6,tally_xXdNZJ,q_9eca945543b6,unreliable_or_reconstructed_question,high,Question label or answer mapping is not fully reliable.,request Tally form schema / export with readable labels
ri_e2b129c01c0d,tally_xXdNZJ,q_e2b129c01c0d,unreliable_or_reconstructed_question,high,Question label or answer mapping is not fully reliable.,request Tally form schema / export with readable labels
ri_8bd7ce0b9cc2,tally_xXdNZJ,q_8bd7ce0b9cc2,matrix_uuid_or_unreadable_label,medium,Question/answers need original form schema before reliable metrics/clustering.,request Tally form schema / export with readable labels
ri_3c738b637834,tally_w7KMxA,q_3c738b637834,unreliable_or_reconstructed_question,high,Question label or answer mapping is not fully reliable.,request Tally form schema / export with readable labels
ri_a349fefcb41a,tally_w7KMxA,q_a349fefcb41a,matrix_uuid_or_unreadable_label,medium,Question/answers need original form schema before reliable metrics/clustering.,request Tally form schema / export with readable labels
ri_88d37afd9b47,tally_mV81Wj,q_88d37afd9b47,matrix_uuid_or_unreadable_label,medium,Question/answers need original form schema before reliable metrics/clustering.,request Tally form schema / export with readable labels
ri_161f180981c3,tally_mV81Wj,q_161f180981c3,matrix_uuid_or_unreadable_label,medium,Question/answers need original form schema before reliable metrics/clustering.,request Tally form schema / export with readable labels
ri_ff447b44b602,tally_wQYN7k,q_ff447b44b602,unreliable_or_reconstructed_question,high,Question label or answer mapping is not fully reliable.,request Tally form schema / export with readable labels
ri_d51b97281dad,tally_wQYN7k,q_d51b97281dad,unreliable_or_reconstructed_question,high,Question label or answer mapping is not fully reliable.,request Tally form schema / export with readable labels
ri_fe9dff7be613,tally_wQYN7k,q_fe9dff7be613,unreliable_or_reconstructed_question,high,Question label or answer mapping is not fully reliable.,request Tally form schema / export with readable labels
ri_2d7c742db363,tally_wQYN7k,q_2d7c742db363,unreliable_or_reconstructed_question,high,Question label or answer mapping is not fully reliable.,request Tally form schema / export with readable labels
ri_9f64c0a40a63,tally_wQYN7k,q_9f64c0a40a63,unreliable_or_reconstructed_question,high,Question label or answer mapping is not fully reliable.,request Tally form schema / export with readable labels
ri_8ccc0e115e8d,tally_wQYN7k,q_8ccc0e115e8d,unreliable_or_reconstructed_question,high,Question label or answer mapping is not fully reliable.,request Tally form schema / export with readable labels
ri_6bfa1adc09df,tally_wQYN7k,q_6bfa1adc09df,matrix_uuid_or_unreadable_label,medium,Question/answers need original form schema before reliable metrics/clustering.,request Tally form schema / export with readable labels
ri_9ba8c0e30eb1,tally_wQYN7k,q_9ba8c0e30eb1,unreliable_or_reconstructed_question,high,Question label or answer mapping is not fully reliable.,request Tally form schema / export with readable labels
ri_e1caa895aa46,tally_wQYN7k,q_e1caa895aa46,unreliable_or_reconstructed_question,high,Question label or answer mapping is not fully reliable.,request Tally form schema / export with readable labels
ri_d94e6baf1a0e,tally_wQYN7k,q_d94e6baf1a0e,unreliable_or_reconstructed_question,high,Question label or answer mapping is not fully reliable.,request Tally form schema / export with readable labels
ri_4fd6a8b9c135,tally_wQYN7k,q_4fd6a8b9c135,unreliable_or_reconstructed_question,high,Question label or answer mapping is not fully reliable.,request Tally form schema / export with readable labels
ri_7657f68c6bb1,tally_w72OQ0,q_7657f68c6bb1,unreliable_or_reconstructed_question,high,Question label or answer mapping is not fully reliable.,request Tally form schema / export with readable labels
ri_585898f09d9e,tally_w72OQ0,q_585898f09d9e,unreliable_or_reconstructed_question,high,Question label or answer mapping is not fully reliable.,request Tally form schema / export with readable labels
ri_8dcd3b4ac5eb,tally_w72OQ0,q_8dcd3b4ac5eb,unreliable_or_reconstructed_question,high,Question label or answer mapping is not fully reliable.,request Tally form schema / export with readable labels
ri_a8470058ea4c,tally_w72OQ0,q_a8470058ea4c,unreliable_or_reconstructed_question,high,Question label or answer mapping is not fully reliable.,request Tally form schema / export with readable labels
ri_f000aa7ffe4f,tally_w72OQ0,q_f000aa7ffe4f,unreliable_or_reconstructed_question,high,Question label or answer mapping is not fully reliable.,request Tally form schema / export with readable labels
ri_493266391d65,tally_w72OQ0,q_493266391d65,unreliable_or_reconstructed_question,high,Question label or answer mapping is not fully reliable.,request Tally form schema / export with readable labels
ri_a352da422c7a,tally_w72OQ0,q_a352da422c7a,unreliable_or_reconstructed_question,high,Question label or answer mapping is not fully reliable.,request Tally form schema / export with readable labels
ri_e62fbebaff3e,tally_w72OQ0,q_e62fbebaff3e,matrix_uuid_or_unreadable_label,medium,Question/answers need original form schema before reliable metrics/clustering.,request Tally form schema / export with readable labels
ri_960d3018e17a,tally_w72OQ0,q_960d3018e17a,matrix_uuid_or_unreadable_label,medium,Question/answers need original form schema before reliable metrics/clustering.,request Tally form schema / export with readable labels
ri_6cf4435ac826,tally_w72OQ0,q_6cf4435ac826,matrix_uuid_or_unreadable_label,medium,Question/answers need original form schema before reliable metrics/clustering.,request Tally form schema / export with readable labels
ri_1a2d4b324206,tally_w72OQ0,q_1a2d4b324206,matrix_uuid_or_unreadable_label,medium,Question/answers need original form schema before reliable metrics/clustering.,request Tally form schema / export with readable labels
ri_07245270fc45,tally_w72OQ0,q_07245270fc45,matrix_uuid_or_unreadable_label,medium,Question/answers need original form schema before reliable metrics/clustering.,request Tally form schema / export with readable labels
ri_cefce7c233c2,tally_w72OQ0,q_cefce7c233c2,matrix_uuid_or_unreadable_label,medium,Question/answers need original form schema before reliable metrics/clustering.,request Tally form schema / export with readable labels
ri_af723ec18aa6,tally_w72OQ0,q_af723ec18aa6,matrix_uuid_or_unreadable_label,medium,Question/answers need original form schema before reliable metrics/clustering.,request Tally form schema / export with readable labels
ri_0998d0c1fd33,tally_w72OQ0,q_0998d0c1fd33,matrix_uuid_or_unreadable_label,medium,Question/answers need original form schema before reliable metrics/clustering.,request Tally form schema / export with readable labels
ri_7a8911050ff5,tally_w72OQ0,q_7a8911050ff5,matrix_uuid_or_unreadable_label,medium,Question/answers need original form schema before reliable metrics/clustering.,request Tally form schema / export with readable labels
ri_6bdaa22b6ba4,tally_w72OQ0,q_6bdaa22b6ba4,matrix_uuid_or_unreadable_label,medium,Question/answers need original form schema before reliable metrics/clustering.,request Tally form schema / export with readable labels
ri_e6c0fba7a709,tally_w72OQ0,q_e6c0fba7a709,matrix_uuid_or_unreadable_label,medium,Question/answers need original form schema before reliable metrics/clustering.,request Tally form schema / export with readable labels
ri_ca6b2b2ba826,tally_w72OQ0,q_ca6b2b2ba826,matrix_uuid_or_unreadable_label,medium,Question/answers need original form schema before reliable metrics/clustering.,request Tally form schema / export with readable labels
ri_7db714983977,tally_w72OQ0,q_7db714983977,matrix_uuid_or_unreadable_label,medium,Question/answers need original form schema before reliable metrics/clustering.,request Tally form schema / export with readable labels
ri_21c2b5a23fab,tally_w72OQ0,q_21c2b5a23fab,matrix_uuid_or_unreadable_label,medium,Question/answers need original form schema before reliable metrics/clustering.,request Tally form schema / export with readable labels
ri_c4f7a3c89e71,tally_nrVLRL,q_c4f7a3c89e71,unreliable_or_reconstructed_question,high,Question label or answer mapping is not fully reliable.,request Tally form schema / export with readable labels
ri_9badce673094,tally_nrVLRL,q_9badce673094,matrix_uuid_or_unreadable_label,medium,Question/answers need original form schema before reliable metrics/clustering.,request Tally form schema / export with readable labels
ri_b3559696b8e8,tally_nrVLRL,q_b3559696b8e8,matrix_uuid_or_unreadable_label,medium,Question/answers need original form schema before reliable metrics/clustering.,request Tally form schema / export with readable labels
ri_ad23fc0e479c,tally_nrVLRL,q_ad23fc0e479c,matrix_uuid_or_unreadable_label,medium,Question/answers need original form schema before reliable metrics/clustering.,request Tally form schema / export with readable labels
ri_642ae9b244ac,tally_nrVLRL,q_642ae9b244ac,matrix_uuid_or_unreadable_label,medium,Question/answers need original form schema before reliable metrics/clustering.,request Tally form schema / export with readable labels
ri_fa970a6c0364,tally_wgkbBK,q_fa970a6c0364,unreliable_or_reconstructed_question,high,Question label or answer mapping is not fully reliable.,request Tally form schema / export with readable labels
ri_7a1dc5f9a039,tally_wgkbBK,q_7a1dc5f9a039,unreliable_or_reconstructed_question,high,Question label or answer mapping is not fully reliable.,request Tally form schema / export with readable labels
ri_ee462dc2231c,tally_wgkbBK,q_ee462dc2231c,unreliable_or_reconstructed_question,high,Question label or answer mapping is not fully reliable.,request Tally form schema / export with readable labels
ri_41aea83b13d3,tally_wgkbBK,q_41aea83b13d3,matrix_uuid_or_unreadable_label,medium,Question/answers need original form schema before reliable metrics/clustering.,request Tally form schema / export with readable labels
ri_48c621fe6a81,tally_wgkbBK,q_48c621fe6a81,matrix_uuid_or_unreadable_label,medium,Question/answers need original form schema before reliable metrics/clustering.,request Tally form schema / export with readable labels
ri_c96e6383ba28,tally_wgkbBK,q_c96e6383ba28,matrix_uuid_or_unreadable_label,medium,Question/answers need original form schema before reliable metrics/clustering.,request Tally form schema / export with readable labels
ri_cba802a7f15a,tally_w2xJ1V,q_cba802a7f15a,unreliable_or_reconstructed_question,high,Question label or answer mapping is not fully reliable.,request Tally form schema / export with readable labels
ri_c497c9e64698,tally_w2xJ1V,q_c497c9e64698,matrix_uuid_or_unreadable_label,medium,Question/answers need original form schema before reliable metrics/clustering.,request Tally form schema / export with readable labels
ri_161aff2193f3,tally_w2xJ1V,q_161aff2193f3,matrix_uuid_or_unreadable_label,medium,Question/answers need original form schema before reliable metrics/clustering.,request Tally form schema / export with readable labels
ri_14331a5fc972,tally_w2xJ1V,q_14331a5fc972,unreliable_or_reconstructed_question,high,Question label or answer mapping is not fully reliable.,request Tally form schema / export with readable labels
ri_fb9b326ab006,tally_w2xJ1V,q_fb9b326ab006,unreliable_or_reconstructed_question,high,Question label or answer mapping is not fully reliable.,request Tally form schema / export with readable labels
ri_f52c05f6074d,tally_w2xJ1V,q_f52c05f6074d,unreliable_or_reconstructed_question,high,Question label or answer mapping is not fully reliable.,request Tally form schema / export with readable labels
ri_ad7019b93170,tally_w2xJ1V,q_ad7019b93170,unreliable_or_reconstructed_question,high,Question label or answer mapping is not fully reliable.,request Tally form schema / export with readable labels
ri_f635c75dd763,tally_w2xJ1V,q_f635c75dd763,unreliable_or_reconstructed_question,high,Question label or answer mapping is not fully reliable.,request Tally form schema / export with readable labels
ri_cdbb8939bd67,tally_w2xJ1V,q_cdbb8939bd67,unreliable_or_reconstructed_question,high,Question label or answer mapping is not fully reliable.,request Tally form schema / export with readable labels
ri_e39b9883d291,tally_w2xJ1V,q_e39b9883d291,unreliable_or_reconstructed_question,high,Question label or answer mapping is not fully reliable.,request Tally form schema / export with readable labels
ri_12f62dafb586,tally_w2xJ1V,q_12f62dafb586,unreliable_or_reconstructed_question,high,Question label or answer mapping is not fully reliable.,request Tally form schema / export with readable labels
ri_403fb0658f84,tally_w2xJ1V,q_403fb0658f84,unreliable_or_reconstructed_question,high,Question label or answer mapping is not fully reliable.,request Tally form schema / export with readable labels
ri_0c50770a3c71,tally_nrorkp,q_0c50770a3c71,unreliable_or_reconstructed_question,high,Question label or answer mapping is not fully reliable.,request Tally form schema / export with readable labels
ri_c96529621448,tally_nrorkp,q_c96529621448,unreliable_or_reconstructed_question,high,Question label or answer mapping is not fully reliable.,request Tally form schema / export with readable labels
ri_d40c32f91c3b,tally_nrorkp,q_d40c32f91c3b,unreliable_or_reconstructed_question,high,Question label or answer mapping is not fully reliable.,request Tally form schema / export with readable labels
ri_e18c7cd4b343,tally_nrorkp,q_e18c7cd4b343,matrix_uuid_or_unreadable_label,medium,Question/answers need original form schema before reliable metrics/clustering.,request Tally form schema / export with readable labels
ri_f552fc3981e3,tally_nrorkp,q_f552fc3981e3,matrix_uuid_or_unreadable_label,medium,Question/answers need original form schema before reliable metrics/clustering.,request Tally form schema / export with readable labels
ri_74117dabcb69,tally_nrorkp,q_74117dabcb69,unreliable_or_reconstructed_question,high,Question label or answer mapping is not fully reliable.,request Tally form schema / export with readable labels
ri_e6cff239ce90,tally_nrorkp,q_e6cff239ce90,unreliable_or_reconstructed_question,high,Question label or answer mapping is not fully reliable.,request Tally form schema / export with readable labels
ri_95f45573393f,tally_nrorkp,q_95f45573393f,unreliable_or_reconstructed_question,high,Question label or answer mapping is not fully reliable.,request Tally form schema / export with readable labels
ri_3c9cdc855281,tally_nrorkp,q_3c9cdc855281,unreliable_or_reconstructed_question,high,Question label or answer mapping is not fully reliable.,request Tally form schema / export with readable labels
ri_66a59c94aa1f,tally_nrorkp,q_66a59c94aa1f,unreliable_or_reconstructed_question,high,Question label or answer mapping is not fully reliable.,request Tally form schema / export with readable labels
ri_f1f1c303d99c,tally_nrorkp,q_f1f1c303d99c,unreliable_or_reconstructed_question,high,Question label or answer mapping is not fully reliable.,request Tally form schema / export with readable labels
ri_1cd8ec1fdadf,tally_nrorkp,q_1cd8ec1fdadf,unreliable_or_reconstructed_question,high,Question label or answer mapping is not fully reliable.,request Tally form schema / export with readable labels
ri_5921000b6c7e,tally_nrorkp,q_5921000b6c7e,unreliable_or_reconstructed_question,high,Question label or answer mapping is not fully reliable.,request Tally form schema / export with readable labels
ri_add6fd28638f,tally_nrorkp,q_add6fd28638f,unreliable_or_reconstructed_question,high,Question label or answer mapping is not fully reliable.,request Tally form schema / export with readable labels
ri_a4fa2a5093aa,tally_nrorkp,q_a4fa2a5093aa,unreliable_or_reconstructed_question,high,Question label or answer mapping is not fully reliable.,request Tally form schema / export with readable labels
ri_e893f16f2f1f,tally_nrorkp,q_e893f16f2f1f,matrix_uuid_or_unreadable_label,medium,Question/answers need original form schema before reliable metrics/clustering.,request Tally form schema / export with readable labels
ri_4908cebce147,tally_nrorkp,q_4908cebce147,unreliable_or_reconstructed_question,high,Question label or answer mapping is not fully reliable.,request Tally form schema / export with readable labels
ri_63e3aebc44bd,tally_nrorkp,q_63e3aebc44bd,unreliable_or_reconstructed_question,high,Question label or answer mapping is not fully reliable.,request Tally form schema / export with readable labels
ri_8ec38f710aed,tally_nrorkp,q_8ec38f710aed,unreliable_or_reconstructed_question,high,Question label or answer mapping is not fully reliable.,request Tally form schema / export with readable labels
ri_d7b2ae3280d9,tally_nrorkp,q_d7b2ae3280d9,unreliable_or_reconstructed_question,high,Question label or answer mapping is not fully reliable.,request Tally form schema / export with readable labels
ri_adf6b5241d55,tally_wd7Ojy,q_adf6b5241d55,matrix_uuid_or_unreadable_label,medium,Question/answers need original form schema before reliable metrics/clustering.,request Tally form schema / export with readable labels
ri_8e1b48ff79fd,tally_wd7Ojy,q_8e1b48ff79fd,matrix_uuid_or_unreadable_label,medium,Question/answers need original form schema before reliable metrics/clustering.,request Tally form schema / export with readable labels
ri_5e63753cf653,tally_311M4Q,q_5e63753cf653,matrix_uuid_or_unreadable_label,medium,Question/answers need original form schema before reliable metrics/clustering.,request Tally form schema / export with readable labels
ri_64890c4eb677,tally_311M4Q,q_64890c4eb677,matrix_uuid_or_unreadable_label,medium,Question/answers need original form schema before reliable metrics/clustering.,request Tally form schema / export with readable labels
ri_5ee701a2d434,tally_311M4Q,q_5ee701a2d434,matrix_uuid_or_unreadable_label,medium,Question/answers need original form schema before reliable metrics/clustering.,request Tally form schema / export with readable labels
ri_2e82268bf7f4,tally_311M4Q,q_2e82268bf7f4,matrix_uuid_or_unreadable_label,medium,Question/answers need original form schema before reliable metrics/clustering.,request Tally form schema / export with readable labels
ri_333ed7d2e66f,tally_311M4Q,q_333ed7d2e66f,matrix_uuid_or_unreadable_label,medium,Question/answers need original form schema before reliable metrics/clustering.,request Tally form schema / export with readable labels
ri_c087e2e3d879,tally_311M4Q,q_c087e2e3d879,matrix_uuid_or_unreadable_label,medium,Question/answers need original form schema before reliable metrics/clustering.,request Tally form schema / export with readable labels
ri_ac55d43d734d,tally_311M4Q,q_ac55d43d734d,matrix_uuid_or_unreadable_label,medium,Question/answers need original form schema before reliable metrics/clustering.,request Tally form schema / export with readable labels
ri_937ff0de0bb4,tally_EkPbkr,q_937ff0de0bb4,unreliable_or_reconstructed_question,high,Question label or answer mapping is not fully reliable.,request Tally form schema / export with readable labels
ri_3259dead1ad2,tally_EkPbkr,q_3259dead1ad2,unreliable_or_reconstructed_question,high,Question label or answer mapping is not fully reliable.,request Tally form schema / export with readable labels
ri_6229de8619f3,tally_EkPbkr,q_6229de8619f3,unreliable_or_reconstructed_question,high,Question label or answer mapping is not fully reliable.,request Tally form schema / export with readable labels
ri_b8db23095472,tally_EkPbkr,q_b8db23095472,unreliable_or_reconstructed_question,high,Question label or answer mapping is not fully reliable.,request Tally form schema / export with readable labels
ri_8a2ec39b1109,tally_EkPbkr,q_8a2ec39b1109,unreliable_or_reconstructed_question,high,Question label or answer mapping is not fully reliable.,request Tally form schema / export with readable labels
ri_da86c84a92b0,tally_EkPbkr,q_da86c84a92b0,unreliable_or_reconstructed_question,high,Question label or answer mapping is not fully reliable.,request Tally form schema / export with readable labels
ri_d98f49638f73,tally_EkPbkr,q_d98f49638f73,unreliable_or_reconstructed_question,high,Question label or answer mapping is not fully reliable.,request Tally form schema / export with readable labels
ri_d7ca34cd9037,tally_EkPbkr,q_d7ca34cd9037,unreliable_or_reconstructed_question,high,Question label or answer mapping is not fully reliable.,request Tally form schema / export with readable labels
ri_6f0d806cab34,tally_EkPbkr,q_6f0d806cab34,unreliable_or_reconstructed_question,high,Question label or answer mapping is not fully reliable.,request Tally form schema / export with readable labels
ri_836f545b9e18,tally_EkPbkr,q_836f545b9e18,unreliable_or_reconstructed_question,high,Question label or answer mapping is not fully reliable.,request Tally form schema / export with readable labels
ri_aae3f3985b8e,tally_wQg7B1,q_aae3f3985b8e,matrix_uuid_or_unreadable_label,medium,Question/answers need original form schema before reliable metrics/clustering.,request Tally form schema / export with readable labels
ri_0ad545d7fcb6,tally_wQg7B1,q_0ad545d7fcb6,matrix_uuid_or_unreadable_label,medium,Question/answers need original form schema before reliable metrics/clustering.,request Tally form schema / export with readable labels
ri_a94202f1540a,tally_wQg7B1,q_a94202f1540a,matrix_uuid_or_unreadable_label,medium,Question/answers need original form schema before reliable metrics/clustering.,request Tally form schema / export with readable labels
ri_dba55efc5a24,tally_wQg7B1,q_dba55efc5a24,matrix_uuid_or_unreadable_label,medium,Question/answers need original form schema before reliable metrics/clustering.,request Tally form schema / export with readable labels
ri_dd08d164d9d0,tally_wQg7B1,q_dd08d164d9d0,matrix_uuid_or_unreadable_label,medium,Question/answers need original form schema before reliable metrics/clustering.,request Tally form schema / export with readable labels
ri_d9ca790c78a4,tally_wQg7B1,q_d9ca790c78a4,matrix_uuid_or_unreadable_label,medium,Question/answers need original form schema before reliable metrics/clustering.,request Tally form schema / export with readable labels
ri_da3c23bbf52f,tally_wQg7B1,q_da3c23bbf52f,matrix_uuid_or_unreadable_label,medium,Question/answers need original form schema before reliable metrics/clustering.,request Tally form schema / export with readable labels
ri_bec0c8dc2149,tally_wQg7B1,q_bec0c8dc2149,matrix_uuid_or_unreadable_label,medium,Question/answers need original form schema before reliable metrics/clustering.,request Tally form schema / export with readable labels
ri_50f59f2d4666,tally_wQg7B1,q_50f59f2d4666,matrix_uuid_or_unreadable_label,medium,Question/answers need original form schema before reliable metrics/clustering.,request Tally form schema / export with readable labels
ri_6ca27a2470a5,tally_3Xq28g,q_6ca27a2470a5,unreliable_or_reconstructed_question,high,Question label or answer mapping is not fully reliable.,request Tally form schema / export with readable labels
ri_8cba94dd6451,tally_3Xq28g,q_8cba94dd6451,matrix_uuid_or_unreadable_label,medium,Question/answers need original form schema before reliable metrics/clustering.,request Tally form schema / export with readable labels
ri_ce4fd583f1cc,tally_wAjG2l,q_ce4fd583f1cc,matrix_uuid_or_unreadable_label,medium,Question/answers need original form schema before reliable metrics/clustering.,request Tally form schema / export with readable labels
ri_e912697d38d7,tally_wAjG2l,q_e912697d38d7,matrix_uuid_or_unreadable_label,medium,Question/answers need original form schema before reliable metrics/clustering.,request Tally form schema / export with readable labels
ri_7fe47b6854ed,tally_wMajBk,q_7fe47b6854ed,matrix_uuid_or_unreadable_label,medium,Question/answers need original form schema before reliable metrics/clustering.,request Tally form schema / export with readable labels
ri_215ff68b7376,tally_wMajBk,q_215ff68b7376,matrix_uuid_or_unreadable_label,medium,Question/answers need original form schema before reliable metrics/clustering.,request Tally form schema / export with readable labels
ri_6828483e6e75,tally_wMajBk,q_6828483e6e75,matrix_uuid_or_unreadable_label,medium,Question/answers need original form schema before reliable metrics/clustering.,request Tally form schema / export with readable labels
ri_7fbd9788c5e7,tally_wMajBk,q_7fbd9788c5e7,matrix_uuid_or_unreadable_label,medium,Question/answers need original form schema before reliable metrics/clustering.,request Tally form schema / export with readable labels
ri_2c6a56a22150,tally_wMajBk,q_2c6a56a22150,matrix_uuid_or_unreadable_label,medium,Question/answers need original form schema before reliable metrics/clustering.,request Tally form schema / export with readable labels
ri_9bec5c2b5838,tally_wQ0kPl,q_9bec5c2b5838,matrix_uuid_or_unreadable_label,medium,Question/answers need original form schema before reliable metrics/clustering.,request Tally form schema / export with readable labels
ri_334170b4eb9f,tally_wQ0kPl,q_334170b4eb9f,matrix_uuid_or_unreadable_label,medium,Question/answers need original form schema before reliable metrics/clustering.,request Tally form schema / export with readable labels
ri_08fc8b0c1706,tally_wQ0kPl,q_08fc8b0c1706,matrix_uuid_or_unreadable_label,medium,Question/answers need original form schema before reliable metrics/clustering.,request Tally form schema / export with readable labels
ri_00074fadfcc6,tally_wQ0kPl,q_00074fadfcc6,matrix_uuid_or_unreadable_label,medium,Question/answers need original form schema before reliable metrics/clustering.,request Tally form schema / export with readable labels
ri_87b5ac5e8040,tally_wQ0kPl,q_87b5ac5e8040,matrix_uuid_or_unreadable_label,medium,Question/answers need original form schema before reliable metrics/clustering.,request Tally form schema / export with readable labels
ri_067967d86532,tally_wQ0kPl,q_067967d86532,matrix_uuid_or_unreadable_label,medium,Question/answers need original form schema before reliable metrics/clustering.,request Tally form schema / export with readable labels
ri_3150238e4600,tally_wQ0kPl,q_3150238e4600,matrix_uuid_or_unreadable_label,medium,Question/answers need original form schema before reliable metrics/clustering.,request Tally form schema / export with readable labels
ri_b03fefd6c5a3,tally_wQ0kPl,q_b03fefd6c5a3,matrix_uuid_or_unreadable_label,medium,Question/answers need original form schema before reliable metrics/clustering.,request Tally form schema / export with readable labels
ri_59d6b9a15b2e,tally_wQ0kPl,q_59d6b9a15b2e,matrix_uuid_or_unreadable_label,medium,Question/answers need original form schema before reliable metrics/clustering.,request Tally form schema / export with readable labels
ri_a88299769188,tally_wQ0kPl,q_a88299769188,unreliable_or_reconstructed_question,high,Question label or answer mapping is not fully reliable.,request Tally form schema / export with readable labels
ri_6c4ef874ea70,tally_wQ0kPl,q_6c4ef874ea70,unreliable_or_reconstructed_question,high,Question label or answer mapping is not fully reliable.,request Tally form schema / export with readable labels
ri_cdb92738a205,tally_wQ0kPl,q_cdb92738a205,unreliable_or_reconstructed_question,high,Question label or answer mapping is not fully reliable.,request Tally form schema / export with readable labels
ri_46f71648c1cf,tally_wQ0kPl,q_46f71648c1cf,unreliable_or_reconstructed_question,high,Question label or answer mapping is not fully reliable.,request Tally form schema / export with readable labels
ri_6e4650652950,tally_wQ0kPl,q_6e4650652950,matrix_uuid_or_unreadable_label,medium,Question/answers need original form schema before reliable metrics/clustering.,request Tally form schema / export with readable labels
ri_029873e83925,tally_wQ0kPl,q_029873e83925,matrix_uuid_or_unreadable_label,medium,Question/answers need original form schema before reliable metrics/clustering.,request Tally form schema / export with readable labels
ri_61127eb76c61,tally_wQ0kPl,q_61127eb76c61,matrix_uuid_or_unreadable_label,medium,Question/answers need original form schema before reliable metrics/clustering.,request Tally form schema / export with readable labels
ri_2c1f017cc475,tally_wQ0kPl,q_2c1f017cc475,matrix_uuid_or_unreadable_label,medium,Question/answers need original form schema before reliable metrics/clustering.,request Tally form schema / export with readable labels
ri_8e8d90600fd8,tally_wQ0kPl,q_8e8d90600fd8,matrix_uuid_or_unreadable_label,medium,Question/answers need original form schema before reliable metrics/clustering.,request Tally form schema / export with readable labels
ri_1c55b019c003,tally_wQ0kPl,q_1c55b019c003,unreliable_or_reconstructed_question,high,Question label or answer mapping is not fully reliable.,request Tally form schema / export with readable labels
ri_448cf985254b,tally_mBdjeR,q_448cf985254b,matrix_uuid_or_unreadable_label,medium,Question/answers need original form schema before reliable metrics/clustering.,request Tally form schema / export with readable labels
ri_cbb0af9ff4de,tally_mBdjeR,q_cbb0af9ff4de,matrix_uuid_or_unreadable_label,medium,Question/answers need original form schema before reliable metrics/clustering.,request Tally form schema / export with readable labels
ri_a73919241c32,tally_mBdjeR,q_a73919241c32,matrix_uuid_or_unreadable_label,medium,Question/answers need original form schema before reliable metrics/clustering.,request Tally form schema / export with readable labels
ri_24a705ffa5e7,tally_mBdjeR,q_24a705ffa5e7,unreliable_or_reconstructed_question,high,Question label or answer mapping is not fully reliable.,request Tally form schema / export with readable labels
ri_9b86a65010ce,tally_mBdjeR,q_9b86a65010ce,unreliable_or_reconstructed_question,high,Question label or answer mapping is not fully reliable.,request Tally form schema / export with readable labels
ri_3a24de7ff3f0,tally_mO0Gxg,q_3a24de7ff3f0,unreliable_or_reconstructed_question,high,Question label or answer mapping is not fully reliable.,request Tally form schema / export with readable labels
ri_6d6f50d62f74,tally_mO0Gxg,q_6d6f50d62f74,unreliable_or_reconstructed_question,high,Question label or answer mapping is not fully reliable.,request Tally form schema / export with readable labels
ri_b54d134cc7e0,tally_mO0Gxg,q_b54d134cc7e0,unreliable_or_reconstructed_question,high,Question label or answer mapping is not fully reliable.,request Tally form schema / export with readable labels
ri_1bb93aa7fdcd,tally_mO0Gxg,q_1bb93aa7fdcd,unreliable_or_reconstructed_question,high,Question label or answer mapping is not fully reliable.,request Tally form schema / export with readable labels
ri_abb2830251bb,tally_mO0Gxg,q_abb2830251bb,unreliable_or_reconstructed_question,high,Question label or answer mapping is not fully reliable.,request Tally form schema / export with readable labels
ri_2981be02d7d6,tally_mO0Gxg,q_2981be02d7d6,unreliable_or_reconstructed_question,high,Question label or answer mapping is not fully reliable.,request Tally form schema / export with readable labels
ri_eaf88fbe2f39,tally_mO0Gxg,q_eaf88fbe2f39,unreliable_or_reconstructed_question,high,Question label or answer mapping is not fully reliable.,request Tally form schema / export with readable labels
ri_d1edd7f1a147,tally_mO0Gxg,q_d1edd7f1a147,unreliable_or_reconstructed_question,high,Question label or answer mapping is not fully reliable.,request Tally form schema / export with readable labels
ri_2f49e75c248b,tally_mO0Gxg,q_2f49e75c248b,unreliable_or_reconstructed_question,high,Question label or answer mapping is not fully reliable.,request Tally form schema / export with readable labels
ri_c5eb15e94070,tally_mO0Gxg,q_c5eb15e94070,unreliable_or_reconstructed_question,high,Question label or answer mapping is not fully reliable.,request Tally form schema / export with readable labels
ri_8336700a255e,tally_mO0Gxg,q_8336700a255e,matrix_uuid_or_unreadable_label,medium,Question/answers need original form schema before reliable metrics/clustering.,request Tally form schema / export with readable labels
ri_f14aba3a6747,tally_mO0Gxg,q_f14aba3a6747,matrix_uuid_or_unreadable_label,medium,Question/answers need original form schema before reliable metrics/clustering.,request Tally form schema / export with readable labels
ri_a4d12c476a38,tally_mO0Gxg,q_a4d12c476a38,matrix_uuid_or_unreadable_label,medium,Question/answers need original form schema before reliable metrics/clustering.,request Tally form schema / export with readable labels
ri_8803e0ca0ae9,tally_mO0Gxg,q_8803e0ca0ae9,unreliable_or_reconstructed_question,high,Question label or answer mapping is not fully reliable.,request Tally form schema / export with readable labels
ri_df8256859ac4,tally_mO0Gxg,q_df8256859ac4,unreliable_or_reconstructed_question,high,Question label or answer mapping is not fully reliable.,request Tally form schema / export with readable labels
ri_32d11d32e556,tally_mO0Gxg,q_32d11d32e556,unreliable_or_reconstructed_question,high,Question label or answer mapping is not fully reliable.,request Tally form schema / export with readable labels
ri_22a00de35edd,tally_mO0Gxg,q_22a00de35edd,unreliable_or_reconstructed_question,high,Question label or answer mapping is not fully reliable.,request Tally form schema / export with readable labels
ri_01aa52e5d6b0,tally_mO0Gxg,q_01aa52e5d6b0,unreliable_or_reconstructed_question,high,Question label or answer mapping is not fully reliable.,request Tally form schema / export with readable labels
ri_d40bea30a3c1,tally_mO0Gxg,q_d40bea30a3c1,unreliable_or_reconstructed_question,high,Question label or answer mapping is not fully reliable.,request Tally form schema / export with readable labels
ri_06aac477694c,tally_mO0Gxg,q_06aac477694c,unreliable_or_reconstructed_question,high,Question label or answer mapping is not fully reliable.,request Tally form schema / export with readable labels
ri_999324e6420d,tally_mO0Gxg,q_999324e6420d,unreliable_or_reconstructed_question,high,Question label or answer mapping is not fully reliable.,request Tally form schema / export with readable labels
ri_92026abc7d25,tally_mO0Gxg,q_92026abc7d25,unreliable_or_reconstructed_question,high,Question label or answer mapping is not fully reliable.,request Tally form schema / export with readable labels
ri_da9a4ed47919,tally_mO0Gxg,q_da9a4ed47919,unreliable_or_reconstructed_question,high,Question label or answer mapping is not fully reliable.,request Tally form schema / export with readable labels
ri_63221690a15f,tally_mO0Gxg,q_63221690a15f,matrix_uuid_or_unreadable_label,medium,Question/answers need original form schema before reliable metrics/clustering.,request Tally form schema / export with readable labels
ri_71e85fce9759,tally_mO0Gxg,q_71e85fce9759,matrix_uuid_or_unreadable_label,medium,Question/answers need original form schema before reliable metrics/clustering.,request Tally form schema / export with readable labels
ri_343c313d60ba,tally_mVbAdJ,q_343c313d60ba,unreliable_or_reconstructed_question,high,Question label or answer mapping is not fully reliable.,request Tally form schema / export with readable labels
ri_002426d0dbda,tally_mVbAdJ,q_002426d0dbda,matrix_uuid_or_unreadable_label,medium,Question/answers need original form schema before reliable metrics/clustering.,request Tally form schema / export with readable labels
ri_8b5134538e79,tally_mVbAdJ,q_8b5134538e79,matrix_uuid_or_unreadable_label,medium,Question/answers need original form schema before reliable metrics/clustering.,request Tally form schema / export with readable labels
ri_1cd97d4f4faf,tally_mVbAdJ,q_1cd97d4f4faf,matrix_uuid_or_unreadable_label,medium,Question/answers need original form schema before reliable metrics/clustering.,request Tally form schema / export with readable labels
ri_01bdef0611d1,tally_mR5L8p,q_01bdef0611d1,unreliable_or_reconstructed_question,high,Question label or answer mapping is not fully reliable.,request Tally form schema / export with readable labels
ri_061ba7739559,tally_mR5L8p,q_061ba7739559,matrix_uuid_or_unreadable_label,medium,Question/answers need original form schema before reliable metrics/clustering.,request Tally form schema / export with readable labels
ri_34dfd5fd1313,tally_mR5L8p,q_34dfd5fd1313,matrix_uuid_or_unreadable_label,medium,Question/answers need original form schema before reliable metrics/clustering.,request Tally form schema / export with readable labels
ri_43acb23237ed,tally_mR5L8p,q_43acb23237ed,matrix_uuid_or_unreadable_label,medium,Question/answers need original form schema before reliable metrics/clustering.,request Tally form schema / export with readable labels
ri_2578feafb72b,tally_mR5L8p,q_2578feafb72b,matrix_uuid_or_unreadable_label,medium,Question/answers need original form schema before reliable metrics/clustering.,request Tally form schema / export with readable labels
ri_e4fe69965d1c,tally_mR5L8p,q_e4fe69965d1c,matrix_uuid_or_unreadable_label,medium,Question/answers need original form schema before reliable metrics/clustering.,request Tally form schema / export with readable labels
ri_f1c52a9866bd,tally_mR5L8p,q_f1c52a9866bd,matrix_uuid_or_unreadable_label,medium,Question/answers need original form schema before reliable metrics/clustering.,request Tally form schema / export with readable labels
ri_a7dbed7289fd,tally_mR5L8p,q_a7dbed7289fd,matrix_uuid_or_unreadable_label,medium,Question/answers need original form schema before reliable metrics/clustering.,request Tally form schema / export with readable labels
ri_6dfa8d37280c,tally_mR5L8p,q_6dfa8d37280c,matrix_uuid_or_unreadable_label,medium,Question/answers need original form schema before reliable metrics/clustering.,request Tally form schema / export with readable labels
ri_d388f6fa91bf,tally_mR5L8p,q_d388f6fa91bf,matrix_uuid_or_unreadable_label,medium,Question/answers need original form schema before reliable metrics/clustering.,request Tally form schema / export with readable labels
ri_aefb0c54238a,tally_mR5L8p,q_aefb0c54238a,matrix_uuid_or_unreadable_label,medium,Question/answers need original form schema before reliable metrics/clustering.,request Tally form schema / export with readable labels
ri_3528b10f7813,tally_mR5L8p,q_3528b10f7813,matrix_uuid_or_unreadable_label,medium,Question/answers need original form schema before reliable metrics/clustering.,request Tally form schema / export with readable labels
ri_04dbd71655ea,tally_mR5L8p,q_04dbd71655ea,matrix_uuid_or_unreadable_label,medium,Question/answers need original form schema before reliable metrics/clustering.,request Tally form schema / export with readable labels
ri_817417581e58,tally_mR5L8p,q_817417581e58,matrix_uuid_or_unreadable_label,medium,Question/answers need original form schema before reliable metrics/clustering.,request Tally form schema / export with readable labels
ri_0a4f9f4f1c9c,tally_mR5L8p,q_0a4f9f4f1c9c,matrix_uuid_or_unreadable_label,medium,Question/answers need original form schema before reliable metrics/clustering.,request Tally form schema / export with readable labels
ri_1e921cf2f8a2,tally_GxKD0e,q_1e921cf2f8a2,matrix_uuid_or_unreadable_label,medium,Question/answers need original form schema before reliable metrics/clustering.,request Tally form schema / export with readable labels
ri_a43fec6f6d12,tally_GxKD0e,q_a43fec6f6d12,unreliable_or_reconstructed_question,high,Question label or answer mapping is not fully reliable.,request Tally form schema / export with readable labels
ri_e88b33d6b715,tally_Zj8dZ5,q_e88b33d6b715,matrix_uuid_or_unreadable_label,medium,Question/answers need original form schema before reliable metrics/clustering.,request Tally form schema / export with readable labels
ri_032608fb33d1,tally_Zj8dZ5,q_032608fb33d1,matrix_uuid_or_unreadable_label,high,Question/answers need original form schema before reliable metrics/clustering.,request Tally form schema / export with readable labels
ri_d51523d06794,tally_m6jGbB,q_d51523d06794,unreliable_or_reconstructed_question,high,Question label or answer mapping is not fully reliable.,request Tally form schema / export with readable labels
ri_54fe4f078caa,tally_m6jGbB,q_54fe4f078caa,unreliable_or_reconstructed_question,high,Question label or answer mapping is not fully reliable.,request Tally form schema / export with readable labels
ri_c18e0fff0f82,tally_m6jGbB,q_c18e0fff0f82,unreliable_or_reconstructed_question,high,Question label or answer mapping is not fully reliable.,request Tally form schema / export with readable labels
ri_a762749c4487,tally_m6jGbB,q_a762749c4487,unreliable_or_reconstructed_question,high,Question label or answer mapping is not fully reliable.,request Tally form schema / export with readable labels
ri_cf239964a80d,tally_m6jGbB,q_cf239964a80d,unreliable_or_reconstructed_question,high,Question label or answer mapping is not fully reliable.,request Tally form schema / export with readable labels
ri_92fd6b7057ec,tally_m6jGbB,q_92fd6b7057ec,unreliable_or_reconstructed_question,high,Question label or answer mapping is not fully reliable.,request Tally form schema / export with readable labels
ri_335982e6b1f0,tally_m6jGbB,q_335982e6b1f0,unreliable_or_reconstructed_question,high,Question label or answer mapping is not fully reliable.,request Tally form schema / export with readable labels
ri_c8966a7808d6,tally_m6jGbB,q_c8966a7808d6,unreliable_or_reconstructed_question,high,Question label or answer mapping is not fully reliable.,request Tally form schema / export with readable labels
ri_8569f52b2de6,tally_m6jGbB,q_8569f52b2de6,unreliable_or_reconstructed_question,high,Question label or answer mapping is not fully reliable.,request Tally form schema / export with readable labels
ri_375a9fd5a6c0,tally_m6jGbB,q_375a9fd5a6c0,unreliable_or_reconstructed_question,high,Question label or answer mapping is not fully reliable.,request Tally form schema / export with readable labels
ri_5c6dad63175e,tally_m6jGbB,q_5c6dad63175e,unreliable_or_reconstructed_question,high,Question label or answer mapping is not fully reliable.,request Tally form schema / export with readable labels
ri_37719794f7b4,tally_m6jGbB,q_37719794f7b4,unreliable_or_reconstructed_question,high,Question label or answer mapping is not fully reliable.,request Tally form schema / export with readable labels
ri_f2e335353e6c,tally_m6jGbB,q_f2e335353e6c,unreliable_or_reconstructed_question,high,Question label or answer mapping is not fully reliable.,request Tally form schema / export with readable labels
ri_e56847a76cd5,tally_m6jGbB,q_e56847a76cd5,unreliable_or_reconstructed_question,high,Question label or answer mapping is not fully reliable.,request Tally form schema / export with readable labels
ri_f4b018f8d7dc,tally_m6jGbB,q_f4b018f8d7dc,unreliable_or_reconstructed_question,high,Question label or answer mapping is not fully reliable.,request Tally form schema / export with readable labels
ri_2fec712a79c5,tally_m6jGbB,q_2fec712a79c5,unreliable_or_reconstructed_question,high,Question label or answer mapping is not fully reliable.,request Tally form schema / export with readable labels
ri_891688c1d672,tally_m6jGbB,q_891688c1d672,unreliable_or_reconstructed_question,high,Question label or answer mapping is not fully reliable.,request Tally form schema / export with readable labels
ri_c0e86b214401,tally_m6jGbB,q_c0e86b214401,unreliable_or_reconstructed_question,high,Question label or answer mapping is not fully reliable.,request Tally form schema / export with readable labels
ri_fbf561e54bf3,tally_m6jGbB,q_fbf561e54bf3,unreliable_or_reconstructed_question,high,Question label or answer mapping is not fully reliable.,request Tally form schema / export with readable labels
ri_422d0e39d50e,tally_m6jGbB,q_422d0e39d50e,unreliable_or_reconstructed_question,high,Question label or answer mapping is not fully reliable.,request Tally form schema / export with readable labels
ri_be3e4efc8faf,tally_m6jGbB,q_be3e4efc8faf,unreliable_or_reconstructed_question,high,Question label or answer mapping is not fully reliable.,request Tally form schema / export with readable labels
ri_1103efb87687,tally_m6jGbB,q_1103efb87687,unreliable_or_reconstructed_question,high,Question label or answer mapping is not fully reliable.,request Tally form schema / export with readable labels
ri_e4cbbe9fdb5a,tally_m6jGbB,q_e4cbbe9fdb5a,unreliable_or_reconstructed_question,high,Question label or answer mapping is not fully reliable.,request Tally form schema / export with readable labels
ri_46fd755fc867,tally_m6jGbB,q_46fd755fc867,unreliable_or_reconstructed_question,high,Question label or answer mapping is not fully reliable.,request Tally form schema / export with readable labels
ri_7ef5703ccf25,tally_m6jGbB,q_7ef5703ccf25,unreliable_or_reconstructed_question,high,Question label or answer mapping is not fully reliable.,request Tally form schema / export with readable labels
ri_d731c3e72203,tally_m6jGbB,q_d731c3e72203,unreliable_or_reconstructed_question,high,Question label or answer mapping is not fully reliable.,request Tally form schema / export with readable labels
ri_def6ce03fecb,tally_m6jGbB,q_def6ce03fecb,unreliable_or_reconstructed_question,high,Question label or answer mapping is not fully reliable.,request Tally form schema / export with readable labels
ri_c949bca50107,tally_m6jGbB,q_c949bca50107,unreliable_or_reconstructed_question,high,Question label or answer mapping is not fully reliable.,request Tally form schema / export with readable labels
ri_577790cc27a6,tally_m6jGbB,q_577790cc27a6,unreliable_or_reconstructed_question,high,Question label or answer mapping is not fully reliable.,request Tally form schema / export with readable labels
ri_b12fd2584e78,tally_w2k0VA,q_b12fd2584e78,unreliable_or_reconstructed_question,high,Question label or answer mapping is not fully reliable.,request Tally form schema / export with readable labels
ri_713a205afafa,tally_w2k0VA,q_713a205afafa,unreliable_or_reconstructed_question,high,Question label or answer mapping is not fully reliable.,request Tally form schema / export with readable labels
ri_a1e798786946,tally_w2k0VA,q_a1e798786946,unreliable_or_reconstructed_question,high,Question label or answer mapping is not fully reliable.,request Tally form schema / export with readable labels
ri_dba4988caf13,tally_w2k0VA,q_dba4988caf13,unreliable_or_reconstructed_question,high,Question label or answer mapping is not fully reliable.,request Tally form schema / export with readable labels
ri_b8641c360fb1,tally_w2k0VA,q_b8641c360fb1,unreliable_or_reconstructed_question,high,Question label or answer mapping is not fully reliable.,request Tally form schema / export with readable labels
ri_feb82f0b13d5,tally_w2k0VA,q_feb82f0b13d5,unreliable_or_reconstructed_question,high,Question label or answer mapping is not fully reliable.,request Tally form schema / export with readable labels
ri_ec919a54981b,tally_w2k0VA,q_ec919a54981b,unreliable_or_reconstructed_question,high,Question label or answer mapping is not fully reliable.,request Tally form schema / export with readable labels
ri_09a343cb63b3,tally_w2k0VA,q_09a343cb63b3,unreliable_or_reconstructed_question,high,Question label or answer mapping is not fully reliable.,request Tally form schema / export with readable labels
ri_570a463ef112,tally_w2k0VA,q_570a463ef112,unreliable_or_reconstructed_question,high,Question label or answer mapping is not fully reliable.,request Tally form schema / export with readable labels
ri_c5c183f7fdf8,tally_w2k0VA,q_c5c183f7fdf8,unreliable_or_reconstructed_question,high,Question label or answer mapping is not fully reliable.,request Tally form schema / export with readable labels
ri_3a76d1d18e09,tally_w2k0VA,q_3a76d1d18e09,matrix_uuid_or_unreadable_label,medium,Question/answers need original form schema before reliable metrics/clustering.,request Tally form schema / export with readable labels
ri_e4cd2492af98,tally_w2k0VA,q_e4cd2492af98,unreliable_or_reconstructed_question,high,Question label or answer mapping is not fully reliable.,request Tally form schema / export with readable labels
ri_6751f5f543ce,tally_w2k0VA,q_6751f5f543ce,unreliable_or_reconstructed_question,high,Question label or answer mapping is not fully reliable.,request Tally form schema / export with readable labels
ri_18cd77534184,tally_w2k0VA,q_18cd77534184,unreliable_or_reconstructed_question,high,Question label or answer mapping is not fully reliable.,request Tally form schema / export with readable labels
ri_97ea7dfa5ad6,tally_w2k0VA,q_97ea7dfa5ad6,unreliable_or_reconstructed_question,high,Question label or answer mapping is not fully reliable.,request Tally form schema / export with readable labels
ri_9d839596b980,tally_w2k0VA,q_9d839596b980,unreliable_or_reconstructed_question,high,Question label or answer mapping is not fully reliable.,request Tally form schema / export with readable labels
ri_9804a41dc1bc,tally_w2k0VA,q_9804a41dc1bc,unreliable_or_reconstructed_question,high,Question label or answer mapping is not fully reliable.,request Tally form schema / export with readable labels
ri_8994626321d6,tally_w2k0VA,q_8994626321d6,unreliable_or_reconstructed_question,high,Question label or answer mapping is not fully reliable.,request Tally form schema / export with readable labels
ri_6e9c473d64ff,tally_w2k0VA,q_6e9c473d64ff,unreliable_or_reconstructed_question,high,Question label or answer mapping is not fully reliable.,request Tally form schema / export with readable labels
ri_a44368bc03a0,tally_w2k0VA,q_a44368bc03a0,unreliable_or_reconstructed_question,high,Question label or answer mapping is not fully reliable.,request Tally form schema / export with readable labels
ri_da3ba5f30b94,tally_w2k0VA,q_da3ba5f30b94,unreliable_or_reconstructed_question,high,Question label or answer mapping is not fully reliable.,request Tally form schema / export with readable labels
ri_184ee259b7c6,tally_w2k0VA,q_184ee259b7c6,unreliable_or_reconstructed_question,high,Question label or answer mapping is not fully reliable.,request Tally form schema / export with readable labels
ri_e8c875227cf0,tally_w2k0VA,q_e8c875227cf0,unreliable_or_reconstructed_question,high,Question label or answer mapping is not fully reliable.,request Tally form schema / export with readable labels
ri_c913c1330d00,tally_mYdZAd,q_c913c1330d00,unreliable_or_reconstructed_question,high,Question label or answer mapping is not fully reliable.,request Tally form schema / export with readable labels
ri_1c58e551e5e6,tally_mYdZAd,q_1c58e551e5e6,unreliable_or_reconstructed_question,high,Question label or answer mapping is not fully reliable.,request Tally form schema / export with readable labels
ri_5a18bbaed783,tally_mYdZAd,q_5a18bbaed783,unreliable_or_reconstructed_question,high,Question label or answer mapping is not fully reliable.,request Tally form schema / export with readable labels
ri_2f7aa6f0dabf,tally_mYdZAd,q_2f7aa6f0dabf,unreliable_or_reconstructed_question,high,Question label or answer mapping is not fully reliable.,request Tally form schema / export with readable labels
ri_f7b487cb81fd,tally_mYdZAd,q_f7b487cb81fd,unreliable_or_reconstructed_question,high,Question label or answer mapping is not fully reliable.,request Tally form schema / export with readable labels
ri_7ef12395cbb6,tally_mYdZAd,q_7ef12395cbb6,unreliable_or_reconstructed_question,high,Question label or answer mapping is not fully reliable.,request Tally form schema / export with readable labels
ri_4ad62b75fdac,tally_mYdZAd,q_4ad62b75fdac,unreliable_or_reconstructed_question,high,Question label or answer mapping is not fully reliable.,request Tally form schema / export with readable labels
ri_c95ab9f2039f,tally_mYdZAd,q_c95ab9f2039f,unreliable_or_reconstructed_question,high,Question label or answer mapping is not fully reliable.,request Tally form schema / export with readable labels
ri_e291eb00568f,tally_mYdZAd,q_e291eb00568f,unreliable_or_reconstructed_question,high,Question label or answer mapping is not fully reliable.,request Tally form schema / export with readable labels
ri_c12b58079e39,tally_mYdZAd,q_c12b58079e39,unreliable_or_reconstructed_question,high,Question label or answer mapping is not fully reliable.,request Tally form schema / export with readable labels
ri_463315af2bf7,tally_mYdZAd,q_463315af2bf7,matrix_uuid_or_unreadable_label,medium,Question/answers need original form schema before reliable metrics/clustering.,request Tally form schema / export with readable labels
ri_3b6d59c70761,tally_mYdZAd,q_3b6d59c70761,unreliable_or_reconstructed_question,high,Question label or answer mapping is not fully reliable.,request Tally form schema / export with readable labels
ri_94381828d633,tally_mYdZAd,q_94381828d633,unreliable_or_reconstructed_question,high,Question label or answer mapping is not fully reliable.,request Tally form schema / export with readable labels
ri_ced73cefe002,tally_mYdZAd,q_ced73cefe002,unreliable_or_reconstructed_question,high,Question label or answer mapping is not fully reliable.,request Tally form schema / export with readable labels
ri_597c6d993b1e,tally_mYdZAd,q_597c6d993b1e,unreliable_or_reconstructed_question,high,Question label or answer mapping is not fully reliable.,request Tally form schema / export with readable labels
ri_72b55b4411bd,tally_mYdZAd,q_72b55b4411bd,unreliable_or_reconstructed_question,high,Question label or answer mapping is not fully reliable.,request Tally form schema / export with readable labels
ri_d72a4a7e5c9b,tally_mYdZAd,q_d72a4a7e5c9b,unreliable_or_reconstructed_question,high,Question label or answer mapping is not fully reliable.,request Tally form schema / export with readable labels
ri_d87869ab4fbb,tally_mYdZAd,q_d87869ab4fbb,unreliable_or_reconstructed_question,high,Question label or answer mapping is not fully reliable.,request Tally form schema / export with readable labels
ri_6d63ab41fd52,tally_mYdZAd,q_6d63ab41fd52,unreliable_or_reconstructed_question,high,Question label or answer mapping is not fully reliable.,request Tally form schema / export with readable labels
ri_f8cddb0bd7bd,tally_mYdZAd,q_f8cddb0bd7bd,unreliable_or_reconstructed_question,high,Question label or answer mapping is not fully reliable.,request Tally form schema / export with readable labels
ri_38eaecee658e,tally_mYdZAd,q_38eaecee658e,unreliable_or_reconstructed_question,high,Question label or answer mapping is not fully reliable.,request Tally form schema / export with readable labels
ri_3a40e75f4234,tally_mYdZAd,q_3a40e75f4234,unreliable_or_reconstructed_question,high,Question label or answer mapping is not fully reliable.,request Tally form schema / export with readable labels
ri_6fb1da300555,tally_mYdZAd,q_6fb1da300555,unreliable_or_reconstructed_question,high,Question label or answer mapping is not fully reliable.,request Tally form schema / export with readable labels
ri_7c8ff1bb635a,tally_n9o71Y,q_7c8ff1bb635a,matrix_uuid_or_unreadable_label,medium,Question/answers need original form schema before reliable metrics/clustering.,request Tally form schema / export with readable labels
ri_821721d685d8,tally_n9o71Y,q_821721d685d8,unreliable_or_reconstructed_question,high,Question label or answer mapping is not fully reliable.,request Tally form schema / export with readable labels
ri_ffba0c210d65,tally_n9o71Y,q_ffba0c210d65,matrix_uuid_or_unreadable_label,medium,Question/answers need original form schema before reliable metrics/clustering.,request Tally form schema / export with readable labels
ri_5967420edce0,tally_n9o71Y,q_5967420edce0,matrix_uuid_or_unreadable_label,medium,Question/answers need original form schema before reliable metrics/clustering.,request Tally form schema / export with readable labels
ri_d9fba6b9d904,tally_n9o71Y,q_d9fba6b9d904,unreliable_or_reconstructed_question,high,Question label or answer mapping is not fully reliable.,request Tally form schema / export with readable labels
ri_ad1f3a17fb32,tally_n9o71Y,q_ad1f3a17fb32,unreliable_or_reconstructed_question,high,Question label or answer mapping is not fully reliable.,request Tally form schema / export with readable labels
ri_5bbb874e1211,tally_n9o71Y,q_5bbb874e1211,unreliable_or_reconstructed_question,high,Question label or answer mapping is not fully reliable.,request Tally form schema / export with readable labels
ri_c89365146107,tally_mV8ZEj,q_c89365146107,unreliable_or_reconstructed_question,high,Question label or answer mapping is not fully reliable.,request Tally form schema / export with readable labels
ri_001eb0e60278,tally_mV8ZEj,q_001eb0e60278,unreliable_or_reconstructed_question,high,Question label or answer mapping is not fully reliable.,request Tally form schema / export with readable labels
ri_ad5e40482d07,tally_mV8ZEj,q_ad5e40482d07,unreliable_or_reconstructed_question,high,Question label or answer mapping is not fully reliable.,request Tally form schema / export with readable labels
ri_54e4bb828f69,tally_mV8ZEj,q_54e4bb828f69,unreliable_or_reconstructed_question,high,Question label or answer mapping is not fully reliable.,request Tally form schema / export with readable labels
ri_cd203c079354,tally_mV8ZEj,q_cd203c079354,unreliable_or_reconstructed_question,high,Question label or answer mapping is not fully reliable.,request Tally form schema / export with readable labels
ri_dfe558602649,tally_mV8ZEj,q_dfe558602649,unreliable_or_reconstructed_question,high,Question label or answer mapping is not fully reliable.,request Tally form schema / export with readable labels
ri_8a78dfa667f6,tally_mV8ZEj,q_8a78dfa667f6,unreliable_or_reconstructed_question,high,Question label or answer mapping is not fully reliable.,request Tally form schema / export with readable labels
ri_9c8bcfa6c52c,tally_mV8ZEj,q_9c8bcfa6c52c,unreliable_or_reconstructed_question,high,Question label or answer mapping is not fully reliable.,request Tally form schema / export with readable labels
ri_ac12ae674728,tally_mV8ZEj,q_ac12ae674728,unreliable_or_reconstructed_question,high,Question label or answer mapping is not fully reliable.,request Tally form schema / export with readable labels
ri_5789318c62c3,tally_mV8ZEj,q_5789318c62c3,unreliable_or_reconstructed_question,high,Question label or answer mapping is not fully reliable.,request Tally form schema / export with readable labels
ri_5aee7cafadc5,tally_mV8ZEj,q_5aee7cafadc5,matrix_uuid_or_unreadable_label,medium,Question/answers need original form schema before reliable metrics/clustering.,request Tally form schema / export with readable labels
ri_eb2405a0bbf5,tally_mV8ZEj,q_eb2405a0bbf5,unreliable_or_reconstructed_question,high,Question label or answer mapping is not fully reliable.,request Tally form schema / export with readable labels
ri_15547159869c,tally_mV8ZEj,q_15547159869c,unreliable_or_reconstructed_question,high,Question label or answer mapping is not fully reliable.,request Tally form schema / export with readable labels
ri_f23356180564,tally_mV8ZEj,q_f23356180564,unreliable_or_reconstructed_question,high,Question label or answer mapping is not fully reliable.,request Tally form schema / export with readable labels
ri_b08f087a860a,tally_mV8ZEj,q_b08f087a860a,unreliable_or_reconstructed_question,high,Question label or answer mapping is not fully reliable.,request Tally form schema / export with readable labels
ri_20f237085d66,tally_mV8ZEj,q_20f237085d66,unreliable_or_reconstructed_question,high,Question label or answer mapping is not fully reliable.,request Tally form schema / export with readable labels
ri_9a1b59e7c639,tally_mV8ZEj,q_9a1b59e7c639,unreliable_or_reconstructed_question,high,Question label or answer mapping is not fully reliable.,request Tally form schema / export with readable labels
ri_8f2afddacce2,tally_mV8ZEj,q_8f2afddacce2,unreliable_or_reconstructed_question,high,Question label or answer mapping is not fully reliable.,request Tally form schema / export with readable labels
ri_d389bf56845b,tally_mV8ZEj,q_d389bf56845b,unreliable_or_reconstructed_question,high,Question label or answer mapping is not fully reliable.,request Tally form schema / export with readable labels
ri_0279ef524c3f,tally_mV8ZEj,q_0279ef524c3f,unreliable_or_reconstructed_question,high,Question label or answer mapping is not fully reliable.,request Tally form schema / export with readable labels
ri_93db0bfbcec1,tally_mV8ZEj,q_93db0bfbcec1,unreliable_or_reconstructed_question,high,Question label or answer mapping is not fully reliable.,request Tally form schema / export with readable labels
ri_ea684146910a,tally_mV8ZEj,q_ea684146910a,unreliable_or_reconstructed_question,high,Question label or answer mapping is not fully reliable.,request Tally form schema / export with readable labels
ri_34fe58d08e30,tally_mV8ZEj,q_34fe58d08e30,unreliable_or_reconstructed_question,high,Question label or answer mapping is not fully reliable.,request Tally form schema / export with readable labels
ri_166ff9c4779a,tally_mV8ZEj,q_166ff9c4779a,unreliable_or_reconstructed_question,high,Question label or answer mapping is not fully reliable.,request Tally form schema / export with readable labels
ri_bb35a02ece05,tally_wvP1zl,q_bb35a02ece05,matrix_uuid_or_unreadable_label,medium,Question/answers need original form schema before reliable metrics/clustering.,request Tally form schema / export with readable labels
ri_5c8ab1836c64,tally_mV8NjM,q_5c8ab1836c64,matrix_uuid_or_unreadable_label,medium,Question/answers need original form schema before reliable metrics/clustering.,request Tally form schema / export with readable labels
ri_a8da9058c661,tally_mV8NjM,q_a8da9058c661,matrix_uuid_or_unreadable_label,medium,Question/answers need original form schema before reliable metrics/clustering.,request Tally form schema / export with readable labels
ri_d536c1024529,tally_mV8NjM,q_d536c1024529,matrix_uuid_or_unreadable_label,medium,Question/answers need original form schema before reliable metrics/clustering.,request Tally form schema / export with readable labels
ri_72ed1cafc900,tally_mV8NjM,q_72ed1cafc900,matrix_uuid_or_unreadable_label,medium,Question/answers need original form schema before reliable metrics/clustering.,request Tally form schema / export with readable labels
ri_271833a25baa,tally_mV8NjM,q_271833a25baa,matrix_uuid_or_unreadable_label,medium,Question/answers need original form schema before reliable metrics/clustering.,request Tally form schema / export with readable labels
ri_badf84552923,tally_mV8NjM,q_badf84552923,matrix_uuid_or_unreadable_label,medium,Question/answers need original form schema before reliable metrics/clustering.,request Tally form schema / export with readable labels
ri_d637029cbf41,tally_mV8NjM,q_d637029cbf41,matrix_uuid_or_unreadable_label,medium,Question/answers need original form schema before reliable metrics/clustering.,request Tally form schema / export with readable labels
ri_061c0571c496,tally_mV8NjM,q_061c0571c496,matrix_uuid_or_unreadable_label,medium,Question/answers need original form schema before reliable metrics/clustering.,request Tally form schema / export with readable labels
ri_cf4bfe92758b,tally_mV8NjM,q_cf4bfe92758b,matrix_uuid_or_unreadable_label,medium,Question/answers need original form schema before reliable metrics/clustering.,request Tally form schema / export with readable labels
ri_f1e4ee8e9622,tally_mV8NjM,q_f1e4ee8e9622,matrix_uuid_or_unreadable_label,medium,Question/answers need original form schema before reliable metrics/clustering.,request Tally form schema / export with readable labels
ri_6f8593ee6dda,tally_mV8NjM,q_6f8593ee6dda,matrix_uuid_or_unreadable_label,medium,Question/answers need original form schema before reliable metrics/clustering.,request Tally form schema / export with readable labels
ri_0eae7c490b9d,tally_mV8NjM,q_0eae7c490b9d,matrix_uuid_or_unreadable_label,medium,Question/answers need original form schema before reliable metrics/clustering.,request Tally form schema / export with readable labels
ri_2964e417fb55,tally_wA8jKB,q_2964e417fb55,matrix_uuid_or_unreadable_label,medium,Question/answers need original form schema before reliable metrics/clustering.,request Tally form schema / export with readable labels
ri_17141a755dd1,tally_wA8jKB,q_17141a755dd1,matrix_uuid_or_unreadable_label,medium,Question/answers need original form schema before reliable metrics/clustering.,request Tally form schema / export with readable labels
ri_7a9aaaef851f,tally_wA8jKB,q_7a9aaaef851f,matrix_uuid_or_unreadable_label,medium,Question/answers need original form schema before reliable metrics/clustering.,request Tally form schema / export with readable labels
ri_1ea648eb40ec,tally_wA8jKB,q_1ea648eb40ec,matrix_uuid_or_unreadable_label,medium,Question/answers need original form schema before reliable metrics/clustering.,request Tally form schema / export with readable labels
ri_921c158f20dd,tally_wA8jKB,q_921c158f20dd,matrix_uuid_or_unreadable_label,medium,Question/answers need original form schema before reliable metrics/clustering.,request Tally form schema / export with readable labels
ri_c75cfa8019f5,tally_wA8jKB,q_c75cfa8019f5,matrix_uuid_or_unreadable_label,medium,Question/answers need original form schema before reliable metrics/clustering.,request Tally form schema / export with readable labels
ri_e02d7ad3c38c,tally_wA8jKB,q_e02d7ad3c38c,matrix_uuid_or_unreadable_label,medium,Question/answers need original form schema before reliable metrics/clustering.,request Tally form schema / export with readable labels
ri_62a29d929f21,tally_wA8jKB,q_62a29d929f21,matrix_uuid_or_unreadable_label,medium,Question/answers need original form schema before reliable metrics/clustering.,request Tally form schema / export with readable labels
ri_f83dd5934f6f,tally_wA8jKB,q_f83dd5934f6f,matrix_uuid_or_unreadable_label,medium,Question/answers need original form schema before reliable metrics/clustering.,request Tally form schema / export with readable labels
ri_860c6d924dc9,tally_wA8jKB,q_860c6d924dc9,matrix_uuid_or_unreadable_label,medium,Question/answers need original form schema before reliable metrics/clustering.,request Tally form schema / export with readable labels
ri_930e3f98fcf3,tally_wA8jKB,q_930e3f98fcf3,matrix_uuid_or_unreadable_label,medium,Question/answers need original form schema before reliable metrics/clustering.,request Tally form schema / export with readable labels
ri_fabb014006e1,tally_wA8jKB,q_fabb014006e1,matrix_uuid_or_unreadable_label,medium,Question/answers need original form schema before reliable metrics/clustering.,request Tally form schema / export with readable labels
ri_494a6ab3436e,tally_w4p4er,q_494a6ab3436e,matrix_uuid_or_unreadable_label,medium,Question/answers need original form schema before reliable metrics/clustering.,request Tally form schema / export with readable labels
ri_bb07097c588c,tally_w4p4er,q_bb07097c588c,unreliable_or_reconstructed_question,high,Question label or answer mapping is not fully reliable.,request Tally form schema / export with readable labels
ri_d116afcc2bf2,tally_w4p4er,q_d116afcc2bf2,matrix_uuid_or_unreadable_label,medium,Question/answers need original form schema before reliable metrics/clustering.,request Tally form schema / export with readable labels
ri_615a6d6704e3,tally_w4p4er,q_615a6d6704e3,matrix_uuid_or_unreadable_label,medium,Question/answers need original form schema before reliable metrics/clustering.,request Tally form schema / export with readable labels
ri_e1ff73c88269,tally_w4p4er,q_e1ff73c88269,unreliable_or_reconstructed_question,high,Question label or answer mapping is not fully reliable.,request Tally form schema / export with readable labels
ri_b3205dfab283,tally_w4p4er,q_b3205dfab283,unreliable_or_reconstructed_question,high,Question label or answer mapping is not fully reliable.,request Tally form schema / export with readable labels
ri_c36846d37a3d,tally_w4p4er,q_c36846d37a3d,unreliable_or_reconstructed_question,high,Question label or answer mapping is not fully reliable.,request Tally form schema / export with readable labels
ri_b43256404576,tally_wLYGqJ,q_b43256404576,unreliable_or_reconstructed_question,high,Question label or answer mapping is not fully reliable.,request Tally form schema / export with readable labels
ri_4620b9c52115,tally_wLYGqJ,q_4620b9c52115,unreliable_or_reconstructed_question,high,Question label or answer mapping is not fully reliable.,request Tally form schema / export with readable labels
ri_15f488b9eeed,tally_wLYGqJ,q_15f488b9eeed,unreliable_or_reconstructed_question,high,Question label or answer mapping is not fully reliable.,request Tally form schema / export with readable labels
ri_c7593258c332,tally_wLYGqJ,q_c7593258c332,unreliable_or_reconstructed_question,high,Question label or answer mapping is not fully reliable.,request Tally form schema / export with readable labels
ri_eff3f82e5086,tally_wLYGqJ,q_eff3f82e5086,unreliable_or_reconstructed_question,high,Question label or answer mapping is not fully reliable.,request Tally form schema / export with readable labels
ri_dcca4b026666,tally_wLYGqJ,q_dcca4b026666,unreliable_or_reconstructed_question,high,Question label or answer mapping is not fully reliable.,request Tally form schema / export with readable labels
ri_08f7fcf75c8d,tally_wLYGqJ,q_08f7fcf75c8d,unreliable_or_reconstructed_question,high,Question label or answer mapping is not fully reliable.,request Tally form schema / export with readable labels
ri_e9fa91115809,tally_wLYGqJ,q_e9fa91115809,unreliable_or_reconstructed_question,high,Question label or answer mapping is not fully reliable.,request Tally form schema / export with readable labels
ri_8b286cd2ac67,tally_wLYGqJ,q_8b286cd2ac67,unreliable_or_reconstructed_question,high,Question label or answer mapping is not fully reliable.,request Tally form schema / export with readable labels
ri_ae8a6ce47426,tally_wLYGqJ,q_ae8a6ce47426,unreliable_or_reconstructed_question,high,Question label or answer mapping is not fully reliable.,request Tally form schema / export with readable labels
ri_86deb6308ee5,tally_wLYGqJ,q_86deb6308ee5,unreliable_or_reconstructed_question,high,Question label or answer mapping is not fully reliable.,request Tally form schema / export with readable labels
ri_04516df79707,tally_wLYGqJ,q_04516df79707,unreliable_or_reconstructed_question,high,Question label or answer mapping is not fully reliable.,request Tally form schema / export with readable labels
ri_a33a0169a2a1,tally_w2x8WM,q_a33a0169a2a1,matrix_uuid_or_unreadable_label,medium,Question/answers need original form schema before reliable metrics/clustering.,request Tally form schema / export with readable labels
ri_8d89d41149cf,tally_w2x8WM,q_8d89d41149cf,matrix_uuid_or_unreadable_label,medium,Question/answers need original form schema before reliable metrics/clustering.,request Tally form schema / export with readable labels
ri_14a18903f3b1,tally_w2x8WM,q_14a18903f3b1,matrix_uuid_or_unreadable_label,medium,Question/answers need original form schema before reliable metrics/clustering.,request Tally form schema / export with readable labels
ri_45faaeeb7eca,tally_w2x8WM,q_45faaeeb7eca,matrix_uuid_or_unreadable_label,medium,Question/answers need original form schema before reliable metrics/clustering.,request Tally form schema / export with readable labels
ri_082846db11d2,tally_w2x8WM,q_082846db11d2,matrix_uuid_or_unreadable_label,medium,Question/answers need original form schema before reliable metrics/clustering.,request Tally form schema / export with readable labels
ri_9ffd91ec731a,tally_w2x8WM,q_9ffd91ec731a,matrix_uuid_or_unreadable_label,medium,Question/answers need original form schema before reliable metrics/clustering.,request Tally form schema / export with readable labels
ri_1567ee344504,tally_w2x8WM,q_1567ee344504,matrix_uuid_or_unreadable_label,medium,Question/answers need original form schema before reliable metrics/clustering.,request Tally form schema / export with readable labels
ri_d70684d71f56,tally_mJ0X24,q_d70684d71f56,unreliable_or_reconstructed_question,high,Question label or answer mapping is not fully reliable.,request Tally form schema / export with readable labels
ri_313a26861f4c,tally_mJ0X24,q_313a26861f4c,unreliable_or_reconstructed_question,high,Question label or answer mapping is not fully reliable.,request Tally form schema / export with readable labels
ri_c7f92ce56e45,tally_mJ0X24,q_c7f92ce56e45,unreliable_or_reconstructed_question,high,Question label or answer mapping is not fully reliable.,request Tally form schema / export with readable labels
ri_71b41202c7c2,tally_mJ0X24,q_71b41202c7c2,unreliable_or_reconstructed_question,high,Question label or answer mapping is not fully reliable.,request Tally form schema / export with readable labels
ri_4f3111267a11,tally_mJ0X24,q_4f3111267a11,unreliable_or_reconstructed_question,high,Question label or answer mapping is not fully reliable.,request Tally form schema / export with readable labels
ri_52781ff2256d,tally_mJ0X24,q_52781ff2256d,matrix_uuid_or_unreadable_label,medium,Question/answers need original form schema before reliable metrics/clustering.,request Tally form schema / export with readable labels
ri_b9905fbec6cf,tally_mJ0X24,q_b9905fbec6cf,matrix_uuid_or_unreadable_label,medium,Question/answers need original form schema before reliable metrics/clustering.,request Tally form schema / export with readable labels
ri_d817f2b4319f,tally_mJ0X24,q_d817f2b4319f,unreliable_or_reconstructed_question,high,Question label or answer mapping is not fully reliable.,request Tally form schema / export with readable labels
ri_e7a60dcea5a2,tally_w2MeOg,q_e7a60dcea5a2,matrix_uuid_or_unreadable_label,medium,Question/answers need original form schema before reliable metrics/clustering.,request Tally form schema / export with readable labels
ri_653dbd15b558,tally_w2MeOg,q_653dbd15b558,unreliable_or_reconstructed_question,high,Question label or answer mapping is not fully reliable.,request Tally form schema / export with readable labels
ri_aa1c81fdd628,tally_w2MeOg,q_aa1c81fdd628,unreliable_or_reconstructed_question,high,Question label or answer mapping is not fully reliable.,request Tally form schema / export with readable labels
ri_7c39ce89ea58,tally_w2MeOg,q_7c39ce89ea58,unreliable_or_reconstructed_question,high,Question label or answer mapping is not fully reliable.,request Tally form schema / export with readable labels
ri_2e854bd2dffb,tally_wveKg8,q_2e854bd2dffb,matrix_uuid_or_unreadable_label,medium,Question/answers need original form schema before reliable metrics/clustering.,request Tally form schema / export with readable labels
ri_e2080b3c1edb,tally_wveKg8,q_e2080b3c1edb,matrix_uuid_or_unreadable_label,medium,Question/answers need original form schema before reliable metrics/clustering.,request Tally form schema / export with readable labels
ri_31bf282859e3,tally_nPzgVe,q_31bf282859e3,unreliable_or_reconstructed_question,high,Question label or answer mapping is not fully reliable.,request Tally form schema / export with readable labels
ri_0c55cca59bcb,tally_nPzgVe,q_0c55cca59bcb,matrix_uuid_or_unreadable_label,medium,Question/answers need original form schema before reliable metrics/clustering.,request Tally form schema / export with readable labels
ri_5cadcc14b8bb,tally_nPzgVe,q_5cadcc14b8bb,matrix_uuid_or_unreadable_label,medium,Question/answers need original form schema before reliable metrics/clustering.,request Tally form schema / export with readable labels
ri_116bd0938652,tally_nPzgVe,q_116bd0938652,matrix_uuid_or_unreadable_label,medium,Question/answers need original form schema before reliable metrics/clustering.,request Tally form schema / export with readable labels
ri_b2a36c212b66,tally_nPzgVe,q_b2a36c212b66,matrix_uuid_or_unreadable_label,medium,Question/answers need original form schema before reliable metrics/clustering.,request Tally form schema / export with readable labels
ri_814d32a03f8e,tally_nPzgVe,q_814d32a03f8e,matrix_uuid_or_unreadable_label,medium,Question/answers need original form schema before reliable metrics/clustering.,request Tally form schema / export with readable labels
ri_48dc9839c2a4,tally_nPzgVe,q_48dc9839c2a4,matrix_uuid_or_unreadable_label,medium,Question/answers need original form schema before reliable metrics/clustering.,request Tally form schema / export with readable labels
ri_bea8ac299585,tally_nPzgVe,q_bea8ac299585,matrix_uuid_or_unreadable_label,medium,Question/answers need original form schema before reliable metrics/clustering.,request Tally form schema / export with readable labels
ri_eed3d3148c29,tally_nPzgVe,q_eed3d3148c29,matrix_uuid_or_unreadable_label,medium,Question/answers need original form schema before reliable metrics/clustering.,request Tally form schema / export with readable labels
ri_6c2900ee97c5,tally_nPzgVe,q_6c2900ee97c5,matrix_uuid_or_unreadable_label,medium,Question/answers need original form schema before reliable metrics/clustering.,request Tally form schema / export with readable labels
ri_f43fad47eab6,tally_nPzgVe,q_f43fad47eab6,matrix_uuid_or_unreadable_label,medium,Question/answers need original form schema before reliable metrics/clustering.,request Tally form schema / export with readable labels
ri_ff8a7e339c5a,tally_nPzgVe,q_ff8a7e339c5a,matrix_uuid_or_unreadable_label,medium,Question/answers need original form schema before reliable metrics/clustering.,request Tally form schema / export with readable labels
ri_297e23e90b61,tally_nPzgVe,q_297e23e90b61,matrix_uuid_or_unreadable_label,medium,Question/answers need original form schema before reliable metrics/clustering.,request Tally form schema / export with readable labels
ri_255ce6e56c99,tally_lbBK7W,q_255ce6e56c99,unreliable_or_reconstructed_question,high,Question label or answer mapping is not fully reliable.,request Tally form schema / export with readable labels
ri_6fd030ce0612,tally_lbBK7W,q_6fd030ce0612,unreliable_or_reconstructed_question,high,Question label or answer mapping is not fully reliable.,request Tally form schema / export with readable labels
ri_52a6e8e7fa71,tally_lbBK7W,q_52a6e8e7fa71,unreliable_or_reconstructed_question,high,Question label or answer mapping is not fully reliable.,request Tally form schema / export with readable labels
ri_2ffdd2a8ad17,tally_lbBK7W,q_2ffdd2a8ad17,matrix_uuid_or_unreadable_label,medium,Question/answers need original form schema before reliable metrics/clustering.,request Tally form schema / export with readable labels
ri_cc7aaba41837,tally_lbBK7W,q_cc7aaba41837,unreliable_or_reconstructed_question,high,Question label or answer mapping is not fully reliable.,request Tally form schema / export with readable labels
ri_0ff84dcd3546,tally_lbBK7W,q_0ff84dcd3546,unreliable_or_reconstructed_question,high,Question label or answer mapping is not fully reliable.,request Tally form schema / export with readable labels
ri_b56d947a5000,tally_lbBK7W,q_b56d947a5000,unreliable_or_reconstructed_question,high,Question label or answer mapping is not fully reliable.,request Tally form schema / export with readable labels
ri_aed691487362,tally_lbBK7W,q_aed691487362,unreliable_or_reconstructed_question,high,Question label or answer mapping is not fully reliable.,request Tally form schema / export with readable labels
ri_8421aaae11fe,tally_lbBK7W,q_8421aaae11fe,unreliable_or_reconstructed_question,high,Question label or answer mapping is not fully reliable.,request Tally form schema / export with readable labels
ri_93f2f5a90474,tally_lbBK7W,q_93f2f5a90474,unreliable_or_reconstructed_question,high,Question label or answer mapping is not fully reliable.,request Tally form schema / export with readable labels
ri_9e5aa768a8ec,tally_lbBK7W,q_9e5aa768a8ec,unreliable_or_reconstructed_question,high,Question label or answer mapping is not fully reliable.,request Tally form schema / export with readable labels
ri_65690d173c9d,tally_lbBK7W,q_65690d173c9d,unreliable_or_reconstructed_question,high,Question label or answer mapping is not fully reliable.,request Tally form schema / export with readable labels
ri_743d4ec6e8c3,tally_lbBK7W,q_743d4ec6e8c3,unreliable_or_reconstructed_question,high,Question label or answer mapping is not fully reliable.,request Tally form schema / export with readable labels
ri_5a143e932867,tally_lbBK7W,q_5a143e932867,unreliable_or_reconstructed_question,high,Question label or answer mapping is not fully reliable.,request Tally form schema / export with readable labels
ri_738ab45c2c1f,tally_lbBK7W,q_738ab45c2c1f,unreliable_or_reconstructed_question,high,Question label or answer mapping is not fully reliable.,request Tally form schema / export with readable labels
ri_a1b0955c0a82,tally_lbBK7W,q_a1b0955c0a82,unreliable_or_reconstructed_question,high,Question label or answer mapping is not fully reliable.,request Tally form schema / export with readable labels
ri_e9dd5331de45,tally_lbBK7W,q_e9dd5331de45,unreliable_or_reconstructed_question,high,Question label or answer mapping is not fully reliable.,request Tally form schema / export with readable labels
ri_ff437566dd32,tally_nG9bOz,q_ff437566dd32,unreliable_or_reconstructed_question,high,Question label or answer mapping is not fully reliable.,request Tally form schema / export with readable labels
ri_b1aa7567fd05,tally_nG9bOz,q_b1aa7567fd05,unreliable_or_reconstructed_question,high,Question label or answer mapping is not fully reliable.,request Tally form schema / export with readable labels
ri_0f249a906e40,tally_nG9bOz,q_0f249a906e40,matrix_uuid_or_unreadable_label,medium,Question/answers need original form schema before reliable metrics/clustering.,request Tally form schema / export with readable labels
ri_c90fc799b228,tally_mO0odR,q_c90fc799b228,unreliable_or_reconstructed_question,high,Question label or answer mapping is not fully reliable.,request Tally form schema / export with readable labels
ri_62672a902a5f,tally_mO0odR,q_62672a902a5f,matrix_uuid_or_unreadable_label,medium,Question/answers need original form schema before reliable metrics/clustering.,request Tally form schema / export with readable labels
ri_a3ec50b9c994,tally_mJzgbo,q_a3ec50b9c994,unreliable_or_reconstructed_question,high,Question label or answer mapping is not fully reliable.,request Tally form schema / export with readable labels
ri_5a823d04dcc8,tally_mJzgbo,q_5a823d04dcc8,matrix_uuid_or_unreadable_label,medium,Question/answers need original form schema before reliable metrics/clustering.,request Tally form schema / export with readable labels
ri_e564a507c959,tally_mJzgbo,q_e564a507c959,matrix_uuid_or_unreadable_label,medium,Question/answers need original form schema before reliable metrics/clustering.,request Tally form schema / export with readable labels
ri_3b43fe56084a,tally_mJzgbo,q_3b43fe56084a,unreliable_or_reconstructed_question,high,Question label or answer mapping is not fully reliable.,request Tally form schema / export with readable labels
ri_dd4afe54435c,tally_mJzgbo,q_dd4afe54435c,matrix_uuid_or_unreadable_label,medium,Question/answers need original form schema before reliable metrics/clustering.,request Tally form schema / export with readable labels
ri_ae74612ed11a,tally_mJzgbo,q_ae74612ed11a,matrix_uuid_or_unreadable_label,medium,Question/answers need original form schema before reliable metrics/clustering.,request Tally form schema / export with readable labels
ri_cc666a9c2203,tally_mJzgbo,q_cc666a9c2203,matrix_uuid_or_unreadable_label,medium,Question/answers need original form schema before reliable metrics/clustering.,request Tally form schema / export with readable labels
ri_4a1d0ff78fd3,tally_mJzgbo,q_4a1d0ff78fd3,unreliable_or_reconstructed_question,high,Question label or answer mapping is not fully reliable.,request Tally form schema / export with readable labels
ri_c3bd96ebe1e3,tally_mJzgbo,q_c3bd96ebe1e3,matrix_uuid_or_unreadable_label,medium,Question/answers need original form schema before reliable metrics/clustering.,request Tally form schema / export with readable labels
ri_487df75331b9,tally_3jxL0J,q_487df75331b9,matrix_uuid_or_unreadable_label,medium,Question/answers need original form schema before reliable metrics/clustering.,request Tally form schema / export with readable labels
ri_920de6d456b8,tally_3jxL0J,q_920de6d456b8,matrix_uuid_or_unreadable_label,medium,Question/answers need original form schema before reliable metrics/clustering.,request Tally form schema / export with readable labels
ri_668b220dd0e1,tally_3jxL0J,q_668b220dd0e1,matrix_uuid_or_unreadable_label,medium,Question/answers need original form schema before reliable metrics/clustering.,request Tally form schema / export with readable labels
ri_18c05e178fd2,tally_3jxL0J,q_18c05e178fd2,matrix_uuid_or_unreadable_label,medium,Question/answers need original form schema before reliable metrics/clustering.,request Tally form schema / export with readable labels
ri_f6f3669fa280,tally_3jxL0J,q_f6f3669fa280,matrix_uuid_or_unreadable_label,medium,Question/answers need original form schema before reliable metrics/clustering.,request Tally form schema / export with readable labels
ri_d5fe7065bb7a,tally_3jxL0J,q_d5fe7065bb7a,matrix_uuid_or_unreadable_label,medium,Question/answers need original form schema before reliable metrics/clustering.,request Tally form schema / export with readable labels
ri_b72d395a465e,tally_3jxL0J,q_b72d395a465e,matrix_uuid_or_unreadable_label,medium,Question/answers need original form schema before reliable metrics/clustering.,request Tally form schema / export with readable labels
ri_001c445a9c58,tally_3jxL0J,q_001c445a9c58,matrix_uuid_or_unreadable_label,medium,Question/answers need original form schema before reliable metrics/clustering.,request Tally form schema / export with readable labels
ri_f5caf2bf9128,tally_3jxL0J,q_f5caf2bf9128,matrix_uuid_or_unreadable_label,medium,Question/answers need original form schema before reliable metrics/clustering.,request Tally form schema / export with readable labels
ri_1b617617a184,tally_3jxL0J,q_1b617617a184,matrix_uuid_or_unreadable_label,medium,Question/answers need original form schema before reliable metrics/clustering.,request Tally form schema / export with readable labels
ri_696e159ef2fa,tally_3jxL0J,q_696e159ef2fa,matrix_uuid_or_unreadable_label,medium,Question/answers need original form schema before reliable metrics/clustering.,request Tally form schema / export with readable labels
ri_9ac3bc5bbd7f,tally_3jxL0J,q_9ac3bc5bbd7f,matrix_uuid_or_unreadable_label,medium,Question/answers need original form schema before reliable metrics/clustering.,request Tally form schema / export with readable labels
ri_ad30b14dcb19,tally_mDkWEq,q_ad30b14dcb19,matrix_uuid_or_unreadable_label,medium,Question/answers need original form schema before reliable metrics/clustering.,request Tally form schema / export with readable labels
ri_60729b924c6b,tally_wbrkbg,q_60729b924c6b,unreliable_or_reconstructed_question,high,Question label or answer mapping is not fully reliable.,request Tally form schema / export with readable labels
ri_b45de41bee8f,tally_wbrkbg,q_b45de41bee8f,unreliable_or_reconstructed_question,high,Question label or answer mapping is not fully reliable.,request Tally form schema / export with readable labels
ri_38bd55109d00,tally_wbrkbg,q_38bd55109d00,unreliable_or_reconstructed_question,high,Question label or answer mapping is not fully reliable.,request Tally form schema / export with readable labels
ri_a0628890ebcb,tally_wbrkbg,q_a0628890ebcb,unreliable_or_reconstructed_question,high,Question label or answer mapping is not fully reliable.,request Tally form schema / export with readable labels
ri_d82b7be1a629,tally_wbrkbg,q_d82b7be1a629,unreliable_or_reconstructed_question,high,Question label or answer mapping is not fully reliable.,request Tally form schema / export with readable labels
ri_76c2d37a3f2b,tally_wbrkbg,q_76c2d37a3f2b,unreliable_or_reconstructed_question,high,Question label or answer mapping is not fully reliable.,request Tally form schema / export with readable labels
ri_1dd176498e25,tally_wbrkbg,q_1dd176498e25,unreliable_or_reconstructed_question,high,Question label or answer mapping is not fully reliable.,request Tally form schema / export with readable labels
ri_a39d82834130,tally_wbrkbg,q_a39d82834130,unreliable_or_reconstructed_question,high,Question label or answer mapping is not fully reliable.,request Tally form schema / export with readable labels
ri_668736ab1620,tally_wbrkbg,q_668736ab1620,unreliable_or_reconstructed_question,high,Question label or answer mapping is not fully reliable.,request Tally form schema / export with readable labels
ri_454bbd373d91,tally_wbrkbg,q_454bbd373d91,unreliable_or_reconstructed_question,high,Question label or answer mapping is not fully reliable.,request Tally form schema / export with readable labels
ri_e71407dcf362,tally_wbrkbg,q_e71407dcf362,unreliable_or_reconstructed_question,high,Question label or answer mapping is not fully reliable.,request Tally form schema / export with readable labels
ri_ead81aae2a64,tally_wbrkbg,q_ead81aae2a64,unreliable_or_reconstructed_question,high,Question label or answer mapping is not fully reliable.,request Tally form schema / export with readable labels
ri_8b329f27b3ec,tally_w7DzMR,q_8b329f27b3ec,matrix_uuid_or_unreadable_label,medium,Question/answers need original form schema before reliable metrics/clustering.,request Tally form schema / export with readable labels
ri_4043312b18cf,tally_w7DzMR,q_4043312b18cf,matrix_uuid_or_unreadable_label,medium,Question/answers need original form schema before reliable metrics/clustering.,request Tally form schema / export with readable labels
ri_ec6dd62ce0c1,tally_w7DzMR,q_ec6dd62ce0c1,matrix_uuid_or_unreadable_label,medium,Question/answers need original form schema before reliable metrics/clustering.,request Tally form schema / export with readable labels
ri_2ff6e1dd0f32,tally_w7DzMR,q_2ff6e1dd0f32,matrix_uuid_or_unreadable_label,medium,Question/answers need original form schema before reliable metrics/clustering.,request Tally form schema / export with readable labels
ri_30b4bf427dfb,tally_w7DzMR,q_30b4bf427dfb,matrix_uuid_or_unreadable_label,medium,Question/answers need original form schema before reliable metrics/clustering.,request Tally form schema / export with readable labels
ri_73a287215895,tally_w7DzMR,q_73a287215895,matrix_uuid_or_unreadable_label,medium,Question/answers need original form schema before reliable metrics/clustering.,request Tally form schema / export with readable labels
ri_2fee6a13e07d,tally_w7DzMR,q_2fee6a13e07d,matrix_uuid_or_unreadable_label,medium,Question/answers need original form schema before reliable metrics/clustering.,request Tally form schema / export with readable labels
ri_f1d5cc9c0709,tally_w7DzMR,q_f1d5cc9c0709,matrix_uuid_or_unreadable_label,medium,Question/answers need original form schema before reliable metrics/clustering.,request Tally form schema / export with readable labels
ri_478e141f3145,tally_w7DzMR,q_478e141f3145,matrix_uuid_or_unreadable_label,medium,Question/answers need original form schema before reliable metrics/clustering.,request Tally form schema / export with readable labels
ri_21fc0e52c2cd,tally_w7DzMR,q_21fc0e52c2cd,matrix_uuid_or_unreadable_label,medium,Question/answers need original form schema before reliable metrics/clustering.,request Tally form schema / export with readable labels
ri_7693e8590849,tally_w7DzMR,q_7693e8590849,matrix_uuid_or_unreadable_label,medium,Question/answers need original form schema before reliable metrics/clustering.,request Tally form schema / export with readable labels
ri_d3ec320a1018,tally_w7DzMR,q_d3ec320a1018,matrix_uuid_or_unreadable_label,medium,Question/answers need original form schema before reliable metrics/clustering.,request Tally form schema / export with readable labels
ri_b5b4d50bd52a,tally_w7DzMR,q_b5b4d50bd52a,matrix_uuid_or_unreadable_label,medium,Question/answers need original form schema before reliable metrics/clustering.,request Tally form schema / export with readable labels
ri_61c29b2f7ab1,tally_w7DzMR,q_61c29b2f7ab1,matrix_uuid_or_unreadable_label,medium,Question/answers need original form schema before reliable metrics/clustering.,request Tally form schema / export with readable labels
ri_27cbe9ad220c,tally_w7DzMR,q_27cbe9ad220c,matrix_uuid_or_unreadable_label,medium,Question/answers need original form schema before reliable metrics/clustering.,request Tally form schema / export with readable labels
ri_b7acf02ab2ea,tally_w7DzMR,q_b7acf02ab2ea,matrix_uuid_or_unreadable_label,medium,Question/answers need original form schema before reliable metrics/clustering.,request Tally form schema / export with readable labels
ri_1193d6e7c996,tally_w7DzMR,q_1193d6e7c996,matrix_uuid_or_unreadable_label,medium,Question/answers need original form schema before reliable metrics/clustering.,request Tally form schema / export with readable labels
ri_4063266d9768,tally_w7DzMR,q_4063266d9768,matrix_uuid_or_unreadable_label,medium,Question/answers need original form schema before reliable metrics/clustering.,request Tally form schema / export with readable labels
ri_a367fe9db2e2,tally_w7DzMR,q_a367fe9db2e2,matrix_uuid_or_unreadable_label,medium,Question/answers need original form schema before reliable metrics/clustering.,request Tally form schema / export with readable labels
ri_38bd1600a7a6,tally_nG15KO,q_38bd1600a7a6,matrix_uuid_or_unreadable_label,medium,Question/answers need original form schema before reliable metrics/clustering.,request Tally form schema / export with readable labels
ri_223a215cfc5a,tally_nG15KO,q_223a215cfc5a,unreliable_or_reconstructed_question,high,Question label or answer mapping is not fully reliable.,request Tally form schema / export with readable labels
ri_271f715dde04,tally_nG15KO,q_271f715dde04,matrix_uuid_or_unreadable_label,medium,Question/answers need original form schema before reliable metrics/clustering.,request Tally form schema / export with readable labels
ri_e656b302b3f2,tally_nG15KO,q_e656b302b3f2,matrix_uuid_or_unreadable_label,medium,Question/answers need original form schema before reliable metrics/clustering.,request Tally form schema / export with readable labels
ri_41e92ab5f8c5,tally_waYJEE,q_41e92ab5f8c5,unreliable_or_reconstructed_question,high,Question label or answer mapping is not fully reliable.,request Tally form schema / export with readable labels
ri_1b3cb54d21db,tally_waYJEE,q_1b3cb54d21db,unreliable_or_reconstructed_question,high,Question label or answer mapping is not fully reliable.,request Tally form schema / export with readable labels
ri_9d57329488c2,tally_waYJEE,q_9d57329488c2,unreliable_or_reconstructed_question,high,Question label or answer mapping is not fully reliable.,request Tally form schema / export with readable labels
ri_2ea1d484fffa,tally_waYJEE,q_2ea1d484fffa,unreliable_or_reconstructed_question,high,Question label or answer mapping is not fully reliable.,request Tally form schema / export with readable labels
ri_7c1a5962f665,tally_waYJEE,q_7c1a5962f665,unreliable_or_reconstructed_question,high,Question label or answer mapping is not fully reliable.,request Tally form schema / export with readable labels
ri_ee1f87e27011,tally_waYJEE,q_ee1f87e27011,unreliable_or_reconstructed_question,high,Question label or answer mapping is not fully reliable.,request Tally form schema / export with readable labels
ri_b99037a16fca,tally_waYJEE,q_b99037a16fca,matrix_uuid_or_unreadable_label,medium,Question/answers need original form schema before reliable metrics/clustering.,request Tally form schema / export with readable labels
ri_bc8aa19ce31f,tally_waYJEE,q_bc8aa19ce31f,matrix_uuid_or_unreadable_label,medium,Question/answers need original form schema before reliable metrics/clustering.,request Tally form schema / export with readable labels
ri_cef3671819df,tally_waYJEE,q_cef3671819df,matrix_uuid_or_unreadable_label,medium,Question/answers need original form schema before reliable metrics/clustering.,request Tally form schema / export with readable labels
ri_0347866d5ada,tally_waYJEE,q_0347866d5ada,matrix_uuid_or_unreadable_label,medium,Question/answers need original form schema before reliable metrics/clustering.,request Tally form schema / export with readable labels
ri_cf402c2d7e5c,tally_waYJEE,q_cf402c2d7e5c,matrix_uuid_or_unreadable_label,medium,Question/answers need original form schema before reliable metrics/clustering.,request Tally form schema / export with readable labels
ri_cffc9a14a3e8,tally_waYJEE,q_cffc9a14a3e8,matrix_uuid_or_unreadable_label,medium,Question/answers need original form schema before reliable metrics/clustering.,request Tally form schema / export with readable labels
ri_9461676b96cf,tally_waYJEE,q_9461676b96cf,matrix_uuid_or_unreadable_label,medium,Question/answers need original form schema before reliable metrics/clustering.,request Tally form schema / export with readable labels
ri_6810d1bd52b3,tally_waYJEE,q_6810d1bd52b3,matrix_uuid_or_unreadable_label,medium,Question/answers need original form schema before reliable metrics/clustering.,request Tally form schema / export with readable labels
ri_c405ce01c7b8,tally_waYJEE,q_c405ce01c7b8,matrix_uuid_or_unreadable_label,medium,Question/answers need original form schema before reliable metrics/clustering.,request Tally form schema / export with readable labels
ri_c3f4feaadfa1,tally_waYJEE,q_c3f4feaadfa1,matrix_uuid_or_unreadable_label,medium,Question/answers need original form schema before reliable metrics/clustering.,request Tally form schema / export with readable labels
ri_60678fa1a8de,tally_waYJEE,q_60678fa1a8de,matrix_uuid_or_unreadable_label,medium,Question/answers need original form schema before reliable metrics/clustering.,request Tally form schema / export with readable labels
ri_46029fbadb86,tally_waYJEE,q_46029fbadb86,matrix_uuid_or_unreadable_label,medium,Question/answers need original form schema before reliable metrics/clustering.,request Tally form schema / export with readable labels
ri_110e19ce5bf9,tally_waYJEE,q_110e19ce5bf9,matrix_uuid_or_unreadable_label,medium,Question/answers need original form schema before reliable metrics/clustering.,request Tally form schema / export with readable labels
ri_9b3cdd87105b,tally_waYJEE,q_9b3cdd87105b,matrix_uuid_or_unreadable_label,medium,Question/answers need original form schema before reliable metrics/clustering.,request Tally form schema / export with readable labels
ri_9ccb2cae2382,tally_wQAZpG,q_9ccb2cae2382,matrix_uuid_or_unreadable_label,medium,Question/answers need original form schema before reliable metrics/clustering.,request Tally form schema / export with readable labels
ri_c5329136ae04,tally_wQAZpG,q_c5329136ae04,matrix_uuid_or_unreadable_label,medium,Question/answers need original form schema before reliable metrics/clustering.,request Tally form schema / export with readable labels
ri_9bf1291fd062,tally_wQAZpG,q_9bf1291fd062,matrix_uuid_or_unreadable_label,medium,Question/answers need original form schema before reliable metrics/clustering.,request Tally form schema / export with readable labels
ri_396f7dbb4e4b,tally_wQAZpG,q_396f7dbb4e4b,unreliable_or_reconstructed_question,high,Question label or answer mapping is not fully reliable.,request Tally form schema / export with readable labels
ri_a90a925cd53c,tally_wQAZpG,q_a90a925cd53c,matrix_uuid_or_unreadable_label,medium,Question/answers need original form schema before reliable metrics/clustering.,request Tally form schema / export with readable labels
ri_0aeec0a16295,tally_wQAZpG,q_0aeec0a16295,matrix_uuid_or_unreadable_label,medium,Question/answers need original form schema before reliable metrics/clustering.,request Tally form schema / export with readable labels
ri_6e81125056d3,tally_wQAZpG,q_6e81125056d3,matrix_uuid_or_unreadable_label,medium,Question/answers need original form schema before reliable metrics/clustering.,request Tally form schema / export with readable labels
ri_e162f2fbd94f,tally_w4KYOk,q_e162f2fbd94f,unreliable_or_reconstructed_question,high,Question label or answer mapping is not fully reliable.,request Tally form schema / export with readable labels
ri_177e66e18412,tally_w4KYOk,q_177e66e18412,matrix_uuid_or_unreadable_label,medium,Question/answers need original form schema before reliable metrics/clustering.,request Tally form schema / export with readable labels
ri_16db6664fe35,tally_w4KYOk,q_16db6664fe35,matrix_uuid_or_unreadable_label,medium,Question/answers need original form schema before reliable metrics/clustering.,request Tally form schema / export with readable labels
ri_dc37b1104477,tally_woREgN,q_dc37b1104477,matrix_uuid_or_unreadable_label,medium,Question/answers need original form schema before reliable metrics/clustering.,request Tally form schema / export with readable labels
ri_301e52f91be3,tally_meaGo0,q_301e52f91be3,matrix_uuid_or_unreadable_label,medium,Question/answers need original form schema before reliable metrics/clustering.,request Tally form schema / export with readable labels
ri_eafd1bf23130,tally_w2a66e,q_eafd1bf23130,matrix_uuid_or_unreadable_label,medium,Question/answers need original form schema before reliable metrics/clustering.,request Tally form schema / export with readable labels
ri_70a0bcc31928,tally_wkExVM,q_70a0bcc31928,unreliable_or_reconstructed_question,high,Question label or answer mapping is not fully reliable.,request Tally form schema / export with readable labels
ri_49b946fc94e8,tally_wkExVM,q_49b946fc94e8,unreliable_or_reconstructed_question,high,Question label or answer mapping is not fully reliable.,request Tally form schema / export with readable labels
ri_3ed99fff4a0f,tally_wkExVM,q_3ed99fff4a0f,unreliable_or_reconstructed_question,high,Question label or answer mapping is not fully reliable.,request Tally form schema / export with readable labels
ri_91c0b69ca57f,tally_wkExVM,q_91c0b69ca57f,unreliable_or_reconstructed_question,high,Question label or answer mapping is not fully reliable.,request Tally form schema / export with readable labels
ri_9ab3722ed1c5,tally_wkExVM,q_9ab3722ed1c5,unreliable_or_reconstructed_question,high,Question label or answer mapping is not fully reliable.,request Tally form schema / export with readable labels
ri_8aafb0aa9113,tally_wkExVM,q_8aafb0aa9113,unreliable_or_reconstructed_question,high,Question label or answer mapping is not fully reliable.,request Tally form schema / export with readable labels
ri_b87134b4414c,tally_wkExVM,q_b87134b4414c,unreliable_or_reconstructed_question,high,Question label or answer mapping is not fully reliable.,request Tally form schema / export with readable labels
ri_b918ce092a07,tally_wkExVM,q_b918ce092a07,unreliable_or_reconstructed_question,high,Question label or answer mapping is not fully reliable.,request Tally form schema / export with readable labels
ri_2f5a2fd2be0c,tally_wkExVM,q_2f5a2fd2be0c,unreliable_or_reconstructed_question,high,Question label or answer mapping is not fully reliable.,request Tally form schema / export with readable labels
ri_c308897d8e99,tally_wkExVM,q_c308897d8e99,unreliable_or_reconstructed_question,high,Question label or answer mapping is not fully reliable.,request Tally form schema / export with readable labels
ri_5e5cc5a64ac1,tally_wkExVM,q_5e5cc5a64ac1,unreliable_or_reconstructed_question,high,Question label or answer mapping is not fully reliable.,request Tally form schema / export with readable labels
ri_dcbea045986b,tally_3NlZZ0,q_dcbea045986b,matrix_uuid_or_unreadable_label,medium,Question/answers need original form schema before reliable metrics/clustering.,request Tally form schema / export with readable labels
ri_e0e365abe8b5,tally_wQeQQY,q_e0e365abe8b5,matrix_uuid_or_unreadable_label,medium,Question/answers need original form schema before reliable metrics/clustering.,request Tally form schema / export with readable labels
ri_c0f4b4ea946d,tally_mK19eM,q_c0f4b4ea946d,unreliable_or_reconstructed_question,high,Question label or answer mapping is not fully reliable.,request Tally form schema / export with readable labels
ri_96d2a6b7ee74,tally_mK19eM,q_96d2a6b7ee74,matrix_uuid_or_unreadable_label,high,Question/answers need original form schema before reliable metrics/clustering.,request Tally form schema / export with readable labels
ri_8f96cd1b1a99,tally_mK19eM,q_8f96cd1b1a99,matrix_uuid_or_unreadable_label,high,Question/answers need original form schema before reliable metrics/clustering.,request Tally form schema / export with readable labels
ri_fa8f1f3e5e6e,tally_31dDqg,q_fa8f1f3e5e6e,unreliable_or_reconstructed_question,high,Question label or answer mapping is not fully reliable.,request Tally form schema / export with readable labels
ri_264897f16825,tally_31dDqg,q_264897f16825,unreliable_or_reconstructed_question,high,Question label or answer mapping is not fully reliable.,request Tally form schema / export with readable labels
ri_fd7d8eb646ed,tally_31dDqg,q_fd7d8eb646ed,matrix_uuid_or_unreadable_label,medium,Question/answers need original form schema before reliable metrics/clustering.,request Tally form schema / export with readable labels
ri_50b13d2fa408,tally_31dDqg,q_50b13d2fa408,unreliable_or_reconstructed_question,high,Question label or answer mapping is not fully reliable.,request Tally form schema / export with readable labels
ri_0897cf109888,tally_31dDqg,q_0897cf109888,unreliable_or_reconstructed_question,high,Question label or answer mapping is not fully reliable.,request Tally form schema / export with readable labels
ri_8f71481d32ca,tally_31dDqg,q_8f71481d32ca,unreliable_or_reconstructed_question,high,Question label or answer mapping is not fully reliable.,request Tally form schema / export with readable labels
ri_6eb76aab8c4b,tally_mRRAdj,q_6eb76aab8c4b,unreliable_or_reconstructed_question,high,Question label or answer mapping is not fully reliable.,request Tally form schema / export with readable labels
ri_764f52c5f5e3,tally_mRRAdj,q_764f52c5f5e3,matrix_uuid_or_unreadable_label,medium,Question/answers need original form schema before reliable metrics/clustering.,request Tally form schema / export with readable labels
ri_df5971ec0ca6,tally_mRRAdj,q_df5971ec0ca6,matrix_uuid_or_unreadable_label,medium,Question/answers need original form schema before reliable metrics/clustering.,request Tally form schema / export with readable labels
ri_1bb7c22e6ebb,tally_wbxXa1,q_1bb7c22e6ebb,unreliable_or_reconstructed_question,high,Question label or answer mapping is not fully reliable.,request Tally form schema / export with readable labels
ri_edc4da953a1c,tally_wbxXa1,q_edc4da953a1c,unreliable_or_reconstructed_question,high,Question label or answer mapping is not fully reliable.,request Tally form schema / export with readable labels
ri_01811e5e9688,tally_wbxXa1,q_01811e5e9688,unreliable_or_reconstructed_question,high,Question label or answer mapping is not fully reliable.,request Tally form schema / export with readable labels
ri_319abdebdcc3,tally_wbxXa1,q_319abdebdcc3,unreliable_or_reconstructed_question,high,Question label or answer mapping is not fully reliable.,request Tally form schema / export with readable labels
ri_9bf91f55b0ed,tally_wbxXa1,q_9bf91f55b0ed,unreliable_or_reconstructed_question,high,Question label or answer mapping is not fully reliable.,request Tally form schema / export with readable labels
ri_888b010da4e9,tally_wbxXa1,q_888b010da4e9,unreliable_or_reconstructed_question,high,Question label or answer mapping is not fully reliable.,request Tally form schema / export with readable labels
ri_3b0e421c30e6,tally_wbxXa1,q_3b0e421c30e6,matrix_uuid_or_unreadable_label,medium,Question/answers need original form schema before reliable metrics/clustering.,request Tally form schema / export with readable labels
ri_11747b80da56,tally_wbxXa1,q_11747b80da56,matrix_uuid_or_unreadable_label,medium,Question/answers need original form schema before reliable metrics/clustering.,request Tally form schema / export with readable labels
ri_fd3d8afcf69c,tally_wbxXa1,q_fd3d8afcf69c,matrix_uuid_or_unreadable_label,medium,Question/answers need original form schema before reliable metrics/clustering.,request Tally form schema / export with readable labels
ri_50ad03678feb,tally_wbxXa1,q_50ad03678feb,matrix_uuid_or_unreadable_label,medium,Question/answers need original form schema before reliable metrics/clustering.,request Tally form schema / export with readable labels
ri_16d04ff7e884,tally_wbxXa1,q_16d04ff7e884,matrix_uuid_or_unreadable_label,medium,Question/answers need original form schema before reliable metrics/clustering.,request Tally form schema / export with readable labels
ri_a2d64b502917,tally_wbxXa1,q_a2d64b502917,matrix_uuid_or_unreadable_label,medium,Question/answers need original form schema before reliable metrics/clustering.,request Tally form schema / export with readable labels
ri_abecd14ac8e9,tally_wbxXa1,q_abecd14ac8e9,matrix_uuid_or_unreadable_label,medium,Question/answers need original form schema before reliable metrics/clustering.,request Tally form schema / export with readable labels
ri_b910f53aca94,tally_wbxXa1,q_b910f53aca94,matrix_uuid_or_unreadable_label,medium,Question/answers need original form schema before reliable metrics/clustering.,request Tally form schema / export with readable labels
ri_02079d949478,tally_wbxXa1,q_02079d949478,matrix_uuid_or_unreadable_label,medium,Question/answers need original form schema before reliable metrics/clustering.,request Tally form schema / export with readable labels
ri_8cd0890c8f02,tally_wbxXa1,q_8cd0890c8f02,matrix_uuid_or_unreadable_label,medium,Question/answers need original form schema before reliable metrics/clustering.,request Tally form schema / export with readable labels
ri_9a9884ce2ca1,tally_wbxXa1,q_9a9884ce2ca1,matrix_uuid_or_unreadable_label,medium,Question/answers need original form schema before reliable metrics/clustering.,request Tally form schema / export with readable labels
ri_e2608a3ca0d4,tally_wbxXa1,q_e2608a3ca0d4,matrix_uuid_or_unreadable_label,medium,Question/answers need original form schema before reliable metrics/clustering.,request Tally form schema / export with readable labels
ri_da7a2b011b31,tally_wbxXa1,q_da7a2b011b31,matrix_uuid_or_unreadable_label,medium,Question/answers need original form schema before reliable metrics/clustering.,request Tally form schema / export with readable labels
ri_5638aded417b,tally_wbxXa1,q_5638aded417b,matrix_uuid_or_unreadable_label,medium,Question/answers need original form schema before reliable metrics/clustering.,request Tally form schema / export with readable labels
ri_b0af580c6f92,tally_mJOVB7,q_b0af580c6f92,unreliable_or_reconstructed_question,high,Question label or answer mapping is not fully reliable.,request Tally form schema / export with readable labels
ri_2faa0aba05ec,tally_mJOVB7,q_2faa0aba05ec,matrix_uuid_or_unreadable_label,medium,Question/answers need original form schema before reliable metrics/clustering.,request Tally form schema / export with readable labels
ri_e3ca4413a95d,tally_mJOVB7,q_e3ca4413a95d,unreliable_or_reconstructed_question,high,Question label or answer mapping is not fully reliable.,request Tally form schema / export with readable labels
ri_1767663cabfd,tally_mJOVB7,q_1767663cabfd,unreliable_or_reconstructed_question,high,Question label or answer mapping is not fully reliable.,request Tally form schema / export with readable labels
ri_c9097dae10ad,tally_mJOVB7,q_c9097dae10ad,matrix_uuid_or_unreadable_label,medium,Question/answers need original form schema before reliable metrics/clustering.,request Tally form schema / export with readable labels
ri_2d4301e1ca0d,tally_mJOVB7,q_2d4301e1ca0d,matrix_uuid_or_unreadable_label,medium,Question/answers need original form schema before reliable metrics/clustering.,request Tally form schema / export with readable labels
ri_3ed172f76f12,tally_mJOVB7,q_3ed172f76f12,unreliable_or_reconstructed_question,high,Question label or answer mapping is not fully reliable.,request Tally form schema / export with readable labels
ri_ab4839aaf574,tally_mJOVB7,q_ab4839aaf574,unreliable_or_reconstructed_question,high,Question label or answer mapping is not fully reliable.,request Tally form schema / export with readable labels
ri_dcd597efd698,tally_mJOVB7,q_dcd597efd698,matrix_uuid_or_unreadable_label,medium,Question/answers need original form schema before reliable metrics/clustering.,request Tally form schema / export with readable labels
ri_7cfacbbcae3e,tally_nGNppz,q_7cfacbbcae3e,matrix_uuid_or_unreadable_label,medium,Question/answers need original form schema before reliable metrics/clustering.,request Tally form schema / export with readable labels
ri_f8f630cc8d63,tally_wkRWzd,q_f8f630cc8d63,matrix_uuid_or_unreadable_label,medium,Question/answers need original form schema before reliable metrics/clustering.,request Tally form schema / export with readable labels
ri_1c1f259f47d8,tally_wkRWzd,q_1c1f259f47d8,matrix_uuid_or_unreadable_label,medium,Question/answers need original form schema before reliable metrics/clustering.,request Tally form schema / export with readable labels
ri_177b831bf8b7,tally_wkRWzd,q_177b831bf8b7,matrix_uuid_or_unreadable_label,medium,Question/answers need original form schema before reliable metrics/clustering.,request Tally form schema / export with readable labels
ri_a41db7e0a969,tally_wkRWzd,q_a41db7e0a969,unreliable_or_reconstructed_question,high,Question label or answer mapping is not fully reliable.,request Tally form schema / export with readable labels
ri_e55870201365,tally_wkRWzd,q_e55870201365,unreliable_or_reconstructed_question,high,Question label or answer mapping is not fully reliable.,request Tally form schema / export with readable labels
ri_bc8399c8e9e2,tally_wkRWzd,q_bc8399c8e9e2,matrix_uuid_or_unreadable_label,medium,Question/answers need original form schema before reliable metrics/clustering.,request Tally form schema / export with readable labels
ri_0d525f403ff5,tally_wkRWzd,q_0d525f403ff5,matrix_uuid_or_unreadable_label,medium,Question/answers need original form schema before reliable metrics/clustering.,request Tally form schema / export with readable labels
ri_c64fd6f2dc0a,tally_mYGqV5,q_c64fd6f2dc0a,unreliable_or_reconstructed_question,high,Question label or answer mapping is not fully reliable.,request Tally form schema / export with readable labels
ri_04f1b86529a3,tally_mYGqV5,q_04f1b86529a3,matrix_uuid_or_unreadable_label,medium,Question/answers need original form schema before reliable metrics/clustering.,request Tally form schema / export with readable labels
ri_a0096e99d947,tally_mYGqV5,q_a0096e99d947,matrix_uuid_or_unreadable_label,medium,Question/answers need original form schema before reliable metrics/clustering.,request Tally form schema / export with readable labels
ri_d8abe458d80d,tally_mYGqV5,q_d8abe458d80d,matrix_uuid_or_unreadable_label,medium,Question/answers need original form schema before reliable metrics/clustering.,request Tally form schema / export with readable labels
ri_008b0161b349,tally_mYGqV5,q_008b0161b349,unreliable_or_reconstructed_question,high,Question label or answer mapping is not fully reliable.,request Tally form schema / export with readable labels
ri_ccbaffa02f8f,tally_mYGqV5,q_ccbaffa02f8f,matrix_uuid_or_unreadable_label,medium,Question/answers need original form schema before reliable metrics/clustering.,request Tally form schema / export with readable labels
ri_2a28196c3a58,tally_mYGqV5,q_2a28196c3a58,matrix_uuid_or_unreadable_label,medium,Question/answers need original form schema before reliable metrics/clustering.,request Tally form schema / export with readable labels
ri_b7f9fdc95af2,tally_n9lko4,q_b7f9fdc95af2,unreliable_or_reconstructed_question,high,Question label or answer mapping is not fully reliable.,request Tally form schema / export with readable labels
ri_cba93db34ff3,tally_n9lko4,q_cba93db34ff3,matrix_uuid_or_unreadable_label,medium,Question/answers need original form schema before reliable metrics/clustering.,request Tally form schema / export with readable labels
ri_9e540bd0e10e,tally_3jlB04,q_9e540bd0e10e,matrix_uuid_or_unreadable_label,medium,Question/answers need original form schema before reliable metrics/clustering.,request Tally form schema / export with readable labels
ri_6512f24db314,tally_3jlB04,q_6512f24db314,matrix_uuid_or_unreadable_label,medium,Question/answers need original form schema before reliable metrics/clustering.,request Tally form schema / export with readable labels
ri_b74b162cf009,tally_3jlB04,q_b74b162cf009,matrix_uuid_or_unreadable_label,medium,Question/answers need original form schema before reliable metrics/clustering.,request Tally form schema / export with readable labels
ri_92a3040e53d4,tally_3jlB04,q_92a3040e53d4,matrix_uuid_or_unreadable_label,medium,Question/answers need original form schema before reliable metrics/clustering.,request Tally form schema / export with readable labels
ri_d40b2a439c01,tally_nP2XDV,q_d40b2a439c01,matrix_uuid_or_unreadable_label,medium,Question/answers need original form schema before reliable metrics/clustering.,request Tally form schema / export with readable labels
ri_dabdb05ccd20,tally_nP2XDV,q_dabdb05ccd20,unreliable_or_reconstructed_question,high,Question label or answer mapping is not fully reliable.,request Tally form schema / export with readable labels
ri_bc3c7fc357b2,tally_mZOXvV,q_bc3c7fc357b2,unreliable_or_reconstructed_question,high,Question label or answer mapping is not fully reliable.,request Tally form schema / export with readable labels
ri_b73a632363cd,tally_mZOXvV,q_b73a632363cd,unreliable_or_reconstructed_question,high,Question label or answer mapping is not fully reliable.,request Tally form schema / export with readable labels
ri_47d32c2bb8a7,tally_mZOXvV,q_47d32c2bb8a7,unreliable_or_reconstructed_question,high,Question label or answer mapping is not fully reliable.,request Tally form schema / export with readable labels
ri_5459448216bf,tally_mZOXvV,q_5459448216bf,unreliable_or_reconstructed_question,high,Question label or answer mapping is not fully reliable.,request Tally form schema / export with readable labels
ri_4dca9fde8986,tally_mZOXvV,q_4dca9fde8986,unreliable_or_reconstructed_question,high,Question label or answer mapping is not fully reliable.,request Tally form schema / export with readable labels
ri_40095958eca4,tally_mV5Kd6,q_40095958eca4,unreliable_or_reconstructed_question,high,Question label or answer mapping is not fully reliable.,request Tally form schema / export with readable labels
ri_c8ce5332842c,tally_mV5Kd6,q_c8ce5332842c,unreliable_or_reconstructed_question,high,Question label or answer mapping is not fully reliable.,request Tally form schema / export with readable labels
ri_99c35f3bca8e,tally_mV5Kd6,q_99c35f3bca8e,unreliable_or_reconstructed_question,high,Question label or answer mapping is not fully reliable.,request Tally form schema / export with readable labels
ri_3a98ab58fa57,tally_mV5Kd6,q_3a98ab58fa57,unreliable_or_reconstructed_question,high,Question label or answer mapping is not fully reliable.,request Tally form schema / export with readable labels
ri_d631d06e48f9,tally_mV5Kd6,q_d631d06e48f9,unreliable_or_reconstructed_question,high,Question label or answer mapping is not fully reliable.,request Tally form schema / export with readable labels
ri_c08aa4204a9a,tally_mV5Kd6,q_c08aa4204a9a,unreliable_or_reconstructed_question,high,Question label or answer mapping is not fully reliable.,request Tally form schema / export with readable labels
ri_891456af3be9,tally_mV5Kd6,q_891456af3be9,unreliable_or_reconstructed_question,high,Question label or answer mapping is not fully reliable.,request Tally form schema / export with readable labels
ri_ba2e3bc541ff,tally_mV5Kd6,q_ba2e3bc541ff,matrix_uuid_or_unreadable_label,medium,Question/answers need original form schema before reliable metrics/clustering.,request Tally form schema / export with readable labels
ri_577b8bbc85c9,tally_mV5Kd6,q_577b8bbc85c9,matrix_uuid_or_unreadable_label,medium,Question/answers need original form schema before reliable metrics/clustering.,request Tally form schema / export with readable labels
ri_e66031bb8561,tally_mV5Kd6,q_e66031bb8561,matrix_uuid_or_unreadable_label,medium,Question/answers need original form schema before reliable metrics/clustering.,request Tally form schema / export with readable labels
ri_134ea23314e7,tally_mV5Kd6,q_134ea23314e7,matrix_uuid_or_unreadable_label,medium,Question/answers need original form schema before reliable metrics/clustering.,request Tally form schema / export with readable labels
ri_131bec6fce76,tally_mV5Kd6,q_131bec6fce76,matrix_uuid_or_unreadable_label,medium,Question/answers need original form schema before reliable metrics/clustering.,request Tally form schema / export with readable labels
ri_b5c6be04c12a,tally_mV5Kd6,q_b5c6be04c12a,matrix_uuid_or_unreadable_label,medium,Question/answers need original form schema before reliable metrics/clustering.,request Tally form schema / export with readable labels
ri_a2f134ef9990,tally_mV5Kd6,q_a2f134ef9990,matrix_uuid_or_unreadable_label,medium,Question/answers need original form schema before reliable metrics/clustering.,request Tally form schema / export with readable labels
ri_f45a2fcb0dc5,tally_mV5Kd6,q_f45a2fcb0dc5,matrix_uuid_or_unreadable_label,medium,Question/answers need original form schema before reliable metrics/clustering.,request Tally form schema / export with readable labels
ri_a360fd06f790,tally_mV5Kd6,q_a360fd06f790,matrix_uuid_or_unreadable_label,medium,Question/answers need original form schema before reliable metrics/clustering.,request Tally form schema / export with readable labels
ri_f95acfeda9eb,tally_mV5Kd6,q_f95acfeda9eb,matrix_uuid_or_unreadable_label,medium,Question/answers need original form schema before reliable metrics/clustering.,request Tally form schema / export with readable labels
ri_4fb185a26a29,tally_mV5Kd6,q_4fb185a26a29,matrix_uuid_or_unreadable_label,medium,Question/answers need original form schema before reliable metrics/clustering.,request Tally form schema / export with readable labels
ri_981862b954d5,tally_mV5Kd6,q_981862b954d5,matrix_uuid_or_unreadable_label,medium,Question/answers need original form schema before reliable metrics/clustering.,request Tally form schema / export with readable labels
ri_73c1596922d5,tally_mV5Kd6,q_73c1596922d5,matrix_uuid_or_unreadable_label,medium,Question/answers need original form schema before reliable metrics/clustering.,request Tally form schema / export with readable labels
ri_ea8754bbc451,tally_mV5Kd6,q_ea8754bbc451,matrix_uuid_or_unreadable_label,medium,Question/answers need original form schema before reliable metrics/clustering.,request Tally form schema / export with readable labels
ri_3a6267f0a745,tally_3ENl5X,q_3a6267f0a745,matrix_uuid_or_unreadable_label,medium,Question/answers need original form schema before reliable metrics/clustering.,request Tally form schema / export with readable labels
ri_84b3721d0285,tally_3ENl5X,q_84b3721d0285,unreliable_or_reconstructed_question,high,Question label or answer mapping is not fully reliable.,request Tally form schema / export with readable labels
ri_720de04785b3,tally_3ENl5X,q_720de04785b3,matrix_uuid_or_unreadable_label,medium,Question/answers need original form schema before reliable metrics/clustering.,request Tally form schema / export with readable labels
ri_4afc23e1cb04,tally_3ENl5X,q_4afc23e1cb04,matrix_uuid_or_unreadable_label,medium,Question/answers need original form schema before reliable metrics/clustering.,request Tally form schema / export with readable labels
ri_850785160cf6,tally_3ENl5X,q_850785160cf6,unreliable_or_reconstructed_question,high,Question label or answer mapping is not fully reliable.,request Tally form schema / export with readable labels
ri_371cfedcdffc,tally_3ENl5X,q_371cfedcdffc,unreliable_or_reconstructed_question,high,Question label or answer mapping is not fully reliable.,request Tally form schema / export with readable labels
ri_475dcb422a75,tally_3ENl5X,q_475dcb422a75,unreliable_or_reconstructed_question,high,Question label or answer mapping is not fully reliable.,request Tally form schema / export with readable labels
ri_b90eb519c3b5,tally_0QEjbP,q_b90eb519c3b5,unreliable_or_reconstructed_question,high,Question label or answer mapping is not fully reliable.,request Tally form schema / export with readable labels
ri_3b602c4e3082,tally_0QEjbP,q_3b602c4e3082,matrix_uuid_or_unreadable_label,medium,Question/answers need original form schema before reliable metrics/clustering.,request Tally form schema / export with readable labels
ri_69aac8dde64e,tally_0QEjbP,q_69aac8dde64e,unreliable_or_reconstructed_question,high,Question label or answer mapping is not fully reliable.,request Tally form schema / export with readable labels
ri_046ac8f795f1,tally_0QEjbP,q_046ac8f795f1,unreliable_or_reconstructed_question,high,Question label or answer mapping is not fully reliable.,request Tally form schema / export with readable labels
ri_cb820c225a5e,tally_0QEjbP,q_cb820c225a5e,unreliable_or_reconstructed_question,high,Question label or answer mapping is not fully reliable.,request Tally form schema / export with readable labels
ri_56eb2798bfab,tally_wAVg8e,q_56eb2798bfab,matrix_uuid_or_unreadable_label,medium,Question/answers need original form schema before reliable metrics/clustering.,request Tally form schema / export with readable labels
ri_e75440de630a,tally_wAVg8e,q_e75440de630a,matrix_uuid_or_unreadable_label,medium,Question/answers need original form schema before reliable metrics/clustering.,request Tally form schema / export with readable labels
ri_953c14b851a5,tally_wAVg8e,q_953c14b851a5,matrix_uuid_or_unreadable_label,medium,Question/answers need original form schema before reliable metrics/clustering.,request Tally form schema / export with readable labels
ri_74325818950f,tally_wAVg8e,q_74325818950f,matrix_uuid_or_unreadable_label,medium,Question/answers need original form schema before reliable metrics/clustering.,request Tally form schema / export with readable labels
ri_14c81fe8b660,tally_wAVg8e,q_14c81fe8b660,matrix_uuid_or_unreadable_label,medium,Question/answers need original form schema before reliable metrics/clustering.,request Tally form schema / export with readable labels
ri_d80bc399c895,tally_wAVg8e,q_d80bc399c895,matrix_uuid_or_unreadable_label,medium,Question/answers need original form schema before reliable metrics/clustering.,request Tally form schema / export with readable labels
ri_b3c0cfb0b0d3,tally_wAVg8e,q_b3c0cfb0b0d3,unreliable_or_reconstructed_question,high,Question label or answer mapping is not fully reliable.,request Tally form schema / export with readable labels
ri_cec280d040c0,tally_wAVg8e,q_cec280d040c0,matrix_uuid_or_unreadable_label,medium,Question/answers need original form schema before reliable metrics/clustering.,request Tally form schema / export with readable labels
ri_486c331e0feb,tally_wAVg8e,q_486c331e0feb,matrix_uuid_or_unreadable_label,medium,Question/answers need original form schema before reliable metrics/clustering.,request Tally form schema / export with readable labels
ri_1ed719b8611a,tally_wAVg8e,q_1ed719b8611a,matrix_uuid_or_unreadable_label,medium,Question/answers need original form schema before reliable metrics/clustering.,request Tally form schema / export with readable labels
ri_0661c3b54d95,tally_wAVg8e,q_0661c3b54d95,unreliable_or_reconstructed_question,high,Question label or answer mapping is not fully reliable.,request Tally form schema / export with readable labels
ri_5dbfce9769d9,tally_wAVg8e,q_5dbfce9769d9,unreliable_or_reconstructed_question,high,Question label or answer mapping is not fully reliable.,request Tally form schema / export with readable labels
ri_4f60ce583ff4,tally_wAVg8e,q_4f60ce583ff4,matrix_uuid_or_unreadable_label,medium,Question/answers need original form schema before reliable metrics/clustering.,request Tally form schema / export with readable labels
ri_16155449a190,tally_wAVg8e,q_16155449a190,matrix_uuid_or_unreadable_label,medium,Question/answers need original form schema before reliable metrics/clustering.,request Tally form schema / export with readable labels
ri_aeadc54add6d,tally_wAVg8e,q_aeadc54add6d,matrix_uuid_or_unreadable_label,medium,Question/answers need original form schema before reliable metrics/clustering.,request Tally form schema / export with readable labels
ri_6d0fac102312,tally_mVza4g,q_6d0fac102312,matrix_uuid_or_unreadable_label,medium,Question/answers need original form schema before reliable metrics/clustering.,request Tally form schema / export with readable labels
ri_1cc94556149c,tally_nW0P8P,q_1cc94556149c,unreliable_or_reconstructed_question,high,Question label or answer mapping is not fully reliable.,request Tally form schema / export with readable labels
ri_138dd51dec5f,tally_nW0P8P,q_138dd51dec5f,unreliable_or_reconstructed_question,high,Question label or answer mapping is not fully reliable.,request Tally form schema / export with readable labels
ri_caec6d47f98c,tally_nW0P8P,q_caec6d47f98c,matrix_uuid_or_unreadable_label,medium,Question/answers need original form schema before reliable metrics/clustering.,request Tally form schema / export with readable labels
ri_c3653ecce167,tally_nW0P8P,q_c3653ecce167,unreliable_or_reconstructed_question,high,Question label or answer mapping is not fully reliable.,request Tally form schema / export with readable labels
ri_b528c0f873ed,tally_nW0P8P,q_b528c0f873ed,matrix_uuid_or_unreadable_label,medium,Question/answers need original form schema before reliable metrics/clustering.,request Tally form schema / export with readable labels
ri_98b7dfe93615,tally_nW0P8P,q_98b7dfe93615,matrix_uuid_or_unreadable_label,high,Question/answers need original form schema before reliable metrics/clustering.,request Tally form schema / export with readable labels
ri_6984f719fb95,tally_nW0P8P,q_6984f719fb95,matrix_uuid_or_unreadable_label,high,Question/answers need original form schema before reliable metrics/clustering.,request Tally form schema / export with readable labels
ri_55f7c4127554,tally_nW0P8P,q_55f7c4127554,matrix_uuid_or_unreadable_label,high,Question/answers need original form schema before reliable metrics/clustering.,request Tally form schema / export with readable labels
ri_a3d179fbf749,tally_nW0P8P,q_a3d179fbf749,matrix_uuid_or_unreadable_label,high,Question/answers need original form schema before reliable metrics/clustering.,request Tally form schema / export with readable labels
ri_1a77b2936674,tally_nW0P8P,q_1a77b2936674,matrix_uuid_or_unreadable_label,high,Question/answers need original form schema before reliable metrics/clustering.,request Tally form schema / export with readable labels
ri_9e75f68bf79a,tally_nW0P8P,q_9e75f68bf79a,matrix_uuid_or_unreadable_label,high,Question/answers need original form schema before reliable metrics/clustering.,request Tally form schema / export with readable labels
ri_71db3ede8f1b,tally_nW0P8P,q_71db3ede8f1b,matrix_uuid_or_unreadable_label,medium,Question/answers need original form schema before reliable metrics/clustering.,request Tally form schema / export with readable labels
ri_04f679396c95,tally_nW0P8P,q_04f679396c95,matrix_uuid_or_unreadable_label,medium,Question/answers need original form schema before reliable metrics/clustering.,request Tally form schema / export with readable labels
ri_115818f666e9,tally_nW0P8P,q_115818f666e9,unreliable_or_reconstructed_question,high,Question label or answer mapping is not fully reliable.,request Tally form schema / export with readable labels
ri_76b58a074df8,tally_nW0P8P,q_76b58a074df8,unreliable_or_reconstructed_question,high,Question label or answer mapping is not fully reliable.,request Tally form schema / export with readable labels
ri_516f6b3a8fef,tally_nW0P8P,q_516f6b3a8fef,unreliable_or_reconstructed_question,high,Question label or answer mapping is not fully reliable.,request Tally form schema / export with readable labels
ri_10178cccf471,tally_nW0P8P,q_10178cccf471,unreliable_or_reconstructed_question,high,Question label or answer mapping is not fully reliable.,request Tally form schema / export with readable labels
ri_aef9b08ad01b,tally_nW0P8P,q_aef9b08ad01b,unreliable_or_reconstructed_question,high,Question label or answer mapping is not fully reliable.,request Tally form schema / export with readable labels
ri_b68d43fd55ac,tally_nW0P8P,q_b68d43fd55ac,unreliable_or_reconstructed_question,high,Question label or answer mapping is not fully reliable.,request Tally form schema / export with readable labels
ri_4c80aefc0ed1,tally_nW0P8P,q_4c80aefc0ed1,unreliable_or_reconstructed_question,high,Question label or answer mapping is not fully reliable.,request Tally form schema / export with readable labels
ri_9504e3ef2cdd,tally_nW0P8P,q_9504e3ef2cdd,unreliable_or_reconstructed_question,high,Question label or answer mapping is not fully reliable.,request Tally form schema / export with readable labels
ri_c0a23a95844a,tally_nW0P8P,q_c0a23a95844a,unreliable_or_reconstructed_question,high,Question label or answer mapping is not fully reliable.,request Tally form schema / export with readable labels
ri_9dcc0eb95086,tally_nW0P8P,q_9dcc0eb95086,matrix_uuid_or_unreadable_label,medium,Question/answers need original form schema before reliable metrics/clustering.,request Tally form schema / export with readable labels
ri_65674b1f6df2,tally_nW0P8P,q_65674b1f6df2,matrix_uuid_or_unreadable_label,medium,Question/answers need original form schema before reliable metrics/clustering.,request Tally form schema / export with readable labels
ri_2e11fe0c8381,tally_3yd4MB,q_2e11fe0c8381,matrix_uuid_or_unreadable_label,medium,Question/answers need original form schema before reliable metrics/clustering.,request Tally form schema / export with readable labels
ri_6eb09b9a15f2,tally_3yd4MB,q_6eb09b9a15f2,unreliable_or_reconstructed_question,high,Question label or answer mapping is not fully reliable.,request Tally form schema / export with readable labels
ri_951fcfa59e4b,tally_3yd4MB,q_951fcfa59e4b,matrix_uuid_or_unreadable_label,medium,Question/answers need original form schema before reliable metrics/clustering.,request Tally form schema / export with readable labels
ri_45f44211d1d8,tally_3yd4MB,q_45f44211d1d8,matrix_uuid_or_unreadable_label,medium,Question/answers need original form schema before reliable metrics/clustering.,request Tally form schema / export with readable labels
ri_5590a1f67ed1,tally_3yd4MB,q_5590a1f67ed1,unreliable_or_reconstructed_question,high,Question label or answer mapping is not fully reliable.,request Tally form schema / export with readable labels
ri_a36e11cfbf01,tally_3yd4MB,q_a36e11cfbf01,unreliable_or_reconstructed_question,high,Question label or answer mapping is not fully reliable.,request Tally form schema / export with readable labels
ri_e9b58697410c,tally_3yd4MB,q_e9b58697410c,unreliable_or_reconstructed_question,high,Question label or answer mapping is not fully reliable.,request Tally form schema / export with readable labels
ri_2bbcdfe039c0,tally_wQ0ZOk,q_2bbcdfe039c0,unreliable_or_reconstructed_question,high,Question label or answer mapping is not fully reliable.,request Tally form schema / export with readable labels
ri_ffeaff6a3ad5,tally_wQ0ZOk,q_ffeaff6a3ad5,matrix_uuid_or_unreadable_label,medium,Question/answers need original form schema before reliable metrics/clustering.,request Tally form schema / export with readable labels
ri_70d20cc11287,tally_wbWM6L,q_70d20cc11287,matrix_uuid_or_unreadable_label,medium,Question/answers need original form schema before reliable metrics/clustering.,request Tally form schema / export with readable labels
ri_5c28e802ba89,tally_mKL0gX,q_5c28e802ba89,matrix_uuid_or_unreadable_label,medium,Question/answers need original form schema before reliable metrics/clustering.,request Tally form schema / export with readable labels
ri_f08cf222c4de,tally_3y4KB6,q_f08cf222c4de,unreliable_or_reconstructed_question,high,Question label or answer mapping is not fully reliable.,request Tally form schema / export with readable labels
ri_848275b15137,tally_3y4KB6,q_848275b15137,unreliable_or_reconstructed_question,high,Question label or answer mapping is not fully reliable.,request Tally form schema / export with readable labels
ri_e6cb3fc280e2,tally_3y4KB6,q_e6cb3fc280e2,unreliable_or_reconstructed_question,high,Question label or answer mapping is not fully reliable.,request Tally form schema / export with readable labels
ri_020a69daf31f,tally_3y4KB6,q_020a69daf31f,unreliable_or_reconstructed_question,high,Question label or answer mapping is not fully reliable.,request Tally form schema / export with readable labels
ri_ffb15d7df4fb,tally_3y4KB6,q_ffb15d7df4fb,unreliable_or_reconstructed_question,high,Question label or answer mapping is not fully reliable.,request Tally form schema / export with readable labels
ri_9274c7c6d1d5,tally_3y4KB6,q_9274c7c6d1d5,unreliable_or_reconstructed_question,high,Question label or answer mapping is not fully reliable.,request Tally form schema / export with readable labels
ri_dcb853b526ca,tally_3y4KB6,q_dcb853b526ca,unreliable_or_reconstructed_question,high,Question label or answer mapping is not fully reliable.,request Tally form schema / export with readable labels
ri_955fcae5ec60,tally_3y4KB6,q_955fcae5ec60,unreliable_or_reconstructed_question,high,Question label or answer mapping is not fully reliable.,request Tally form schema / export with readable labels
ri_49444d2f3a6a,tally_3y4KB6,q_49444d2f3a6a,unreliable_or_reconstructed_question,high,Question label or answer mapping is not fully reliable.,request Tally form schema / export with readable labels
ri_69fbfc01cd3a,tally_3y4KB6,q_69fbfc01cd3a,unreliable_or_reconstructed_question,high,Question label or answer mapping is not fully reliable.,request Tally form schema / export with readable labels
ri_fe3e248b914a,tally_3y4KB6,q_fe3e248b914a,unreliable_or_reconstructed_question,high,Question label or answer mapping is not fully reliable.,request Tally form schema / export with readable labels
ri_4f1fb7d3ca1b,tally_3y4KB6,q_4f1fb7d3ca1b,unreliable_or_reconstructed_question,high,Question label or answer mapping is not fully reliable.,request Tally form schema / export with readable labels
ri_170ce0e21968,tally_3y4KB6,q_170ce0e21968,unreliable_or_reconstructed_question,high,Question label or answer mapping is not fully reliable.,request Tally form schema / export with readable labels
ri_adcd5180804f,tally_3y4KB6,q_adcd5180804f,matrix_uuid_or_unreadable_label,medium,Question/answers need original form schema before reliable metrics/clustering.,request Tally form schema / export with readable labels
ri_57e8dfbfa245,tally_3y4KB6,q_57e8dfbfa245,unreliable_or_reconstructed_question,high,Question label or answer mapping is not fully reliable.,request Tally form schema / export with readable labels
ri_6e10e99bdcef,tally_3y4KB6,q_6e10e99bdcef,unreliable_or_reconstructed_question,high,Question label or answer mapping is not fully reliable.,request Tally form schema / export with readable labels
ri_f5bfe1dc2bbc,tally_3y4KB6,q_f5bfe1dc2bbc,matrix_uuid_or_unreadable_label,medium,Question/answers need original form schema before reliable metrics/clustering.,request Tally form schema / export with readable labels
ri_48390e547617,tally_3y4KB6,q_48390e547617,unreliable_or_reconstructed_question,high,Question label or answer mapping is not fully reliable.,request Tally form schema / export with readable labels
ri_cfac035d7c9d,tally_wdPYyA,q_cfac035d7c9d,unreliable_or_reconstructed_question,high,Question label or answer mapping is not fully reliable.,request Tally form schema / export with readable labels
ri_dddab0a02d59,tally_wdPYyA,q_dddab0a02d59,unreliable_or_reconstructed_question,high,Question label or answer mapping is not fully reliable.,request Tally form schema / export with readable labels
ri_e086017c6216,tally_wdPYyA,q_e086017c6216,unreliable_or_reconstructed_question,high,Question label or answer mapping is not fully reliable.,request Tally form schema / export with readable labels
ri_1006f9d33047,tally_wdPYyA,q_1006f9d33047,unreliable_or_reconstructed_question,high,Question label or answer mapping is not fully reliable.,request Tally form schema / export with readable labels
ri_ffc42df83c5a,tally_wdPYyA,q_ffc42df83c5a,unreliable_or_reconstructed_question,high,Question label or answer mapping is not fully reliable.,request Tally form schema / export with readable labels
ri_eea2082ed80a,tally_wdPYyA,q_eea2082ed80a,unreliable_or_reconstructed_question,high,Question label or answer mapping is not fully reliable.,request Tally form schema / export with readable labels
ri_29d8aa6a41a5,tally_wdPYyA,q_29d8aa6a41a5,unreliable_or_reconstructed_question,high,Question label or answer mapping is not fully reliable.,request Tally form schema / export with readable labels
ri_0c143f01faae,tally_wdPYyA,q_0c143f01faae,unreliable_or_reconstructed_question,high,Question label or answer mapping is not fully reliable.,request Tally form schema / export with readable labels
ri_2b071da5fa78,tally_wdPYyA,q_2b071da5fa78,unreliable_or_reconstructed_question,high,Question label or answer mapping is not fully reliable.,request Tally form schema / export with readable labels
ri_b6d32ec7d898,tally_wdPYyA,q_b6d32ec7d898,unreliable_or_reconstructed_question,high,Question label or answer mapping is not fully reliable.,request Tally form schema / export with readable labels
ri_fdf5287f468d,tally_wdPYyA,q_fdf5287f468d,matrix_uuid_or_unreadable_label,medium,Question/answers need original form schema before reliable metrics/clustering.,request Tally form schema / export with readable labels
ri_135e909dec5a,tally_wdPYyA,q_135e909dec5a,unreliable_or_reconstructed_question,high,Question label or answer mapping is not fully reliable.,request Tally form schema / export with readable labels
ri_32845fa7dd86,tally_wdPYyA,q_32845fa7dd86,unreliable_or_reconstructed_question,high,Question label or answer mapping is not fully reliable.,request Tally form schema / export with readable labels
ri_8eafbdc4866c,tally_wdPYyA,q_8eafbdc4866c,unreliable_or_reconstructed_question,high,Question label or answer mapping is not fully reliable.,request Tally form schema / export with readable labels
ri_62a12b9fd006,tally_wdPYyA,q_62a12b9fd006,unreliable_or_reconstructed_question,high,Question label or answer mapping is not fully reliable.,request Tally form schema / export with readable labels
ri_595d570a1661,tally_wdPYyA,q_595d570a1661,unreliable_or_reconstructed_question,high,Question label or answer mapping is not fully reliable.,request Tally form schema / export with readable labels
ri_32bcb8bd74b9,tally_wdPYyA,q_32bcb8bd74b9,unreliable_or_reconstructed_question,high,Question label or answer mapping is not fully reliable.,request Tally form schema / export with readable labels
ri_d48d934dd454,tally_wdPYyA,q_d48d934dd454,unreliable_or_reconstructed_question,high,Question label or answer mapping is not fully reliable.,request Tally form schema / export with readable labels
ri_9cd1f0fdaaf7,tally_wdPYyA,q_9cd1f0fdaaf7,unreliable_or_reconstructed_question,high,Question label or answer mapping is not fully reliable.,request Tally form schema / export with readable labels
ri_b7d2a6228e54,tally_wdPYyA,q_b7d2a6228e54,unreliable_or_reconstructed_question,high,Question label or answer mapping is not fully reliable.,request Tally form schema / export with readable labels
ri_0df30d3b90ce,tally_wdPYyA,q_0df30d3b90ce,unreliable_or_reconstructed_question,high,Question label or answer mapping is not fully reliable.,request Tally form schema / export with readable labels
ri_d8b6c455b079,tally_wdPYyA,q_d8b6c455b079,unreliable_or_reconstructed_question,high,Question label or answer mapping is not fully reliable.,request Tally form schema / export with readable labels
ri_017a289e7523,tally_wdPYyA,q_017a289e7523,unreliable_or_reconstructed_question,high,Question label or answer mapping is not fully reliable.,request Tally form schema / export with readable labels
ri_a55e4e8088b6,tally_wdPYyA,q_a55e4e8088b6,unreliable_or_reconstructed_question,high,Question label or answer mapping is not fully reliable.,request Tally form schema / export with readable labels
ri_8e1338c84c19,tally_wodBLO,q_8e1338c84c19,unreliable_or_reconstructed_question,high,Question label or answer mapping is not fully reliable.,request Tally form schema / export with readable labels
ri_abef1f7e3007,tally_wodBLO,q_abef1f7e3007,unreliable_or_reconstructed_question,high,Question label or answer mapping is not fully reliable.,request Tally form schema / export with readable labels
ri_65a2ebe64d7d,tally_wodBLO,q_65a2ebe64d7d,unreliable_or_reconstructed_question,high,Question label or answer mapping is not fully reliable.,request Tally form schema / export with readable labels
ri_e6302781e046,tally_wodBLO,q_e6302781e046,unreliable_or_reconstructed_question,high,Question label or answer mapping is not fully reliable.,request Tally form schema / export with readable labels
ri_bba7f5812fad,tally_wodBLO,q_bba7f5812fad,unreliable_or_reconstructed_question,high,Question label or answer mapping is not fully reliable.,request Tally form schema / export with readable labels
ri_22b9602179c1,tally_wodBLO,q_22b9602179c1,unreliable_or_reconstructed_question,high,Question label or answer mapping is not fully reliable.,request Tally form schema / export with readable labels
ri_aba31e2dd539,tally_wodBLO,q_aba31e2dd539,unreliable_or_reconstructed_question,high,Question label or answer mapping is not fully reliable.,request Tally form schema / export with readable labels
ri_d4bb3e41c83f,tally_wodBLO,q_d4bb3e41c83f,unreliable_or_reconstructed_question,high,Question label or answer mapping is not fully reliable.,request Tally form schema / export with readable labels
ri_ebd82c242ee2,tally_wodBLO,q_ebd82c242ee2,unreliable_or_reconstructed_question,high,Question label or answer mapping is not fully reliable.,request Tally form schema / export with readable labels
ri_1f25f50bee21,tally_wodBLO,q_1f25f50bee21,unreliable_or_reconstructed_question,high,Question label or answer mapping is not fully reliable.,request Tally form schema / export with readable labels
ri_f3d661d9dc97,tally_wodBLO,q_f3d661d9dc97,unreliable_or_reconstructed_question,high,Question label or answer mapping is not fully reliable.,request Tally form schema / export with readable labels
ri_65b3b32ffa9c,tally_wodBLO,q_65b3b32ffa9c,unreliable_or_reconstructed_question,high,Question label or answer mapping is not fully reliable.,request Tally form schema / export with readable labels
ri_52f1812a32e6,tally_wQ5W2Y,q_52f1812a32e6,unreliable_or_reconstructed_question,high,Question label or answer mapping is not fully reliable.,request Tally form schema / export with readable labels
ri_7a2e0db45283,tally_wQ5W2Y,q_7a2e0db45283,unreliable_or_reconstructed_question,high,Question label or answer mapping is not fully reliable.,request Tally form schema / export with readable labels
ri_2b88b821454d,tally_wQ5W2Y,q_2b88b821454d,unreliable_or_reconstructed_question,high,Question label or answer mapping is not fully reliable.,request Tally form schema / export with readable labels
ri_201c1675c0a2,tally_wQ5W2Y,q_201c1675c0a2,unreliable_or_reconstructed_question,high,Question label or answer mapping is not fully reliable.,request Tally form schema / export with readable labels
ri_58463963e404,tally_wQ5W2Y,q_58463963e404,unreliable_or_reconstructed_question,high,Question label or answer mapping is not fully reliable.,request Tally form schema / export with readable labels
ri_5e3d9006a3c5,tally_wQ5W2Y,q_5e3d9006a3c5,unreliable_or_reconstructed_question,high,Question label or answer mapping is not fully reliable.,request Tally form schema / export with readable labels
ri_b8797442f275,tally_wQ5W2Y,q_b8797442f275,matrix_uuid_or_unreadable_label,medium,Question/answers need original form schema before reliable metrics/clustering.,request Tally form schema / export with readable labels
ri_55e19d24a5ff,tally_wQ5W2Y,q_55e19d24a5ff,matrix_uuid_or_unreadable_label,medium,Question/answers need original form schema before reliable metrics/clustering.,request Tally form schema / export with readable labels
ri_251daf609687,tally_wQ5W2Y,q_251daf609687,matrix_uuid_or_unreadable_label,medium,Question/answers need original form schema before reliable metrics/clustering.,request Tally form schema / export with readable labels
ri_b0322d1cc218,tally_wQ5W2Y,q_b0322d1cc218,matrix_uuid_or_unreadable_label,medium,Question/answers need original form schema before reliable metrics/clustering.,request Tally form schema / export with readable labels
ri_c76128fe4874,tally_wQ5W2Y,q_c76128fe4874,matrix_uuid_or_unreadable_label,medium,Question/answers need original form schema before reliable metrics/clustering.,request Tally form schema / export with readable labels
ri_affa0601d3c8,tally_wQ5W2Y,q_affa0601d3c8,matrix_uuid_or_unreadable_label,medium,Question/answers need original form schema before reliable metrics/clustering.,request Tally form schema / export with readable labels
ri_064e1221c7a3,tally_wQ5W2Y,q_064e1221c7a3,matrix_uuid_or_unreadable_label,medium,Question/answers need original form schema before reliable metrics/clustering.,request Tally form schema / export with readable labels
ri_58e1624b82aa,tally_wQ5W2Y,q_58e1624b82aa,matrix_uuid_or_unreadable_label,medium,Question/answers need original form schema before reliable metrics/clustering.,request Tally form schema / export with readable labels
ri_954808c4bc8b,tally_wQ5W2Y,q_954808c4bc8b,matrix_uuid_or_unreadable_label,medium,Question/answers need original form schema before reliable metrics/clustering.,request Tally form schema / export with readable labels
ri_9c83eb4b689f,tally_wQ5W2Y,q_9c83eb4b689f,matrix_uuid_or_unreadable_label,medium,Question/answers need original form schema before reliable metrics/clustering.,request Tally form schema / export with readable labels
ri_b86e69a5287f,tally_wQ5W2Y,q_b86e69a5287f,matrix_uuid_or_unreadable_label,medium,Question/answers need original form schema before reliable metrics/clustering.,request Tally form schema / export with readable labels
ri_246132901f54,tally_wQ5W2Y,q_246132901f54,matrix_uuid_or_unreadable_label,medium,Question/answers need original form schema before reliable metrics/clustering.,request Tally form schema / export with readable labels
ri_767da7c1ffcc,tally_wQ5W2Y,q_767da7c1ffcc,matrix_uuid_or_unreadable_label,medium,Question/answers need original form schema before reliable metrics/clustering.,request Tally form schema / export with readable labels
ri_9d27ea331a23,tally_wQ5W2Y,q_9d27ea331a23,matrix_uuid_or_unreadable_label,medium,Question/answers need original form schema before reliable metrics/clustering.,request Tally form schema / export with readable labels
ri_3736146b08e8,tally_w4N6dB,q_3736146b08e8,matrix_uuid_or_unreadable_label,medium,Question/answers need original form schema before reliable metrics/clustering.,request Tally form schema / export with readable labels
ri_0fb9a790cc84,tally_w4N6dB,q_0fb9a790cc84,matrix_uuid_or_unreadable_label,medium,Question/answers need original form schema before reliable metrics/clustering.,request Tally form schema / export with readable labels
ri_98c321cff20a,tally_w4N6dB,q_98c321cff20a,matrix_uuid_or_unreadable_label,medium,Question/answers need original form schema before reliable metrics/clustering.,request Tally form schema / export with readable labels
ri_ef9be28fafc2,tally_w4N6dB,q_ef9be28fafc2,matrix_uuid_or_unreadable_label,medium,Question/answers need original form schema before reliable metrics/clustering.,request Tally form schema / export with readable labels
ri_987016c6e52a,tally_kdNXoM,q_987016c6e52a,unreliable_or_reconstructed_question,high,Question label or answer mapping is not fully reliable.,request Tally form schema / export with readable labels
ri_732413cdd69c,tally_kdNXoM,q_732413cdd69c,unreliable_or_reconstructed_question,high,Question label or answer mapping is not fully reliable.,request Tally form schema / export with readable labels
ri_34e7c9283390,tally_kdNXoM,q_34e7c9283390,unreliable_or_reconstructed_question,high,Question label or answer mapping is not fully reliable.,request Tally form schema / export with readable labels
ri_dc80660595e2,tally_kdNXoM,q_dc80660595e2,matrix_uuid_or_unreadable_label,medium,Question/answers need original form schema before reliable metrics/clustering.,request Tally form schema / export with readable labels
ri_a767ded4b6a8,tally_kdNXoM,q_a767ded4b6a8,matrix_uuid_or_unreadable_label,medium,Question/answers need original form schema before reliable metrics/clustering.,request Tally form schema / export with readable labels
ri_f7ad420e5e62,tally_kdNXoM,q_f7ad420e5e62,unreliable_or_reconstructed_question,high,Question label or answer mapping is not fully reliable.,request Tally form schema / export with readable labels
ri_8719942dd4c7,tally_kdNXoM,q_8719942dd4c7,unreliable_or_reconstructed_question,high,Question label or answer mapping is not fully reliable.,request Tally form schema / export with readable labels
ri_951d8ec8cf7d,tally_kdNXoM,q_951d8ec8cf7d,unreliable_or_reconstructed_question,high,Question label or answer mapping is not fully reliable.,request Tally form schema / export with readable labels
ri_7d2a4290d3b1,tally_kdNXoM,q_7d2a4290d3b1,unreliable_or_reconstructed_question,high,Question label or answer mapping is not fully reliable.,request Tally form schema / export with readable labels
ri_43580d99225a,tally_kdNXoM,q_43580d99225a,unreliable_or_reconstructed_question,high,Question label or answer mapping is not fully reliable.,request Tally form schema / export with readable labels
ri_e193198f8a7d,tally_kdNXoM,q_e193198f8a7d,unreliable_or_reconstructed_question,high,Question label or answer mapping is not fully reliable.,request Tally form schema / export with readable labels
ri_67410a6f800a,tally_kdNXoM,q_67410a6f800a,unreliable_or_reconstructed_question,high,Question label or answer mapping is not fully reliable.,request Tally form schema / export with readable labels
ri_ad7461759883,tally_meagPx,q_ad7461759883,matrix_uuid_or_unreadable_label,medium,Question/answers need original form schema before reliable metrics/clustering.,request Tally form schema / export with readable labels
ri_9b6fd5bfca53,tally_meagPx,q_9b6fd5bfca53,matrix_uuid_or_unreadable_label,medium,Question/answers need original form schema before reliable metrics/clustering.,request Tally form schema / export with readable labels
ri_df37453c9139,tally_meagPx,q_df37453c9139,matrix_uuid_or_unreadable_label,medium,Question/answers need original form schema before reliable metrics/clustering.,request Tally form schema / export with readable labels
ri_c4865d4a7dc4,tally_meagPx,q_c4865d4a7dc4,matrix_uuid_or_unreadable_label,medium,Question/answers need original form schema before reliable metrics/clustering.,request Tally form schema / export with readable labels
ri_167be6e90f1a,tally_meagPx,q_167be6e90f1a,matrix_uuid_or_unreadable_label,medium,Question/answers need original form schema before reliable metrics/clustering.,request Tally form schema / export with readable labels
ri_80416d6c7cba,tally_meagPx,q_80416d6c7cba,matrix_uuid_or_unreadable_label,medium,Question/answers need original form schema before reliable metrics/clustering.,request Tally form schema / export with readable labels
ri_35a786e6bb92,tally_meagPx,q_35a786e6bb92,matrix_uuid_or_unreadable_label,high,Question/answers need original form schema before reliable metrics/clustering.,request Tally form schema / export with readable labels
ri_6aaf04dc5e5f,tally_meagPx,q_6aaf04dc5e5f,matrix_uuid_or_unreadable_label,medium,Question/answers need original form schema before reliable metrics/clustering.,request Tally form schema / export with readable labels
ri_38fe0385ae9d,tally_3xQAzv,q_38fe0385ae9d,unreliable_or_reconstructed_question,high,Question label or answer mapping is not fully reliable.,request Tally form schema / export with readable labels
ri_09fc95564716,tally_3xQAzv,q_09fc95564716,unreliable_or_reconstructed_question,high,Question label or answer mapping is not fully reliable.,request Tally form schema / export with readable labels
ri_177781a575e4,tally_3xQAzv,q_177781a575e4,unreliable_or_reconstructed_question,high,Question label or answer mapping is not fully reliable.,request Tally form schema / export with readable labels
ri_b3e96cc61198,tally_3xQAzv,q_b3e96cc61198,unreliable_or_reconstructed_question,high,Question label or answer mapping is not fully reliable.,request Tally form schema / export with readable labels
ri_d7fc0206eab3,tally_3xQAzv,q_d7fc0206eab3,unreliable_or_reconstructed_question,high,Question label or answer mapping is not fully reliable.,request Tally form schema / export with readable labels
ri_13df417f9f03,tally_3xQAzv,q_13df417f9f03,unreliable_or_reconstructed_question,high,Question label or answer mapping is not fully reliable.,request Tally form schema / export with readable labels
ri_ab9b6f7ba78e,tally_3xQAzv,q_ab9b6f7ba78e,unreliable_or_reconstructed_question,high,Question label or answer mapping is not fully reliable.,request Tally form schema / export with readable labels
ri_27174715079b,tally_3xQAzv,q_27174715079b,unreliable_or_reconstructed_question,high,Question label or answer mapping is not fully reliable.,request Tally form schema / export with readable labels
ri_cb4d96f0b135,tally_3xQAzv,q_cb4d96f0b135,unreliable_or_reconstructed_question,high,Question label or answer mapping is not fully reliable.,request Tally form schema / export with readable labels
ri_5675f6f6142e,tally_3xQAzv,q_5675f6f6142e,unreliable_or_reconstructed_question,high,Question label or answer mapping is not fully reliable.,request Tally form schema / export with readable labels
ri_ac54303d21f8,tally_3xQAzv,q_ac54303d21f8,matrix_uuid_or_unreadable_label,medium,Question/answers need original form schema before reliable metrics/clustering.,request Tally form schema / export with readable labels
ri_c1a5bfb6a0c0,tally_3xQAzv,q_c1a5bfb6a0c0,unreliable_or_reconstructed_question,high,Question label or answer mapping is not fully reliable.,request Tally form schema / export with readable labels
ri_fe5afe198515,tally_3xQAzv,q_fe5afe198515,unreliable_or_reconstructed_question,high,Question label or answer mapping is not fully reliable.,request Tally form schema / export with readable labels
ri_5cb63b580748,tally_3xQAzv,q_5cb63b580748,unreliable_or_reconstructed_question,high,Question label or answer mapping is not fully reliable.,request Tally form schema / export with readable labels
ri_9c285d8c48c0,tally_3xQAzv,q_9c285d8c48c0,unreliable_or_reconstructed_question,high,Question label or answer mapping is not fully reliable.,request Tally form schema / export with readable labels
ri_0beceaa8f490,tally_3xQAzv,q_0beceaa8f490,unreliable_or_reconstructed_question,high,Question label or answer mapping is not fully reliable.,request Tally form schema / export with readable labels
ri_a7c29b8ce089,tally_3xQAzv,q_a7c29b8ce089,unreliable_or_reconstructed_question,high,Question label or answer mapping is not fully reliable.,request Tally form schema / export with readable labels
ri_715c8e2303f6,tally_3xQAzv,q_715c8e2303f6,unreliable_or_reconstructed_question,high,Question label or answer mapping is not fully reliable.,request Tally form schema / export with readable labels
ri_fb7d382b8616,tally_3xQAzv,q_fb7d382b8616,unreliable_or_reconstructed_question,high,Question label or answer mapping is not fully reliable.,request Tally form schema / export with readable labels
ri_c0ebed145e82,tally_3xQAzv,q_c0ebed145e82,unreliable_or_reconstructed_question,high,Question label or answer mapping is not fully reliable.,request Tally form schema / export with readable labels
ri_6ea1c94f8795,tally_3xQAzv,q_6ea1c94f8795,unreliable_or_reconstructed_question,high,Question label or answer mapping is not fully reliable.,request Tally form schema / export with readable labels
ri_a07ee9b247cc,tally_3xQAzv,q_a07ee9b247cc,unreliable_or_reconstructed_question,high,Question label or answer mapping is not fully reliable.,request Tally form schema / export with readable labels
ri_80244ba09a74,tally_3xQAzv,q_80244ba09a74,unreliable_or_reconstructed_question,high,Question label or answer mapping is not fully reliable.,request Tally form schema / export with readable labels
ri_bd485ac6d24e,tally_3xQAzv,q_bd485ac6d24e,unreliable_or_reconstructed_question,high,Question label or answer mapping is not fully reliable.,request Tally form schema / export with readable labels
ri_7cc54ca94d40,tally_Y5jV7N,q_7cc54ca94d40,unreliable_or_reconstructed_question,high,Question label or answer mapping is not fully reliable.,request Tally form schema / export with readable labels
ri_2a893866da6d,tally_Y5jV7N,q_2a893866da6d,unreliable_or_reconstructed_question,high,Question label or answer mapping is not fully reliable.,request Tally form schema / export with readable labels
ri_8e89bee7b768,tally_Y5jV7N,q_8e89bee7b768,unreliable_or_reconstructed_question,high,Question label or answer mapping is not fully reliable.,request Tally form schema / export with readable labels
ri_46a798c92724,tally_Y5jV7N,q_46a798c92724,matrix_uuid_or_unreadable_label,medium,Question/answers need original form schema before reliable metrics/clustering.,request Tally form schema / export with readable labels
ri_bb4678f0a063,tally_Y5jV7N,q_bb4678f0a063,unreliable_or_reconstructed_question,high,Question label or answer mapping is not fully reliable.,request Tally form schema / export with readable labels
ri_9bf0507ef005,tally_Y5jV7N,q_9bf0507ef005,unreliable_or_reconstructed_question,high,Question label or answer mapping is not fully reliable.,request Tally form schema / export with readable labels
ri_a8587727651d,tally_Y5jV7N,q_a8587727651d,unreliable_or_reconstructed_question,high,Question label or answer mapping is not fully reliable.,request Tally form schema / export with readable labels
ri_4fdefd2a4d3f,tally_Y5jV7N,q_4fdefd2a4d3f,unreliable_or_reconstructed_question,high,Question label or answer mapping is not fully reliable.,request Tally form schema / export with readable labels
ri_7b667e3552b8,tally_Y5jV7N,q_7b667e3552b8,unreliable_or_reconstructed_question,high,Question label or answer mapping is not fully reliable.,request Tally form schema / export with readable labels
ri_9b259e9fb715,tally_Y5jV7N,q_9b259e9fb715,unreliable_or_reconstructed_question,high,Question label or answer mapping is not fully reliable.,request Tally form schema / export with readable labels
ri_f610487b3124,tally_Y5jV7N,q_f610487b3124,unreliable_or_reconstructed_question,high,Question label or answer mapping is not fully reliable.,request Tally form schema / export with readable labels
ri_b9a25ac85bac,tally_Y5jV7N,q_b9a25ac85bac,unreliable_or_reconstructed_question,high,Question label or answer mapping is not fully reliable.,request Tally form schema / export with readable labels
ri_572d83b6d366,tally_Y5jV7N,q_572d83b6d366,unreliable_or_reconstructed_question,high,Question label or answer mapping is not fully reliable.,request Tally form schema / export with readable labels
ri_a28cc26f0da2,tally_Y5jV7N,q_a28cc26f0da2,unreliable_or_reconstructed_question,high,Question label or answer mapping is not fully reliable.,request Tally form schema / export with readable labels
ri_b75884d6137d,tally_Y5jV7N,q_b75884d6137d,unreliable_or_reconstructed_question,high,Question label or answer mapping is not fully reliable.,request Tally form schema / export with readable labels
ri_4642ba0774d4,tally_Y5jV7N,q_4642ba0774d4,unreliable_or_reconstructed_question,high,Question label or answer mapping is not fully reliable.,request Tally form schema / export with readable labels
ri_7d38d8d595f2,tally_Y5jV7N,q_7d38d8d595f2,unreliable_or_reconstructed_question,high,Question label or answer mapping is not fully reliable.,request Tally form schema / export with readable labels
ri_bd0734609176,tally_mYGYV0,q_bd0734609176,unreliable_or_reconstructed_question,high,Question label or answer mapping is not fully reliable.,request Tally form schema / export with readable labels
ri_e83ec0c23a7c,tally_mYGYV0,q_e83ec0c23a7c,unreliable_or_reconstructed_question,high,Question label or answer mapping is not fully reliable.,request Tally form schema / export with readable labels
ri_2d2b333dd11a,tally_mYGYV0,q_2d2b333dd11a,unreliable_or_reconstructed_question,high,Question label or answer mapping is not fully reliable.,request Tally form schema / export with readable labels
ri_73438129f502,tally_mYGYV0,q_73438129f502,unreliable_or_reconstructed_question,high,Question label or answer mapping is not fully reliable.,request Tally form schema / export with readable labels
ri_7d92981deeb9,tally_mYGYV0,q_7d92981deeb9,unreliable_or_reconstructed_question,high,Question label or answer mapping is not fully reliable.,request Tally form schema / export with readable labels
ri_e78b15ce1063,tally_mYGYV0,q_e78b15ce1063,unreliable_or_reconstructed_question,high,Question label or answer mapping is not fully reliable.,request Tally form schema / export with readable labels
ri_a132ab58802e,tally_mYGYV0,q_a132ab58802e,unreliable_or_reconstructed_question,high,Question label or answer mapping is not fully reliable.,request Tally form schema / export with readable labels
ri_4457133928eb,tally_n0epJ0,q_4457133928eb,matrix_uuid_or_unreadable_label,medium,Question/answers need original form schema before reliable metrics/clustering.,request Tally form schema / export with readable labels
ri_f8e7b4d288de,tally_n0epJ0,q_f8e7b4d288de,matrix_uuid_or_unreadable_label,medium,Question/answers need original form schema before reliable metrics/clustering.,request Tally form schema / export with readable labels
ri_6bc4a9590025,tally_n0epJ0,q_6bc4a9590025,matrix_uuid_or_unreadable_label,medium,Question/answers need original form schema before reliable metrics/clustering.,request Tally form schema / export with readable labels
ri_1cfba437fc6c,tally_n0epJ0,q_1cfba437fc6c,matrix_uuid_or_unreadable_label,medium,Question/answers need original form schema before reliable metrics/clustering.,request Tally form schema / export with readable labels
ri_8d6c9db6898c,tally_n0epJ0,q_8d6c9db6898c,matrix_uuid_or_unreadable_label,medium,Question/answers need original form schema before reliable metrics/clustering.,request Tally form schema / export with readable labels
ri_7f48472a27e4,tally_n0epJ0,q_7f48472a27e4,matrix_uuid_or_unreadable_label,medium,Question/answers need original form schema before reliable metrics/clustering.,request Tally form schema / export with readable labels
ri_5327dc357dbe,tally_n0epJ0,q_5327dc357dbe,matrix_uuid_or_unreadable_label,medium,Question/answers need original form schema before reliable metrics/clustering.,request Tally form schema / export with readable labels
ri_8a49680ddabd,tally_mKaxzA,q_8a49680ddabd,matrix_uuid_or_unreadable_label,medium,Question/answers need original form schema before reliable metrics/clustering.,request Tally form schema / export with readable labels
ri_1d8c3b6eea23,tally_mKaxzA,q_1d8c3b6eea23,unreliable_or_reconstructed_question,high,Question label or answer mapping is not fully reliable.,request Tally form schema / export with readable labels
ri_dd5d4ccdfaa7,tally_mKaxzA,q_dd5d4ccdfaa7,matrix_uuid_or_unreadable_label,medium,Question/answers need original form schema before reliable metrics/clustering.,request Tally form schema / export with readable labels
ri_8756c3cd0957,tally_mKaxzA,q_8756c3cd0957,matrix_uuid_or_unreadable_label,medium,Question/answers need original form schema before reliable metrics/clustering.,request Tally form schema / export with readable labels
ri_9baa865b2689,tally_mKaxzA,q_9baa865b2689,unreliable_or_reconstructed_question,high,Question label or answer mapping is not fully reliable.,request Tally form schema / export with readable labels
ri_00102dd6125e,tally_mKaxzA,q_00102dd6125e,unreliable_or_reconstructed_question,high,Question label or answer mapping is not fully reliable.,request Tally form schema / export with readable labels
ri_397df725d8cb,tally_mKaxzA,q_397df725d8cb,unreliable_or_reconstructed_question,high,Question label or answer mapping is not fully reliable.,request Tally form schema / export with readable labels
ri_ff933e7990f0,tally_3xaZ9G,q_ff933e7990f0,unreliable_or_reconstructed_question,high,Question label or answer mapping is not fully reliable.,request Tally form schema / export with readable labels
ri_a39f54199a83,tally_3xaZ9G,q_a39f54199a83,matrix_uuid_or_unreadable_label,medium,Question/answers need original form schema before reliable metrics/clustering.,request Tally form schema / export with readable labels
ri_177efcf793f0,tally_3xaZ9G,q_177efcf793f0,matrix_uuid_or_unreadable_label,medium,Question/answers need original form schema before reliable metrics/clustering.,request Tally form schema / export with readable labels
ri_8f7dd8909ab0,tally_3xaZ9G,q_8f7dd8909ab0,matrix_uuid_or_unreadable_label,medium,Question/answers need original form schema before reliable metrics/clustering.,request Tally form schema / export with readable labels
ri_c7e1f7008b18,tally_3xaZ9G,q_c7e1f7008b18,matrix_uuid_or_unreadable_label,medium,Question/answers need original form schema before reliable metrics/clustering.,request Tally form schema / export with readable labels
ri_b6d4f1c2ad2c,tally_3xaZ9G,q_b6d4f1c2ad2c,matrix_uuid_or_unreadable_label,medium,Question/answers need original form schema before reliable metrics/clustering.,request Tally form schema / export with readable labels
ri_5768371250ba,tally_3xaZ9G,q_5768371250ba,matrix_uuid_or_unreadable_label,medium,Question/answers need original form schema before reliable metrics/clustering.,request Tally form schema / export with readable labels
ri_56b97bcb5f05,tally_3xaZ9G,q_56b97bcb5f05,matrix_uuid_or_unreadable_label,medium,Question/answers need original form schema before reliable metrics/clustering.,request Tally form schema / export with readable labels
ri_6e11b136ad27,tally_3xaZ9G,q_6e11b136ad27,matrix_uuid_or_unreadable_label,medium,Question/answers need original form schema before reliable metrics/clustering.,request Tally form schema / export with readable labels
ri_02cfd4fd74d5,tally_3xaZ9G,q_02cfd4fd74d5,matrix_uuid_or_unreadable_label,medium,Question/answers need original form schema before reliable metrics/clustering.,request Tally form schema / export with readable labels
ri_b2449e8dacd1,tally_3xaZ9G,q_b2449e8dacd1,matrix_uuid_or_unreadable_label,medium,Question/answers need original form schema before reliable metrics/clustering.,request Tally form schema / export with readable labels
ri_57c229cbb1d0,tally_3xaZ9G,q_57c229cbb1d0,matrix_uuid_or_unreadable_label,medium,Question/answers need original form schema before reliable metrics/clustering.,request Tally form schema / export with readable labels
ri_66e5a8c9278d,tally_3xaZ9G,q_66e5a8c9278d,matrix_uuid_or_unreadable_label,medium,Question/answers need original form schema before reliable metrics/clustering.,request Tally form schema / export with readable labels
ri_66b3acb97c80,tally_3xaZ9G,q_66b3acb97c80,matrix_uuid_or_unreadable_label,medium,Question/answers need original form schema before reliable metrics/clustering.,request Tally form schema / export with readable labels
ri_30b9ac06ea16,tally_3xaZ9G,q_30b9ac06ea16,matrix_uuid_or_unreadable_label,medium,Question/answers need original form schema before reliable metrics/clustering.,request Tally form schema / export with readable labels
ri_1545cf7c339d,tally_wvANe4,q_1545cf7c339d,unreliable_or_reconstructed_question,high,Question label or answer mapping is not fully reliable.,request Tally form schema / export with readable labels
ri_000ebdf2ac24,tally_wvANe4,q_000ebdf2ac24,matrix_uuid_or_unreadable_label,medium,Question/answers need original form schema before reliable metrics/clustering.,request Tally form schema / export with readable labels
ri_8ec63ba9bfb5,tally_wvANe4,q_8ec63ba9bfb5,matrix_uuid_or_unreadable_label,medium,Question/answers need original form schema before reliable metrics/clustering.,request Tally form schema / export with readable labels
ri_0fddaee330fa,tally_wvANe4,q_0fddaee330fa,matrix_uuid_or_unreadable_label,medium,Question/answers need original form schema before reliable metrics/clustering.,request Tally form schema / export with readable labels
ri_5f0ff32632ee,tally_wvANe4,q_5f0ff32632ee,unreliable_or_reconstructed_question,high,Question label or answer mapping is not fully reliable.,request Tally form schema / export with readable labels
ri_ebb323184fcd,tally_wvANe4,q_ebb323184fcd,unreliable_or_reconstructed_question,high,Question label or answer mapping is not fully reliable.,request Tally form schema / export with readable labels
ri_c61ec13e2778,tally_mRZVav,q_c61ec13e2778,unreliable_or_reconstructed_question,high,Question label or answer mapping is not fully reliable.,request Tally form schema / export with readable labels
ri_59d86e378557,tally_mRZVav,q_59d86e378557,matrix_uuid_or_unreadable_label,medium,Question/answers need original form schema before reliable metrics/clustering.,request Tally form schema / export with readable labels
ri_668acf271bfb,tally_mRZVav,q_668acf271bfb,matrix_uuid_or_unreadable_label,medium,Question/answers need original form schema before reliable metrics/clustering.,request Tally form schema / export with readable labels
ri_aa1a3870927f,tally_mRZVav,q_aa1a3870927f,unreliable_or_reconstructed_question,high,Question label or answer mapping is not fully reliable.,request Tally form schema / export with readable labels
ri_231686c54c0c,tally_mRZVav,q_231686c54c0c,unreliable_or_reconstructed_question,high,Question label or answer mapping is not fully reliable.,request Tally form schema / export with readable labels
ri_7d476897769b,tally_mRZVav,q_7d476897769b,unreliable_or_reconstructed_question,high,Question label or answer mapping is not fully reliable.,request Tally form schema / export with readable labels
ri_4df63920f0f2,tally_mRZVav,q_4df63920f0f2,unreliable_or_reconstructed_question,high,Question label or answer mapping is not fully reliable.,request Tally form schema / export with readable labels
ri_bf09b5011c50,tally_mRZVav,q_bf09b5011c50,unreliable_or_reconstructed_question,high,Question label or answer mapping is not fully reliable.,request Tally form schema / export with readable labels
ri_04fce1aaeda3,tally_mRZVav,q_04fce1aaeda3,unreliable_or_reconstructed_question,high,Question label or answer mapping is not fully reliable.,request Tally form schema / export with readable labels
ri_47b8a983bd06,tally_mRZVav,q_47b8a983bd06,unreliable_or_reconstructed_question,high,Question label or answer mapping is not fully reliable.,request Tally form schema / export with readable labels
ri_f774efeb0480,tally_mRZVav,q_f774efeb0480,unreliable_or_reconstructed_question,high,Question label or answer mapping is not fully reliable.,request Tally form schema / export with readable labels
ri_e14811f932fc,tally_mRZVav,q_e14811f932fc,unreliable_or_reconstructed_question,high,Question label or answer mapping is not fully reliable.,request Tally form schema / export with readable labels
ri_5f73a6039bbf,tally_w4xjPb,q_5f73a6039bbf,unreliable_or_reconstructed_question,high,Question label or answer mapping is not fully reliable.,request Tally form schema / export with readable labels
ri_d0ed1c7b8724,tally_w4xjPb,q_d0ed1c7b8724,matrix_uuid_or_unreadable_label,medium,Question/answers need original form schema before reliable metrics/clustering.,request Tally form schema / export with readable labels
ri_c203f8a00643,tally_w4xjPb,q_c203f8a00643,matrix_uuid_or_unreadable_label,medium,Question/answers need original form schema before reliable metrics/clustering.,request Tally form schema / export with readable labels
ri_9c5c93a29257,tally_w4xjPb,q_9c5c93a29257,matrix_uuid_or_unreadable_label,medium,Question/answers need original form schema before reliable metrics/clustering.,request Tally form schema / export with readable labels
ri_2c0970800d51,tally_w4xjPb,q_2c0970800d51,matrix_uuid_or_unreadable_label,medium,Question/answers need original form schema before reliable metrics/clustering.,request Tally form schema / export with readable labels
ri_80f67da7c60b,tally_w4xjPb,q_80f67da7c60b,matrix_uuid_or_unreadable_label,medium,Question/answers need original form schema before reliable metrics/clustering.,request Tally form schema / export with readable labels
ri_78ef779b6231,tally_w4xjPb,q_78ef779b6231,matrix_uuid_or_unreadable_label,medium,Question/answers need original form schema before reliable metrics/clustering.,request Tally form schema / export with readable labels
ri_f87ebf64d2b8,tally_w4xjPb,q_f87ebf64d2b8,matrix_uuid_or_unreadable_label,medium,Question/answers need original form schema before reliable metrics/clustering.,request Tally form schema / export with readable labels
ri_bf8b3ad2e511,tally_w4xjPb,q_bf8b3ad2e511,matrix_uuid_or_unreadable_label,medium,Question/answers need original form schema before reliable metrics/clustering.,request Tally form schema / export with readable labels
ri_4dfd3c4817eb,tally_w4xjPb,q_4dfd3c4817eb,matrix_uuid_or_unreadable_label,medium,Question/answers need original form schema before reliable metrics/clustering.,request Tally form schema / export with readable labels
ri_59493344ec14,tally_w4xjPb,q_59493344ec14,matrix_uuid_or_unreadable_label,medium,Question/answers need original form schema before reliable metrics/clustering.,request Tally form schema / export with readable labels
ri_4dcd11fabfa2,tally_w4xjPb,q_4dcd11fabfa2,matrix_uuid_or_unreadable_label,medium,Question/answers need original form schema before reliable metrics/clustering.,request Tally form schema / export with readable labels
ri_6a2c82b25fcb,tally_w4xjPb,q_6a2c82b25fcb,matrix_uuid_or_unreadable_label,medium,Question/answers need original form schema before reliable metrics/clustering.,request Tally form schema / export with readable labels
ri_77c9e3a3e5a5,tally_w4xjPb,q_77c9e3a3e5a5,matrix_uuid_or_unreadable_label,medium,Question/answers need original form schema before reliable metrics/clustering.,request Tally form schema / export with readable labels
ri_3f77fb3df989,tally_w4xjPb,q_3f77fb3df989,matrix_uuid_or_unreadable_label,medium,Question/answers need original form schema before reliable metrics/clustering.,request Tally form schema / export with readable labels
ri_d805e3ba5be5,tally_3XX5yY,q_d805e3ba5be5,matrix_uuid_or_unreadable_label,medium,Question/answers need original form schema before reliable metrics/clustering.,request Tally form schema / export with readable labels
ri_85c1a384a162,tally_3XX5yY,q_85c1a384a162,matrix_uuid_or_unreadable_label,medium,Question/answers need original form schema before reliable metrics/clustering.,request Tally form schema / export with readable labels
ri_0bd6947d631d,tally_3XX5yY,q_0bd6947d631d,matrix_uuid_or_unreadable_label,medium,Question/answers need original form schema before reliable metrics/clustering.,request Tally form schema / export with readable labels
ri_86ef74574c57,tally_3XX5yY,q_86ef74574c57,matrix_uuid_or_unreadable_label,medium,Question/answers need original form schema before reliable metrics/clustering.,request Tally form schema / export with readable labels
ri_3cb45c6f099c,tally_3XX5yY,q_3cb45c6f099c,matrix_uuid_or_unreadable_label,medium,Question/answers need original form schema before reliable metrics/clustering.,request Tally form schema / export with readable labels
ri_da6af9000456,tally_3XX5yY,q_da6af9000456,matrix_uuid_or_unreadable_label,medium,Question/answers need original form schema before reliable metrics/clustering.,request Tally form schema / export with readable labels
ri_29fb6c42731e,tally_3XX5yY,q_29fb6c42731e,matrix_uuid_or_unreadable_label,medium,Question/answers need original form schema before reliable metrics/clustering.,request Tally form schema / export with readable labels
ri_b862b268f846,tally_3XX5yY,q_b862b268f846,matrix_uuid_or_unreadable_label,medium,Question/answers need original form schema before reliable metrics/clustering.,request Tally form schema / export with readable labels
ri_ed3616f70173,tally_3XX5yY,q_ed3616f70173,matrix_uuid_or_unreadable_label,medium,Question/answers need original form schema before reliable metrics/clustering.,request Tally form schema / export with readable labels
ri_ceb8df1cfc30,tally_3XX5yY,q_ceb8df1cfc30,matrix_uuid_or_unreadable_label,medium,Question/answers need original form schema before reliable metrics/clustering.,request Tally form schema / export with readable labels
ri_5b8967c6cf7f,tally_3XX5yY,q_5b8967c6cf7f,matrix_uuid_or_unreadable_label,medium,Question/answers need original form schema before reliable metrics/clustering.,request Tally form schema / export with readable labels
ri_8393d568de25,tally_3XX5yY,q_8393d568de25,matrix_uuid_or_unreadable_label,medium,Question/answers need original form schema before reliable metrics/clustering.,request Tally form schema / export with readable labels
ri_cbcc59531c97,tally_nW8rgv,q_cbcc59531c97,unreliable_or_reconstructed_question,high,Question label or answer mapping is not fully reliable.,request Tally form schema / export with readable labels
ri_acba362a36fb,tally_nW8rgv,q_acba362a36fb,matrix_uuid_or_unreadable_label,medium,Question/answers need original form schema before reliable metrics/clustering.,request Tally form schema / export with readable labels
ri_d68089ef7204,tally_nW8rgv,q_d68089ef7204,matrix_uuid_or_unreadable_label,medium,Question/answers need original form schema before reliable metrics/clustering.,request Tally form schema / export with readable labels
ri_fcb39dd310a5,tally_nW8rgv,q_fcb39dd310a5,unreliable_or_reconstructed_question,high,Question label or answer mapping is not fully reliable.,request Tally form schema / export with readable labels
ri_c558e3991036,tally_nW8rgv,q_c558e3991036,unreliable_or_reconstructed_question,high,Question label or answer mapping is not fully reliable.,request Tally form schema / export with readable labels
ri_107fc4380e5a,tally_nW8rgv,q_107fc4380e5a,matrix_uuid_or_unreadable_label,medium,Question/answers need original form schema before reliable metrics/clustering.,request Tally form schema / export with readable labels
ri_0cad5a579d78,tally_nW8rgv,q_0cad5a579d78,unreliable_or_reconstructed_question,high,Question label or answer mapping is not fully reliable.,request Tally form schema / export with readable labels
ri_e132dd9870d9,tally_3E0NJB,q_e132dd9870d9,unreliable_or_reconstructed_question,high,Question label or answer mapping is not fully reliable.,request Tally form schema / export with readable labels
ri_d1a9e0e76a44,tally_3E0NJB,q_d1a9e0e76a44,unreliable_or_reconstructed_question,high,Question label or answer mapping is not fully reliable.,request Tally form schema / export with readable labels
ri_17b74a8e57de,tally_3E0NJB,q_17b74a8e57de,matrix_uuid_or_unreadable_label,medium,Question/answers need original form schema before reliable metrics/clustering.,request Tally form schema / export with readable labels
ri_14e0c48b9b42,tally_3E0NJB,q_14e0c48b9b42,unreliable_or_reconstructed_question,high,Question label or answer mapping is not fully reliable.,request Tally form schema / export with readable labels
ri_52d2c4378413,tally_3E0NJB,q_52d2c4378413,unreliable_or_reconstructed_question,high,Question label or answer mapping is not fully reliable.,request Tally form schema / export with readable labels
ri_635aaa93d8bf,tally_3E0NJB,q_635aaa93d8bf,unreliable_or_reconstructed_question,high,Question label or answer mapping is not fully reliable.,request Tally form schema / export with readable labels
ri_51cddd4b229f,tally_nrElyo,q_51cddd4b229f,unreliable_or_reconstructed_question,high,Question label or answer mapping is not fully reliable.,request Tally form schema / export with readable labels
ri_b60bc666037f,tally_nrElyo,q_b60bc666037f,unreliable_or_reconstructed_question,high,Question label or answer mapping is not fully reliable.,request Tally form schema / export with readable labels
ri_a174eb53abc6,tally_nrElyo,q_a174eb53abc6,unreliable_or_reconstructed_question,high,Question label or answer mapping is not fully reliable.,request Tally form schema / export with readable labels
ri_c6d2982577b5,tally_nrElyo,q_c6d2982577b5,unreliable_or_reconstructed_question,high,Question label or answer mapping is not fully reliable.,request Tally form schema / export with readable labels
ri_f11889d46896,tally_nrElyo,q_f11889d46896,unreliable_or_reconstructed_question,high,Question label or answer mapping is not fully reliable.,request Tally form schema / export with readable labels
ri_0eb182a2d4b9,tally_nrElyo,q_0eb182a2d4b9,unreliable_or_reconstructed_question,high,Question label or answer mapping is not fully reliable.,request Tally form schema / export with readable labels
ri_ca2198e54d11,tally_nrElyo,q_ca2198e54d11,unreliable_or_reconstructed_question,high,Question label or answer mapping is not fully reliable.,request Tally form schema / export with readable labels
ri_fb12bc47f8be,tally_nrElyo,q_fb12bc47f8be,unreliable_or_reconstructed_question,high,Question label or answer mapping is not fully reliable.,request Tally form schema / export with readable labels
ri_4f0baf7572f6,tally_nrElyo,q_4f0baf7572f6,unreliable_or_reconstructed_question,high,Question label or answer mapping is not fully reliable.,request Tally form schema / export with readable labels
ri_2b30de5b9f09,tally_nrElyo,q_2b30de5b9f09,unreliable_or_reconstructed_question,high,Question label or answer mapping is not fully reliable.,request Tally form schema / export with readable labels
ri_53502cb1c31d,tally_nrElyo,q_53502cb1c31d,matrix_uuid_or_unreadable_label,medium,Question/answers need original form schema before reliable metrics/clustering.,request Tally form schema / export with readable labels
ri_1e95d5600b20,tally_nrElyo,q_1e95d5600b20,unreliable_or_reconstructed_question,high,Question label or answer mapping is not fully reliable.,request Tally form schema / export with readable labels
ri_085386c28079,tally_nrElyo,q_085386c28079,unreliable_or_reconstructed_question,high,Question label or answer mapping is not fully reliable.,request Tally form schema / export with readable labels
ri_55a0d4bead70,tally_nrElyo,q_55a0d4bead70,unreliable_or_reconstructed_question,high,Question label or answer mapping is not fully reliable.,request Tally form schema / export with readable labels
ri_c51ec9d20888,tally_nrElyo,q_c51ec9d20888,unreliable_or_reconstructed_question,high,Question label or answer mapping is not fully reliable.,request Tally form schema / export with readable labels
ri_4e0cd77f7290,tally_nrElyo,q_4e0cd77f7290,unreliable_or_reconstructed_question,high,Question label or answer mapping is not fully reliable.,request Tally form schema / export with readable labels
ri_aeada1e1f1d2,tally_nrElyo,q_aeada1e1f1d2,unreliable_or_reconstructed_question,high,Question label or answer mapping is not fully reliable.,request Tally form schema / export with readable labels
ri_5f586490dc32,tally_nrElyo,q_5f586490dc32,unreliable_or_reconstructed_question,high,Question label or answer mapping is not fully reliable.,request Tally form schema / export with readable labels
ri_637f9c93bd39,tally_nrElyo,q_637f9c93bd39,unreliable_or_reconstructed_question,high,Question label or answer mapping is not fully reliable.,request Tally form schema / export with readable labels
ri_17f015f0e5c6,tally_nrElyo,q_17f015f0e5c6,unreliable_or_reconstructed_question,high,Question label or answer mapping is not fully reliable.,request Tally form schema / export with readable labels
ri_58954c50e710,tally_nrElyo,q_58954c50e710,unreliable_or_reconstructed_question,high,Question label or answer mapping is not fully reliable.,request Tally form schema / export with readable labels
ri_6e1611c30dcd,tally_nrElyo,q_6e1611c30dcd,unreliable_or_reconstructed_question,high,Question label or answer mapping is not fully reliable.,request Tally form schema / export with readable labels
ri_fd4573ca7f7a,tally_nrElyo,q_fd4573ca7f7a,unreliable_or_reconstructed_question,high,Question label or answer mapping is not fully reliable.,request Tally form schema / export with readable labels
ri_0e41c8393d73,tally_nrElyo,q_0e41c8393d73,unreliable_or_reconstructed_question,high,Question label or answer mapping is not fully reliable.,request Tally form schema / export with readable labels
ri_4bfee247bb33,tally_w7Z6L0,q_4bfee247bb33,matrix_uuid_or_unreadable_label,medium,Question/answers need original form schema before reliable metrics/clustering.,request Tally form schema / export with readable labels
ri_8564a499d3bb,tally_w7Z6L0,q_8564a499d3bb,matrix_uuid_or_unreadable_label,medium,Question/answers need original form schema before reliable metrics/clustering.,request Tally form schema / export with readable labels
ri_fb597ce80692,tally_w7Z6L0,q_fb597ce80692,matrix_uuid_or_unreadable_label,medium,Question/answers need original form schema before reliable metrics/clustering.,request Tally form schema / export with readable labels
ri_55663da913c3,tally_w7Z6L0,q_55663da913c3,matrix_uuid_or_unreadable_label,medium,Question/answers need original form schema before reliable metrics/clustering.,request Tally form schema / export with readable labels
ri_d7d6c9fe3271,tally_w7Z6L0,q_d7d6c9fe3271,matrix_uuid_or_unreadable_label,medium,Question/answers need original form schema before reliable metrics/clustering.,request Tally form schema / export with readable labels
ri_67100de8f619,tally_w7Z6L0,q_67100de8f619,matrix_uuid_or_unreadable_label,medium,Question/answers need original form schema before reliable metrics/clustering.,request Tally form schema / export with readable labels
ri_e562576c4993,tally_w7Z6L0,q_e562576c4993,matrix_uuid_or_unreadable_label,medium,Question/answers need original form schema before reliable metrics/clustering.,request Tally form schema / export with readable labels
ri_f29de1c4e85b,tally_mZEBBV,q_f29de1c4e85b,matrix_uuid_or_unreadable_label,medium,Question/answers need original form schema before reliable metrics/clustering.,request Tally form schema / export with readable labels
ri_7e5fbb321497,tally_wMr1qY,q_7e5fbb321497,matrix_uuid_or_unreadable_label,medium,Question/answers need original form schema before reliable metrics/clustering.,request Tally form schema / export with readable labels
ri_684e6e9d3079,tally_wMr1qY,q_684e6e9d3079,unreliable_or_reconstructed_question,high,Question label or answer mapping is not fully reliable.,request Tally form schema / export with readable labels
ri_70d9850a172c,tally_nP9Zrb,q_70d9850a172c,unreliable_or_reconstructed_question,high,Question label or answer mapping is not fully reliable.,request Tally form schema / export with readable labels
ri_8c3a4c7fe8dd,tally_nP9Zrb,q_8c3a4c7fe8dd,matrix_uuid_or_unreadable_label,medium,Question/answers need original form schema before reliable metrics/clustering.,request Tally form schema / export with readable labels
ri_ddf703f8ccae,tally_nP9Zrb,q_ddf703f8ccae,matrix_uuid_or_unreadable_label,medium,Question/answers need original form schema before reliable metrics/clustering.,request Tally form schema / export with readable labels
ri_87076bb272ef,tally_nP9Zrb,q_87076bb272ef,unreliable_or_reconstructed_question,high,Question label or answer mapping is not fully reliable.,request Tally form schema / export with readable labels
ri_f87b9a809f71,tally_nP9Zrb,q_f87b9a809f71,unreliable_or_reconstructed_question,high,Question label or answer mapping is not fully reliable.,request Tally form schema / export with readable labels
ri_99051337b06c,tally_nP9Zrb,q_99051337b06c,matrix_uuid_or_unreadable_label,medium,Question/answers need original form schema before reliable metrics/clustering.,request Tally form schema / export with readable labels
ri_ca365c065035,tally_nP9Zrb,q_ca365c065035,unreliable_or_reconstructed_question,high,Question label or answer mapping is not fully reliable.,request Tally form schema / export with readable labels
ri_4db6097c7da8,tally_w2vrDL,q_4db6097c7da8,unreliable_or_reconstructed_question,high,Question label or answer mapping is not fully reliable.,request Tally form schema / export with readable labels
ri_812bbff0c653,tally_w2vrDL,q_812bbff0c653,unreliable_or_reconstructed_question,high,Question label or answer mapping is not fully reliable.,request Tally form schema / export with readable labels
ri_d160922eda0b,tally_w2vrDL,q_d160922eda0b,unreliable_or_reconstructed_question,high,Question label or answer mapping is not fully reliable.,request Tally form schema / export with readable labels
ri_7aa0261786b0,tally_w2vrDL,q_7aa0261786b0,unreliable_or_reconstructed_question,high,Question label or answer mapping is not fully reliable.,request Tally form schema / export with readable labels
ri_62bc9d81cc93,tally_w2vrDL,q_62bc9d81cc93,unreliable_or_reconstructed_question,high,Question label or answer mapping is not fully reliable.,request Tally form schema / export with readable labels
ri_d426dcbb8397,tally_w2vrDL,q_d426dcbb8397,unreliable_or_reconstructed_question,high,Question label or answer mapping is not fully reliable.,request Tally form schema / export with readable labels
ri_e59a51f118fc,tally_w2vrDL,q_e59a51f118fc,unreliable_or_reconstructed_question,high,Question label or answer mapping is not fully reliable.,request Tally form schema / export with readable labels
ri_4465cbb3d633,tally_w2vrDL,q_4465cbb3d633,unreliable_or_reconstructed_question,high,Question label or answer mapping is not fully reliable.,request Tally form schema / export with readable labels
ri_d6d43f082332,tally_w2vrDL,q_d6d43f082332,unreliable_or_reconstructed_question,high,Question label or answer mapping is not fully reliable.,request Tally form schema / export with readable labels
ri_c11508580cc0,tally_w2vrDL,q_c11508580cc0,unreliable_or_reconstructed_question,high,Question label or answer mapping is not fully reliable.,request Tally form schema / export with readable labels
ri_6024a7a32f18,tally_w2vrDL,q_6024a7a32f18,unreliable_or_reconstructed_question,high,Question label or answer mapping is not fully reliable.,request Tally form schema / export with readable labels
ri_e37c56c08d96,tally_w2vrDL,q_e37c56c08d96,unreliable_or_reconstructed_question,high,Question label or answer mapping is not fully reliable.,request Tally form schema / export with readable labels
ri_7517c4f768f0,tally_w2vrDL,q_7517c4f768f0,unreliable_or_reconstructed_question,high,Question label or answer mapping is not fully reliable.,request Tally form schema / export with readable labels
ri_893a54b3ee13,tally_w2vrDL,q_893a54b3ee13,unreliable_or_reconstructed_question,high,Question label or answer mapping is not fully reliable.,request Tally form schema / export with readable labels
ri_f7d327df16e2,tally_w2vrDL,q_f7d327df16e2,unreliable_or_reconstructed_question,high,Question label or answer mapping is not fully reliable.,request Tally form schema / export with readable labels
ri_986ddcad4fa5,tally_w2vrDL,q_986ddcad4fa5,unreliable_or_reconstructed_question,high,Question label or answer mapping is not fully reliable.,request Tally form schema / export with readable labels
ri_bfc70e78db10,tally_w2vrDL,q_bfc70e78db10,unreliable_or_reconstructed_question,high,Question label or answer mapping is not fully reliable.,request Tally form schema / export with readable labels
ri_13234e0af706,tally_w2vrDL,q_13234e0af706,unreliable_or_reconstructed_question,high,Question label or answer mapping is not fully reliable.,request Tally form schema / export with readable labels
ri_e4749575b689,tally_w2vrDL,q_e4749575b689,unreliable_or_reconstructed_question,high,Question label or answer mapping is not fully reliable.,request Tally form schema / export with readable labels
ri_c85adff320f6,tally_w2vrDL,q_c85adff320f6,unreliable_or_reconstructed_question,high,Question label or answer mapping is not fully reliable.,request Tally form schema / export with readable labels
ri_ad341233d13c,tally_w2vrDL,q_ad341233d13c,unreliable_or_reconstructed_question,high,Question label or answer mapping is not fully reliable.,request Tally form schema / export with readable labels
ri_68a79ae01ec8,tally_w2vrDL,q_68a79ae01ec8,unreliable_or_reconstructed_question,high,Question label or answer mapping is not fully reliable.,request Tally form schema / export with readable labels
ri_0efa2adf7652,tally_3xYE7y,q_0efa2adf7652,unreliable_or_reconstructed_question,high,Question label or answer mapping is not fully reliable.,request Tally form schema / export with readable labels
ri_1faf41200499,tally_3xYE7y,q_1faf41200499,matrix_uuid_or_unreadable_label,medium,Question/answers need original form schema before reliable metrics/clustering.,request Tally form schema / export with readable labels
ri_238145b67d54,tally_3xYE7y,q_238145b67d54,matrix_uuid_or_unreadable_label,medium,Question/answers need original form schema before reliable metrics/clustering.,request Tally form schema / export with readable labels
ri_deffc6384542,tally_3xYE7y,q_deffc6384542,matrix_uuid_or_unreadable_label,medium,Question/answers need original form schema before reliable metrics/clustering.,request Tally form schema / export with readable labels
ri_c8170d6b6b3f,tally_3xYE7y,q_c8170d6b6b3f,matrix_uuid_or_unreadable_label,medium,Question/answers need original form schema before reliable metrics/clustering.,request Tally form schema / export with readable labels
ri_0ff25d73b814,tally_3xYE7y,q_0ff25d73b814,matrix_uuid_or_unreadable_label,medium,Question/answers need original form schema before reliable metrics/clustering.,request Tally form schema / export with readable labels
ri_bd76995b372a,tally_3xYE7y,q_bd76995b372a,matrix_uuid_or_unreadable_label,medium,Question/answers need original form schema before reliable metrics/clustering.,request Tally form schema / export with readable labels
ri_9171262bd8e0,tally_3xYE7y,q_9171262bd8e0,matrix_uuid_or_unreadable_label,medium,Question/answers need original form schema before reliable metrics/clustering.,request Tally form schema / export with readable labels
ri_b944e322da3c,tally_3xYE7y,q_b944e322da3c,matrix_uuid_or_unreadable_label,medium,Question/answers need original form schema before reliable metrics/clustering.,request Tally form schema / export with readable labels
ri_84ea2e82fbe3,tally_3xYE7y,q_84ea2e82fbe3,matrix_uuid_or_unreadable_label,medium,Question/answers need original form schema before reliable metrics/clustering.,request Tally form schema / export with readable labels
ri_48c205a07dbf,tally_3xYE7y,q_48c205a07dbf,matrix_uuid_or_unreadable_label,medium,Question/answers need original form schema before reliable metrics/clustering.,request Tally form schema / export with readable labels
ri_9ee8a3a1a2f2,tally_3xYE7y,q_9ee8a3a1a2f2,matrix_uuid_or_unreadable_label,medium,Question/answers need original form schema before reliable metrics/clustering.,request Tally form schema / export with readable labels
ri_ac72337e28f5,tally_3xYE7y,q_ac72337e28f5,matrix_uuid_or_unreadable_label,medium,Question/answers need original form schema before reliable metrics/clustering.,request Tally form schema / export with readable labels
ri_da42c1891fb3,tally_3xYE7y,q_da42c1891fb3,matrix_uuid_or_unreadable_label,medium,Question/answers need original form schema before reliable metrics/clustering.,request Tally form schema / export with readable labels
ri_fe83de9fd0bb,tally_3qPrkk,q_fe83de9fd0bb,unreliable_or_reconstructed_question,high,Question label or answer mapping is not fully reliable.,request Tally form schema / export with readable labels
ri_52ecf7ec9415,tally_3qPrkk,q_52ecf7ec9415,matrix_uuid_or_unreadable_label,medium,Question/answers need original form schema before reliable metrics/clustering.,request Tally form schema / export with readable labels
ri_7e69516b5ec1,tally_wz1Mq8,q_7e69516b5ec1,matrix_uuid_or_unreadable_label,medium,Question/answers need original form schema before reliable metrics/clustering.,request Tally form schema / export with readable labels
ri_b8f87529578e,tally_wz1Mq8,q_b8f87529578e,unreliable_or_reconstructed_question,high,Question label or answer mapping is not fully reliable.,request Tally form schema / export with readable labels
ri_c96e6b2c634d,tally_wz1Mq8,q_c96e6b2c634d,matrix_uuid_or_unreadable_label,medium,Question/answers need original form schema before reliable metrics/clustering.,request Tally form schema / export with readable labels
ri_ba9ae5f3f5d1,tally_wz1Mq8,q_ba9ae5f3f5d1,matrix_uuid_or_unreadable_label,medium,Question/answers need original form schema before reliable metrics/clustering.,request Tally form schema / export with readable labels
ri_7217bc52d5bc,tally_wz1Mq8,q_7217bc52d5bc,unreliable_or_reconstructed_question,high,Question label or answer mapping is not fully reliable.,request Tally form schema / export with readable labels
ri_12cd3af1c237,tally_wz1Mq8,q_12cd3af1c237,unreliable_or_reconstructed_question,high,Question label or answer mapping is not fully reliable.,request Tally form schema / export with readable labels
ri_c7c9989c2785,tally_wz1Mq8,q_c7c9989c2785,unreliable_or_reconstructed_question,high,Question label or answer mapping is not fully reliable.,request Tally form schema / export with readable labels
ri_1b14b6df8cea,tally_wQevPY,q_1b14b6df8cea,unreliable_or_reconstructed_question,high,Question label or answer mapping is not fully reliable.,request Tally form schema / export with readable labels
ri_8c7c295eeca7,tally_wQevPY,q_8c7c295eeca7,unreliable_or_reconstructed_question,high,Question label or answer mapping is not fully reliable.,request Tally form schema / export with readable labels
ri_7daf40ee9b4e,tally_wQevPY,q_7daf40ee9b4e,matrix_uuid_or_unreadable_label,medium,Question/answers need original form schema before reliable metrics/clustering.,request Tally form schema / export with readable labels
ri_b22e02ffd528,tally_wQevPY,q_b22e02ffd528,unreliable_or_reconstructed_question,high,Question label or answer mapping is not fully reliable.,request Tally form schema / export with readable labels
ri_d6d393f02567,tally_wQevPY,q_d6d393f02567,unreliable_or_reconstructed_question,high,Question label or answer mapping is not fully reliable.,request Tally form schema / export with readable labels
ri_075b02b261a9,tally_wQevPY,q_075b02b261a9,unreliable_or_reconstructed_question,high,Question label or answer mapping is not fully reliable.,request Tally form schema / export with readable labels
ri_01583c8449b2,tally_woK8BO,q_01583c8449b2,unreliable_or_reconstructed_question,high,Question label or answer mapping is not fully reliable.,request Tally form schema / export with readable labels
ri_e127e7ac0d26,tally_woK8BO,q_e127e7ac0d26,unreliable_or_reconstructed_question,high,Question label or answer mapping is not fully reliable.,request Tally form schema / export with readable labels
ri_f3f6b4fb51f1,tally_woK8BO,q_f3f6b4fb51f1,unreliable_or_reconstructed_question,high,Question label or answer mapping is not fully reliable.,request Tally form schema / export with readable labels
ri_e9063fb9c5dd,tally_woK8BO,q_e9063fb9c5dd,unreliable_or_reconstructed_question,high,Question label or answer mapping is not fully reliable.,request Tally form schema / export with readable labels
ri_f042699474bf,tally_woK8BO,q_f042699474bf,unreliable_or_reconstructed_question,high,Question label or answer mapping is not fully reliable.,request Tally form schema / export with readable labels
ri_ae9466789f2e,tally_woK8BO,q_ae9466789f2e,unreliable_or_reconstructed_question,high,Question label or answer mapping is not fully reliable.,request Tally form schema / export with readable labels
ri_126b675ab8d9,tally_woK8BO,q_126b675ab8d9,matrix_uuid_or_unreadable_label,medium,Question/answers need original form schema before reliable metrics/clustering.,request Tally form schema / export with readable labels
ri_821a984ad384,tally_woK8BO,q_821a984ad384,unreliable_or_reconstructed_question,high,Question label or answer mapping is not fully reliable.,request Tally form schema / export with readable labels
ri_f7f1f29de1f5,tally_woK8BO,q_f7f1f29de1f5,unreliable_or_reconstructed_question,high,Question label or answer mapping is not fully reliable.,request Tally form schema / export with readable labels
ri_c5b2c1cb370f,tally_woK8BO,q_c5b2c1cb370f,matrix_uuid_or_unreadable_label,medium,Question/answers need original form schema before reliable metrics/clustering.,request Tally form schema / export with readable labels
ri_bfe857ad9bfe,tally_woK8BO,q_bfe857ad9bfe,matrix_uuid_or_unreadable_label,medium,Question/answers need original form schema before reliable metrics/clustering.,request Tally form schema / export with readable labels
ri_c9437ab26296,tally_wQz4O8,q_c9437ab26296,matrix_uuid_or_unreadable_label,medium,Question/answers need original form schema before reliable metrics/clustering.,request Tally form schema / export with readable labels
ri_6b4b428074f7,tally_wQz4O8,q_6b4b428074f7,matrix_uuid_or_unreadable_label,medium,Question/answers need original form schema before reliable metrics/clustering.,request Tally form schema / export with readable labels
ri_6119465bf78a,tally_wQz4O8,q_6119465bf78a,matrix_uuid_or_unreadable_label,medium,Question/answers need original form schema before reliable metrics/clustering.,request Tally form schema / export with readable labels
ri_f56a4043e896,tally_wbkYL0,q_f56a4043e896,matrix_uuid_or_unreadable_label,medium,Question/answers need original form schema before reliable metrics/clustering.,request Tally form schema / export with readable labels
ri_78b34e6c5f0c,tally_wbkYL0,q_78b34e6c5f0c,unreliable_or_reconstructed_question,high,Question label or answer mapping is not fully reliable.,request Tally form schema / export with readable labels
ri_484736131106,tally_wbkYL0,q_484736131106,matrix_uuid_or_unreadable_label,medium,Question/answers need original form schema before reliable metrics/clustering.,request Tally form schema / export with readable labels
ri_88df39a18164,tally_wbkYL0,q_88df39a18164,matrix_uuid_or_unreadable_label,medium,Question/answers need original form schema before reliable metrics/clustering.,request Tally form schema / export with readable labels
ri_3df54ff5f110,tally_OD1lpY,q_3df54ff5f110,matrix_uuid_or_unreadable_label,medium,Question/answers need original form schema before reliable metrics/clustering.,request Tally form schema / export with readable labels
ri_37190275cc3c,tally_OD1lpY,q_37190275cc3c,matrix_uuid_or_unreadable_label,medium,Question/answers need original form schema before reliable metrics/clustering.,request Tally form schema / export with readable labels
ri_1b22da604677,tally_OD1lpY,q_1b22da604677,matrix_uuid_or_unreadable_label,medium,Question/answers need original form schema before reliable metrics/clustering.,request Tally form schema / export with readable labels
ri_7e166a46f8bd,tally_OD1lpY,q_7e166a46f8bd,matrix_uuid_or_unreadable_label,medium,Question/answers need original form schema before reliable metrics/clustering.,request Tally form schema / export with readable labels
ri_2b2264489a93,tally_OD1lpY,q_2b2264489a93,matrix_uuid_or_unreadable_label,medium,Question/answers need original form schema before reliable metrics/clustering.,request Tally form schema / export with readable labels
ri_4699b7992f7a,tally_OD1lpY,q_4699b7992f7a,matrix_uuid_or_unreadable_label,medium,Question/answers need original form schema before reliable metrics/clustering.,request Tally form schema / export with readable labels
ri_e49f4e769b77,tally_OD1lpY,q_e49f4e769b77,matrix_uuid_or_unreadable_label,medium,Question/answers need original form schema before reliable metrics/clustering.,request Tally form schema / export with readable labels
ri_62a83a892a29,tally_OD1lpY,q_62a83a892a29,matrix_uuid_or_unreadable_label,medium,Question/answers need original form schema before reliable metrics/clustering.,request Tally form schema / export with readable labels
ri_4eef238c72c7,tally_OD1lpY,q_4eef238c72c7,matrix_uuid_or_unreadable_label,medium,Question/answers need original form schema before reliable metrics/clustering.,request Tally form schema / export with readable labels
ri_b3ca88b6b9d4,tally_OD1lpY,q_b3ca88b6b9d4,matrix_uuid_or_unreadable_label,medium,Question/answers need original form schema before reliable metrics/clustering.,request Tally form schema / export with readable labels
ri_f33d472b8acc,tally_OD1lpY,q_f33d472b8acc,matrix_uuid_or_unreadable_label,medium,Question/answers need original form schema before reliable metrics/clustering.,request Tally form schema / export with readable labels
ri_ec2f172e2c48,tally_OD1lpY,q_ec2f172e2c48,matrix_uuid_or_unreadable_label,medium,Question/answers need original form schema before reliable metrics/clustering.,request Tally form schema / export with readable labels
ri_8896c20b29ad,tally_OD1lpY,q_8896c20b29ad,matrix_uuid_or_unreadable_label,medium,Question/answers need original form schema before reliable metrics/clustering.,request Tally form schema / export with readable labels
ri_e16aec64b89e,tally_OD1lpY,q_e16aec64b89e,matrix_uuid_or_unreadable_label,medium,Question/answers need original form schema before reliable metrics/clustering.,request Tally form schema / export with readable labels
ri_6f2c422472aa,tally_OD1lpY,q_6f2c422472aa,matrix_uuid_or_unreadable_label,medium,Question/answers need original form schema before reliable metrics/clustering.,request Tally form schema / export with readable labels
ri_709be073a0c1,tally_OD1lpY,q_709be073a0c1,matrix_uuid_or_unreadable_label,medium,Question/answers need original form schema before reliable metrics/clustering.,request Tally form schema / export with readable labels
ri_d72c5951eb1b,tally_mK69O8,q_d72c5951eb1b,unreliable_or_reconstructed_question,high,Question label or answer mapping is not fully reliable.,request Tally form schema / export with readable labels
ri_465d195e9b4a,tally_mK69O8,q_465d195e9b4a,unreliable_or_reconstructed_question,high,Question label or answer mapping is not fully reliable.,request Tally form schema / export with readable labels
ri_a6328889d864,tally_mK69O8,q_a6328889d864,unreliable_or_reconstructed_question,high,Question label or answer mapping is not fully reliable.,request Tally form schema / export with readable labels
ri_f08430bfe817,tally_mK69O8,q_f08430bfe817,unreliable_or_reconstructed_question,high,Question label or answer mapping is not fully reliable.,request Tally form schema / export with readable labels
ri_d3b0d0a265d2,tally_mK69O8,q_d3b0d0a265d2,unreliable_or_reconstructed_question,high,Question label or answer mapping is not fully reliable.,request Tally form schema / export with readable labels
ri_adc09e9e2d45,tally_meEbOE,q_adc09e9e2d45,unreliable_or_reconstructed_question,high,Question label or answer mapping is not fully reliable.,request Tally form schema / export with readable labels
ri_c53328541d55,tally_meEbOE,q_c53328541d55,unreliable_or_reconstructed_question,high,Question label or answer mapping is not fully reliable.,request Tally form schema / export with readable labels
ri_134c5c8a490e,tally_meEbOE,q_134c5c8a490e,matrix_uuid_or_unreadable_label,medium,Question/answers need original form schema before reliable metrics/clustering.,request Tally form schema / export with readable labels
ri_3c74da55a3dc,tally_meEbOE,q_3c74da55a3dc,unreliable_or_reconstructed_question,high,Question label or answer mapping is not fully reliable.,request Tally form schema / export with readable labels
ri_d79f38188ef5,tally_meEbOE,q_d79f38188ef5,matrix_uuid_or_unreadable_label,medium,Question/answers need original form schema before reliable metrics/clustering.,request Tally form schema / export with readable labels
ri_0f6aed16d980,tally_meEbOE,q_0f6aed16d980,matrix_uuid_or_unreadable_label,high,Question/answers need original form schema before reliable metrics/clustering.,request Tally form schema / export with readable labels
ri_9127d3818aca,tally_meEbOE,q_9127d3818aca,matrix_uuid_or_unreadable_label,high,Question/answers need original form schema before reliable metrics/clustering.,request Tally form schema / export with readable labels
ri_1e3a407df4e0,tally_meEbOE,q_1e3a407df4e0,matrix_uuid_or_unreadable_label,high,Question/answers need original form schema before reliable metrics/clustering.,request Tally form schema / export with readable labels
ri_28eb2c72f2df,tally_meEbOE,q_28eb2c72f2df,matrix_uuid_or_unreadable_label,high,Question/answers need original form schema before reliable metrics/clustering.,request Tally form schema / export with readable labels
ri_2fbe837dac00,tally_meEbOE,q_2fbe837dac00,matrix_uuid_or_unreadable_label,high,Question/answers need original form schema before reliable metrics/clustering.,request Tally form schema / export with readable labels
ri_6bf69ab2b1da,tally_meEbOE,q_6bf69ab2b1da,matrix_uuid_or_unreadable_label,high,Question/answers need original form schema before reliable metrics/clustering.,request Tally form schema / export with readable labels
ri_dde9e98ba290,tally_meEbOE,q_dde9e98ba290,matrix_uuid_or_unreadable_label,medium,Question/answers need original form schema before reliable metrics/clustering.,request Tally form schema / export with readable labels
ri_ecdacd3f9b78,tally_meEbOE,q_ecdacd3f9b78,matrix_uuid_or_unreadable_label,medium,Question/answers need original form schema before reliable metrics/clustering.,request Tally form schema / export with readable labels
ri_6c6f3a36fa5c,tally_meEbOE,q_6c6f3a36fa5c,unreliable_or_reconstructed_question,high,Question label or answer mapping is not fully reliable.,request Tally form schema / export with readable labels
ri_2f623a4433d2,tally_meEbOE,q_2f623a4433d2,unreliable_or_reconstructed_question,high,Question label or answer mapping is not fully reliable.,request Tally form schema / export with readable labels
ri_fe73937584a8,tally_meEbOE,q_fe73937584a8,unreliable_or_reconstructed_question,high,Question label or answer mapping is not fully reliable.,request Tally form schema / export with readable labels
ri_fea2ca9717da,tally_meEbOE,q_fea2ca9717da,unreliable_or_reconstructed_question,high,Question label or answer mapping is not fully reliable.,request Tally form schema / export with readable labels
ri_9444aaffd302,tally_meEbOE,q_9444aaffd302,unreliable_or_reconstructed_question,high,Question label or answer mapping is not fully reliable.,request Tally form schema / export with readable labels
ri_3e9ee7c413d8,tally_meEbOE,q_3e9ee7c413d8,unreliable_or_reconstructed_question,high,Question label or answer mapping is not fully reliable.,request Tally form schema / export with readable labels
ri_782cd68221a4,tally_meEbOE,q_782cd68221a4,unreliable_or_reconstructed_question,high,Question label or answer mapping is not fully reliable.,request Tally form schema / export with readable labels
ri_b59357810798,tally_meEbOE,q_b59357810798,unreliable_or_reconstructed_question,high,Question label or answer mapping is not fully reliable.,request Tally form schema / export with readable labels
ri_ecc48b38436c,tally_meEbOE,q_ecc48b38436c,unreliable_or_reconstructed_question,high,Question label or answer mapping is not fully reliable.,request Tally form schema / export with readable labels
ri_a06cdb7aa9be,tally_wa5jO2,q_a06cdb7aa9be,unreliable_or_reconstructed_question,high,Question label or answer mapping is not fully reliable.,request Tally form schema / export with readable labels
ri_e0a3d68a36b1,tally_wa5jO2,q_e0a3d68a36b1,unreliable_or_reconstructed_question,high,Question label or answer mapping is not fully reliable.,request Tally form schema / export with readable labels
ri_d53a4d76edab,tally_wa5jO2,q_d53a4d76edab,matrix_uuid_or_unreadable_label,medium,Question/answers need original form schema before reliable metrics/clustering.,request Tally form schema / export with readable labels
ri_f6941b2e6dcf,tally_wa5jO2,q_f6941b2e6dcf,unreliable_or_reconstructed_question,high,Question label or answer mapping is not fully reliable.,request Tally form schema / export with readable labels
ri_a03cc868a384,tally_wa5jO2,q_a03cc868a384,unreliable_or_reconstructed_question,high,Question label or answer mapping is not fully reliable.,request Tally form schema / export with readable labels
ri_e8f0f4947f14,tally_wa5jO2,q_e8f0f4947f14,unreliable_or_reconstructed_question,high,Question label or answer mapping is not fully reliable.,request Tally form schema / export with readable labels
ri_9689b019c6ae,tally_mO02bp,q_9689b019c6ae,unreliable_or_reconstructed_question,high,Question label or answer mapping is not fully reliable.,request Tally form schema / export with readable labels
ri_719f1a780dbf,tally_mO02bp,q_719f1a780dbf,matrix_uuid_or_unreadable_label,medium,Question/answers need original form schema before reliable metrics/clustering.,request Tally form schema / export with readable labels
ri_fdf6a1919613,tally_Gx6XJo,q_fdf6a1919613,unreliable_or_reconstructed_question,high,Question label or answer mapping is not fully reliable.,request Tally form schema / export with readable labels
ri_a8a472f2c861,tally_Gx6XJo,q_a8a472f2c861,unreliable_or_reconstructed_question,high,Question label or answer mapping is not fully reliable.,request Tally form schema / export with readable labels
ri_9e7388c9de7f,tally_Gx6XJo,q_9e7388c9de7f,unreliable_or_reconstructed_question,high,Question label or answer mapping is not fully reliable.,request Tally form schema / export with readable labels
ri_fc6e2c56254b,tally_Gx6XJo,q_fc6e2c56254b,matrix_uuid_or_unreadable_label,medium,Question/answers need original form schema before reliable metrics/clustering.,request Tally form schema / export with readable labels
ri_a2795e4ac736,tally_Gx6XJo,q_a2795e4ac736,unreliable_or_reconstructed_question,high,Question label or answer mapping is not fully reliable.,request Tally form schema / export with readable labels
ri_11a2cefa9c97,tally_Gx6XJo,q_11a2cefa9c97,unreliable_or_reconstructed_question,high,Question label or answer mapping is not fully reliable.,request Tally form schema / export with readable labels
ri_e749c6ddef08,tally_Gx6XJo,q_e749c6ddef08,unreliable_or_reconstructed_question,high,Question label or answer mapping is not fully reliable.,request Tally form schema / export with readable labels
ri_df1c9db0aff9,tally_Gx6XJo,q_df1c9db0aff9,unreliable_or_reconstructed_question,high,Question label or answer mapping is not fully reliable.,request Tally form schema / export with readable labels
ri_b87d58a61130,tally_Gx6XJo,q_b87d58a61130,unreliable_or_reconstructed_question,high,Question label or answer mapping is not fully reliable.,request Tally form schema / export with readable labels
ri_ea732cd59745,tally_Gx6XJo,q_ea732cd59745,unreliable_or_reconstructed_question,high,Question label or answer mapping is not fully reliable.,request Tally form schema / export with readable labels
ri_aed935b4629c,tally_Gx6XJo,q_aed935b4629c,unreliable_or_reconstructed_question,high,Question label or answer mapping is not fully reliable.,request Tally form schema / export with readable labels
ri_3e420655c896,tally_Gx6XJo,q_3e420655c896,unreliable_or_reconstructed_question,high,Question label or answer mapping is not fully reliable.,request Tally form schema / export with readable labels
ri_e1c48d01b5fe,tally_Gx6XJo,q_e1c48d01b5fe,unreliable_or_reconstructed_question,high,Question label or answer mapping is not fully reliable.,request Tally form schema / export with readable labels
ri_2f2fd0ff7065,tally_Gx6XJo,q_2f2fd0ff7065,unreliable_or_reconstructed_question,high,Question label or answer mapping is not fully reliable.,request Tally form schema / export with readable labels
ri_03e7da47c353,tally_Gx6XJo,q_03e7da47c353,unreliable_or_reconstructed_question,high,Question label or answer mapping is not fully reliable.,request Tally form schema / export with readable labels
ri_b16aa2a4235e,tally_Gx6XJo,q_b16aa2a4235e,unreliable_or_reconstructed_question,high,Question label or answer mapping is not fully reliable.,request Tally form schema / export with readable labels
ri_07073d726335,tally_Gx6XJo,q_07073d726335,unreliable_or_reconstructed_question,high,Question label or answer mapping is not fully reliable.,request Tally form schema / export with readable labels
ri_8ffa25432567,tally_nW5bYP,q_8ffa25432567,unreliable_or_reconstructed_question,high,Question label or answer mapping is not fully reliable.,request Tally form schema / export with readable labels
ri_2623e9bff75f,tally_nW5bYP,q_2623e9bff75f,unreliable_or_reconstructed_question,high,Question label or answer mapping is not fully reliable.,request Tally form schema / export with readable labels
ri_d52fae6c6b98,tally_nW5bYP,q_d52fae6c6b98,unreliable_or_reconstructed_question,high,Question label or answer mapping is not fully reliable.,request Tally form schema / export with readable labels
ri_b58d72bf7a53,tally_nW5bYP,q_b58d72bf7a53,unreliable_or_reconstructed_question,high,Question label or answer mapping is not fully reliable.,request Tally form schema / export with readable labels
ri_d96b6c2cab7f,tally_nW5bYP,q_d96b6c2cab7f,unreliable_or_reconstructed_question,high,Question label or answer mapping is not fully reliable.,request Tally form schema / export with readable labels
ri_89d342b421be,tally_nW5bYP,q_89d342b421be,unreliable_or_reconstructed_question,high,Question label or answer mapping is not fully reliable.,request Tally form schema / export with readable labels
ri_9532ac749826,tally_nW5bYP,q_9532ac749826,matrix_uuid_or_unreadable_label,medium,Question/answers need original form schema before reliable metrics/clustering.,request Tally form schema / export with readable labels
ri_50e7df46dfa8,tally_nW5bYP,q_50e7df46dfa8,matrix_uuid_or_unreadable_label,medium,Question/answers need original form schema before reliable metrics/clustering.,request Tally form schema / export with readable labels
ri_22db5ca74f95,tally_nW5bYP,q_22db5ca74f95,matrix_uuid_or_unreadable_label,medium,Question/answers need original form schema before reliable metrics/clustering.,request Tally form schema / export with readable labels
ri_97d0d451f2fe,tally_nW5bYP,q_97d0d451f2fe,matrix_uuid_or_unreadable_label,medium,Question/answers need original form schema before reliable metrics/clustering.,request Tally form schema / export with readable labels
ri_4bc4336e5399,tally_nW5bYP,q_4bc4336e5399,matrix_uuid_or_unreadable_label,medium,Question/answers need original form schema before reliable metrics/clustering.,request Tally form schema / export with readable labels
ri_926f268fdef4,tally_nW5bYP,q_926f268fdef4,matrix_uuid_or_unreadable_label,medium,Question/answers need original form schema before reliable metrics/clustering.,request Tally form schema / export with readable labels
ri_62e59d3ffdb9,tally_nW5bYP,q_62e59d3ffdb9,matrix_uuid_or_unreadable_label,medium,Question/answers need original form schema before reliable metrics/clustering.,request Tally form schema / export with readable labels
ri_4c1232ecf9f3,tally_nW5bYP,q_4c1232ecf9f3,matrix_uuid_or_unreadable_label,medium,Question/answers need original form schema before reliable metrics/clustering.,request Tally form schema / export with readable labels
ri_4fc3aee84355,tally_nW5bYP,q_4fc3aee84355,matrix_uuid_or_unreadable_label,medium,Question/answers need original form schema before reliable metrics/clustering.,request Tally form schema / export with readable labels
ri_85cef0e8b454,tally_nW5bYP,q_85cef0e8b454,matrix_uuid_or_unreadable_label,medium,Question/answers need original form schema before reliable metrics/clustering.,request Tally form schema / export with readable labels
ri_ce563926c07c,tally_nW5bYP,q_ce563926c07c,matrix_uuid_or_unreadable_label,medium,Question/answers need original form schema before reliable metrics/clustering.,request Tally form schema / export with readable labels
ri_e965014bfd0f,tally_nW5bYP,q_e965014bfd0f,matrix_uuid_or_unreadable_label,medium,Question/answers need original form schema before reliable metrics/clustering.,request Tally form schema / export with readable labels
ri_cb7c30217911,tally_nW5bYP,q_cb7c30217911,matrix_uuid_or_unreadable_label,medium,Question/answers need original form schema before reliable metrics/clustering.,request Tally form schema / export with readable labels
ri_ad2154b28122,tally_nW5bYP,q_ad2154b28122,matrix_uuid_or_unreadable_label,medium,Question/answers need original form schema before reliable metrics/clustering.,request Tally form schema / export with readable labels
ri_0fed47c82b35,tally_np0yq1,q_0fed47c82b35,unreliable_or_reconstructed_question,high,Question label or answer mapping is not fully reliable.,request Tally form schema / export with readable labels
ri_969cb3156ced,tally_np0yq1,q_969cb3156ced,unreliable_or_reconstructed_question,high,Question label or answer mapping is not fully reliable.,request Tally form schema / export with readable labels
ri_57e35afc29a1,tally_np0yq1,q_57e35afc29a1,unreliable_or_reconstructed_question,high,Question label or answer mapping is not fully reliable.,request Tally form schema / export with readable labels
ri_1092fb088375,tally_np0yq1,q_1092fb088375,unreliable_or_reconstructed_question,high,Question label or answer mapping is not fully reliable.,request Tally form schema / export with readable labels
ri_40c21002dbad,tally_np0yq1,q_40c21002dbad,unreliable_or_reconstructed_question,high,Question label or answer mapping is not fully reliable.,request Tally form schema / export with readable labels
ri_b5088f6e18d3,tally_np0yq1,q_b5088f6e18d3,matrix_uuid_or_unreadable_label,medium,Question/answers need original form schema before reliable metrics/clustering.,request Tally form schema / export with readable labels
ri_2e81a98962e2,tally_np0yq1,q_2e81a98962e2,unreliable_or_reconstructed_question,high,Question label or answer mapping is not fully reliable.,request Tally form schema / export with readable labels
ri_e1ecc1824b3b,tally_np0yq1,q_e1ecc1824b3b,unreliable_or_reconstructed_question,high,Question label or answer mapping is not fully reliable.,request Tally form schema / export with readable labels
ri_9cc5ca77ad8f,tally_np0yq1,q_9cc5ca77ad8f,unreliable_or_reconstructed_question,high,Question label or answer mapping is not fully reliable.,request Tally form schema / export with readable labels
ri_cfc31905d26c,tally_np0yq1,q_cfc31905d26c,unreliable_or_reconstructed_question,high,Question label or answer mapping is not fully reliable.,request Tally form schema / export with readable labels
ri_94727f93c5f4,tally_np0yq1,q_94727f93c5f4,unreliable_or_reconstructed_question,high,Question label or answer mapping is not fully reliable.,request Tally form schema / export with readable labels
ri_4711ed26caa7,tally_np0yq1,q_4711ed26caa7,unreliable_or_reconstructed_question,high,Question label or answer mapping is not fully reliable.,request Tally form schema / export with readable labels
ri_3fd2e017029d,tally_np0yq1,q_3fd2e017029d,unreliable_or_reconstructed_question,high,Question label or answer mapping is not fully reliable.,request Tally form schema / export with readable labels
ri_94a69ac80e76,tally_np0yq1,q_94a69ac80e76,matrix_uuid_or_unreadable_label,medium,Question/answers need original form schema before reliable metrics/clustering.,request Tally form schema / export with readable labels
ri_35d5f4b42bf9,tally_mJWlq4,q_35d5f4b42bf9,matrix_uuid_or_unreadable_label,medium,Question/answers need original form schema before reliable metrics/clustering.,request Tally form schema / export with readable labels
ri_91165f63b56d,tally_mJWlq4,q_91165f63b56d,unreliable_or_reconstructed_question,high,Question label or answer mapping is not fully reliable.,request Tally form schema / export with readable labels
ri_5be9309f056b,tally_mJWlq4,q_5be9309f056b,matrix_uuid_or_unreadable_label,medium,Question/answers need original form schema before reliable metrics/clustering.,request Tally form schema / export with readable labels
ri_9cbbe61669a4,tally_mJWlq4,q_9cbbe61669a4,matrix_uuid_or_unreadable_label,medium,Question/answers need original form schema before reliable metrics/clustering.,request Tally form schema / export with readable labels
ri_3a8f931ba053,tally_mJWlq4,q_3a8f931ba053,unreliable_or_reconstructed_question,high,Question label or answer mapping is not fully reliable.,request Tally form schema / export with readable labels
ri_8c228101ce1b,tally_mJWlq4,q_8c228101ce1b,unreliable_or_reconstructed_question,high,Question label or answer mapping is not fully reliable.,request Tally form schema / export with readable labels
ri_48fdb373ea10,tally_mJWlq4,q_48fdb373ea10,unreliable_or_reconstructed_question,high,Question label or answer mapping is not fully reliable.,request Tally form schema / export with readable labels
ri_7514ddea9b90,tally_3xeqkr,q_7514ddea9b90,matrix_uuid_or_unreadable_label,medium,Question/answers need original form schema before reliable metrics/clustering.,request Tally form schema / export with readable labels
ri_63a2d3fe49a3,tally_3xeqkr,q_63a2d3fe49a3,matrix_uuid_or_unreadable_label,medium,Question/answers need original form schema before reliable metrics/clustering.,request Tally form schema / export with readable labels
ri_5c539b9c821f,tally_3xeqkr,q_5c539b9c821f,matrix_uuid_or_unreadable_label,medium,Question/answers need original form schema before reliable metrics/clustering.,request Tally form schema / export with readable labels
ri_0b1e09ec145f,tally_3xeqkr,q_0b1e09ec145f,matrix_uuid_or_unreadable_label,medium,Question/answers need original form schema before reliable metrics/clustering.,request Tally form schema / export with readable labels
ri_d4746cc53f5d,tally_3xeqkr,q_d4746cc53f5d,matrix_uuid_or_unreadable_label,medium,Question/answers need original form schema before reliable metrics/clustering.,request Tally form schema / export with readable labels
ri_59fdb8ff62f3,tally_3xeqkr,q_59fdb8ff62f3,matrix_uuid_or_unreadable_label,medium,Question/answers need original form schema before reliable metrics/clustering.,request Tally form schema / export with readable labels
ri_771f243d9aa6,tally_3xeqkr,q_771f243d9aa6,unreliable_or_reconstructed_question,high,Question label or answer mapping is not fully reliable.,request Tally form schema / export with readable labels
ri_3ff0bed25edd,tally_3xeqkr,q_3ff0bed25edd,matrix_uuid_or_unreadable_label,medium,Question/answers need original form schema before reliable metrics/clustering.,request Tally form schema / export with readable labels
ri_cea9bf6c7a88,tally_3xeqkr,q_cea9bf6c7a88,matrix_uuid_or_unreadable_label,medium,Question/answers need original form schema before reliable metrics/clustering.,request Tally form schema / export with readable labels
ri_61526fe133f5,tally_3xeqkr,q_61526fe133f5,matrix_uuid_or_unreadable_label,medium,Question/answers need original form schema before reliable metrics/clustering.,request Tally form schema / export with readable labels
ri_35e36d5ef817,tally_3xeqkr,q_35e36d5ef817,unreliable_or_reconstructed_question,high,Question label or answer mapping is not fully reliable.,request Tally form schema / export with readable labels
ri_c58cc1dd9b1c,tally_3xeqkr,q_c58cc1dd9b1c,unreliable_or_reconstructed_question,high,Question label or answer mapping is not fully reliable.,request Tally form schema / export with readable labels
ri_80ed2531a367,tally_3xeqkr,q_80ed2531a367,matrix_uuid_or_unreadable_label,medium,Question/answers need original form schema before reliable metrics/clustering.,request Tally form schema / export with readable labels
ri_5065bbde8f6d,tally_3xeqkr,q_5065bbde8f6d,matrix_uuid_or_unreadable_label,medium,Question/answers need original form schema before reliable metrics/clustering.,request Tally form schema / export with readable labels
ri_33ae34e7b208,tally_3xeqkr,q_33ae34e7b208,matrix_uuid_or_unreadable_label,medium,Question/answers need original form schema before reliable metrics/clustering.,request Tally form schema / export with readable labels
ri_3757d6672791,tally_mBxlA1,q_3757d6672791,matrix_uuid_or_unreadable_label,medium,Question/answers need original form schema before reliable metrics/clustering.,request Tally form schema / export with readable labels
ri_6adaa9658032,tally_mBxlA1,q_6adaa9658032,matrix_uuid_or_unreadable_label,medium,Question/answers need original form schema before reliable metrics/clustering.,request Tally form schema / export with readable labels
