pattern_id,survey_id,input_signal,slide_type,example_title,reuse_condition
sp_c9590b0d4d87,tally_w5k75d,factor,factor hierarchy,factor hierarchy: 4) Какие факторы повлияли на ваш выбор места проживания с учетом наличия электро,Use for B2C Choice / auto/mobility when factor is decision-relevant.
sp_cc83e9e74242,tally_w5k75d,scenario,JTBD map,JTBD map: 5) Есть ли такие ситуации в процессе или перед которыми  вы считаете важными зар,Use for B2C Choice / auto/mobility when scenario is decision-relevant.
sp_6410aef94070,tally_w5k75d,channel,channel/trust map,channel/trust map: 6) Где бы вы хотели чтобы в этот момент находилась зарядка?,Use for B2C Choice / auto/mobility when channel is decision-relevant.
sp_24763c86565e,tally_w5k75d,factor,factor hierarchy,"factor hierarchy: 7) Оцените факторы выбора зарядных устройств из списка ниже от 1 до 5, где 1 - н",Use for B2C Choice / auto/mobility when factor is decision-relevant.
sp_35b4f18f42b0,tally_w5k75d,WTP,price ladder,price ladder: 12) Как вы оцениваете стоимость электроэнергии для зарядки автомобиля дома?,Use for B2C Choice / auto/mobility when WTP is decision-relevant.
sp_c761bf08bcaf,tally_3Ex5xX,channel,channel/trust map,channel/trust map: Укажите эти каналы,Use for EVP Employer / HR/EVP when channel is decision-relevant.
sp_5b19ff86d464,tally_3Ex5xX,WTP,price ladder,price ladder: Реализация высокобюджетных проектов,Use for EVP Employer / HR/EVP when WTP is decision-relevant.
sp_10fc1b01898c,tally_3Ex5xX,channel,channel/trust map,channel/trust map: Наличие внутренних каналов коммуникации,Use for EVP Employer / HR/EVP when channel is decision-relevant.
sp_9fbb34915efb,tally_3Ex5xX,WTP,price ladder,price ladder: 2. существует ясная стратегия развития,Use for EVP Employer / HR/EVP when WTP is decision-relevant.
sp_27a4be714b46,tally_3Ex5xX,scenario,JTBD map,JTBD map: 2. есть понимание конкурентной ситуации,Use for EVP Employer / HR/EVP when scenario is decision-relevant.
sp_be3c314fed6e,tally_3Ex5xX,trust,QFD,"QFD: 2. консультативный стиль управления (даются не указания, а рекомендации)",Use for EVP Employer / HR/EVP when trust is decision-relevant.
sp_bc55bf593969,tally_3Ex5xX,switching,barrier map,"barrier map: 3. налажен обмен знаниями (о методах продаж, о конкурентах, о новинках продукции",Use for EVP Employer / HR/EVP when switching is decision-relevant.
sp_20dc8d1c3aec,tally_3Ex5xX,switching,barrier map,barrier map: 4. внедряются идеи из внешней среды (перенимаем лучшие практики конкурентов),Use for EVP Employer / HR/EVP when switching is decision-relevant.
sp_8ecbe9cf7d35,tally_3Ex5xX,trust,QFD,QFD: 1. практикуется открытость и доверие,Use for EVP Employer / HR/EVP when trust is decision-relevant.
sp_51571f1af47e,tally_3Ex5xX,switching,barrier map,barrier map: 2. есть внутренняя соревновательность (внутренняя конкуренция),Use for EVP Employer / HR/EVP when switching is decision-relevant.
sp_6147dff5ea78,tally_3Ex5xX,scenario,JTBD map,"JTBD map: В компании решения принимаются всегда по всем известным, общепринятым правилам И",Use for EVP Employer / HR/EVP when scenario is decision-relevant.
sp_1d372d71dcc4,tally_3Ex5xX,trust,QFD,"QFD: Репутация (Лидерство, стабильность, финансовая безопасность",Use for EVP Employer / HR/EVP when trust is decision-relevant.
sp_9d66a76b62e9,tally_mZ6Rp0,barrier,barrier map,barrier map: 2. По каким причинам Вы выбрали эту сферу для карьеры?,Use for EVP Employer / HR/EVP when barrier is decision-relevant.
sp_71df22179da9,tally_mZ6Rp0,factor,factor hierarchy,"factor hierarchy: 6. Оцените от 1 до 5, насколько важны для Вас следующие факторы при выбора работ",Use for EVP Employer / HR/EVP when factor is decision-relevant.
sp_10e386694208,tally_mZ6Rp0,scenario,JTBD map,JTBD map: 7. Какие компании Вы когда-нибудь рассматривали (рассматриваете сейчас) в качест,Use for EVP Employer / HR/EVP when scenario is decision-relevant.
sp_8f3263d942e3,tally_mZ6Rp0,awareness,brand funnel,brand funnel: 8. Слышали ли Вы о компании «Главстрой»?,Use for EVP Employer / HR/EVP when awareness is decision-relevant.
sp_b5028cf5f451,tally_mZ6Rp0,consideration,brand funnel,brand funnel: 9. Рассматриваете ли Вы «Главстрой» в качестве потенциального работодателя?,Use for EVP Employer / HR/EVP when consideration is decision-relevant.
sp_737f1d9c09f9,tally_mZ6Rp0,barrier,barrier map,barrier map: 9.1 Почему не рассматриваете?,Use for EVP Employer / HR/EVP when barrier is decision-relevant.
sp_bf43ca36f346,tally_mZ6Rp0,factor,factor hierarchy,"factor hierarchy: 13. Оцените, в какой из перечисленных компаний представлены следующие возможност",Use for EVP Employer / HR/EVP when factor is decision-relevant.
sp_afab83d4d0ad,tally_mZ6Rp0,factor,factor hierarchy,"factor hierarchy: 14. Оцените, в какой из перечисленных компаний представлены следующие ценности: ",Use for EVP Employer / HR/EVP when factor is decision-relevant.
sp_5344c2934607,tally_mZ6Rp0,factor,factor hierarchy,"factor hierarchy: 15. Оцените, в какой из перечисленных компаний представлены следующие ценности: ",Use for EVP Employer / HR/EVP when factor is decision-relevant.
sp_d3df0f1a7cd8,tally_mZ6Rp0,factor,factor hierarchy,"factor hierarchy: 16. Оцените, в какой из перечисленных компаний представлены следующие ценности: ",Use for EVP Employer / HR/EVP when factor is decision-relevant.
sp_fd9cd15c865d,tally_mZ6Rp0,factor,factor hierarchy,"factor hierarchy: 17. Оцените, в какой из перечисленных компаний представлены следующие ценности: ",Use for EVP Employer / HR/EVP when factor is decision-relevant.
sp_0770aebc889a,tally_mZ6Rp0,factor,factor hierarchy,"factor hierarchy: 18. Оцените, в какой из перечисленных компаний представлены следующие ценности: ",Use for EVP Employer / HR/EVP when factor is decision-relevant.
sp_f5de3061f0b2,tally_mZ6Rp0,factor,factor hierarchy,"factor hierarchy: 19. Оцените, в какой из перечисленных компаний представлены следующие ценности: ",Use for EVP Employer / HR/EVP when factor is decision-relevant.
sp_2ada756bc70a,tally_mZ6Rp0,factor,factor hierarchy,"factor hierarchy: 20. Оцените, в какой из перечисленных компаний представлены следующие ценности: ",Use for EVP Employer / HR/EVP when factor is decision-relevant.
sp_eb35add5d0cd,tally_mO05EK,WTP,price ladder,"price ladder: 7. Укажите стоимость последней покупки авто  Если не покупали, то на какой ценов",Use for B2C Choice / auto/mobility when WTP is decision-relevant.
sp_08baa6cc0cc9,tally_mO05EK,awareness,brand funnel,brand funnel: 8. Какие автосервисы Вы знаете?,Use for B2C Choice / auto/mobility when awareness is decision-relevant.
sp_b3b26db2bf34,tally_mO05EK,WTP,price ladder,"price ladder: 12. Какой автосервис, на Ваш взгляд, с самыми доступными ценами?",Use for B2C Choice / auto/mobility when WTP is decision-relevant.
sp_5bf98acdf532,tally_mO05EK,factor,factor hierarchy,"factor hierarchy: 18. Оцените от 1 до 5 важность факторов при выборе автосервиса, где 1 - незначим",Use for B2C Choice / auto/mobility when factor is decision-relevant.
sp_4959d8ca6e9d,tally_mO05EK,factor,factor hierarchy,"factor hierarchy: 19. Оцените важность следующих пунктов в автосервисе, в котором Вы решили диагно",Use for B2C Choice / auto/mobility when factor is decision-relevant.
sp_4ec8fabb8561,tally_mO05EK,factor,factor hierarchy,"factor hierarchy: 20. Оцените важность пунктов в мобильном приложении автосервиса, в котором Вы ре",Use for B2C Choice / auto/mobility when factor is decision-relevant.
sp_fbcbcdef408e,tally_mO05EK,behavior,behavior baseline,behavior baseline: 21. Как давно Вы покупали б/у автомобиль?,Use for B2C Choice / auto/mobility when behavior is decision-relevant.
sp_d7fe906366a8,tally_mO05EK,awareness,brand funnel,brand funnel: 22. Каких дилеров Вы знаете?,Use for B2C Choice / auto/mobility when awareness is decision-relevant.
sp_6d3989d8fcf2,tally_mO05EK,behavior,behavior baseline,behavior baseline: 22. У каких дилеров Вы покупали/купили бы авто?,Use for B2C Choice / auto/mobility when behavior is decision-relevant.
sp_b1c7c8d0e0c8,tally_mO05EK,behavior,behavior baseline,"behavior baseline: 24. У каких дилеров Вы покупали/планировали купить авто, но решили, что не будет",Use for B2C Choice / auto/mobility when behavior is decision-relevant.
sp_6613560d6409,tally_mO05EK,WTP,price ladder,"price ladder: 25. Какой дилер, на Ваш взгляд, с самыми доступными ценами?",Use for B2C Choice / auto/mobility when WTP is decision-relevant.
sp_70840086772d,tally_mO05EK,factor,factor hierarchy,"factor hierarchy: 31. Оцените от 1 до 5 важность факторов в дилере при покупке авто, где 1 - незна",Use for B2C Choice / auto/mobility when factor is decision-relevant.
sp_f797c4816c68,tally_mO05EK,factor,factor hierarchy,"factor hierarchy: 32. Оцените важность следующих пунктов в дилере, в котором Вы решили покупать ав",Use for B2C Choice / auto/mobility when factor is decision-relevant.
sp_26cdadb89260,tally_mYWglz,channel,channel/trust map,channel/trust map: 1. Где вы чаще всего покупаете хлеб?,Use for B2C Choice / food/FMCG when channel is decision-relevant.
sp_2dcd720cb8ac,tally_mYWglz,frequency,behavior baseline,behavior baseline: 2. Как часто вы покупаете хлеб в пекарне при следующих сценариях?,Use for B2C Choice / food/FMCG when frequency is decision-relevant.
sp_9a0613405ff4,tally_mYWglz,WTP,price ladder,price ladder: 3. Сколько вы готовы потратить на покупку хлеба?,Use for B2C Choice / food/FMCG when WTP is decision-relevant.
sp_3cb6b43acba3,tally_mYWglz,WTP,price ladder,price ladder: 4. Готовы ли вы тратить время на дорогу до пекарни с лучшим ассортиментом хлебоб,Use for B2C Choice / food/FMCG when WTP is decision-relevant.
sp_062f20c23a61,tally_mYWglz,frequency,behavior baseline,behavior baseline: 5. Как часто вы едите представленные виды хлеба?,Use for B2C Choice / food/FMCG when frequency is decision-relevant.
sp_b8d32e211597,tally_mYWglz,scenario,JTBD map,JTBD map: 6. Когда вы обычно употребляете купленный хлеб следующих видов?,Use for B2C Choice / food/FMCG when scenario is decision-relevant.
sp_e36af2589d2e,tally_mYWglz,factor,factor hierarchy,"factor hierarchy: 8. Оцените от 1 до 5 важность факторов выбора хлеба, где 1 - это незначимый факт",Use for B2C Choice / food/FMCG when factor is decision-relevant.
sp_c8b0c1268353,tally_mYWglz,channel,channel/trust map,channel/trust map: 9. Из каких источников информации вы узнаете про пекарни?,Use for B2C Choice / food/FMCG when channel is decision-relevant.
sp_6bf375d6015c,tally_mYWglz,awareness,brand funnel,brand funnel: 10. Какие пекарни кроме Печорин вы знаете?,Use for B2C Choice / food/FMCG when awareness is decision-relevant.
sp_ccb9fde711e1,tally_mYWglz,behavior,behavior baseline,behavior baseline: 11. Какие пекарни вы посещаете?,Use for B2C Choice / food/FMCG when behavior is decision-relevant.
sp_a2f76c3f8172,tally_mYWglz,channel,channel/trust map,"channel/trust map: 14. Где, по вашему мнению, продается самая свежая выпечка?",Use for B2C Choice / food/FMCG when channel is decision-relevant.
sp_967cb29ced1d,tally_mYWglz,channel,channel/trust map,"channel/trust map: 15. Где, по вашему мнению, самый широкий выбор свежей выпечки?",Use for B2C Choice / food/FMCG when channel is decision-relevant.
sp_69418e977a50,tally_mYWglz,frequency,behavior baseline,behavior baseline: 20. Как часто вы покупаете кофе в указанных сценариях?,Use for B2C Choice / food/FMCG when frequency is decision-relevant.
sp_05b3f2baeee2,tally_mYWglz,scenario,JTBD map,JTBD map: 21. Какой кофе вы выберете при указанных сценариях?,Use for B2C Choice / food/FMCG when scenario is decision-relevant.
sp_de57c6fbf8b0,tally_mYWglz,scenario,JTBD map,JTBD map: 22. В каких сценариях вы покупаете следующую продукцию?,Use for B2C Choice / food/FMCG when scenario is decision-relevant.
sp_a7ece375ac6e,tally_mYWglz,factor,factor hierarchy,factor hierarchy: 24. Важна ли для вас упаковка приобретенной в пекарне продукции?,Use for B2C Choice / food/FMCG when factor is decision-relevant.
sp_46c2fcba3a1d,tally_mYWglz,frequency,behavior baseline,behavior baseline: 26. Как часто вы посещаете кофейни в следующих сценариях?,Use for B2C Choice / food/FMCG when frequency is decision-relevant.
sp_d167708b2d54,tally_mYWglz,awareness,brand funnel,brand funnel: 29. Какие кофейни вы знаете?,Use for B2C Choice / food/FMCG when awareness is decision-relevant.
sp_92008f99b809,tally_mYWglz,awareness,brand funnel,brand funnel: 30. Какие city-кафе вы знаете?,Use for B2C Choice / food/FMCG when awareness is decision-relevant.
sp_2b9e798adf12,tally_mYWglz,factor,factor hierarchy,factor hierarchy: 33. Какие факторы в пекарне Печорин вам нравятся?,Use for B2C Choice / food/FMCG when factor is decision-relevant.
sp_da636d60b6a1,tally_mYWglz,factor,factor hierarchy,"factor hierarchy: 34. Оцените по 10-бальной шкале, с какой вероятностью Вы бы порекомендовали пека",Use for B2C Choice / food/FMCG when factor is decision-relevant.
sp_d1fbff76064d,tally_wdAOjN,barrier,barrier map,barrier map: Почему вы не покупаете?,Use for B2C Choice / food/FMCG when barrier is decision-relevant.
sp_97cd45d6e66a,tally_wdAOjN,barrier,barrier map,barrier map: По каким причинам вы покупаете ?,Use for B2C Choice / food/FMCG when barrier is decision-relevant.
sp_5b606134cfa1,tally_wdAOjN,factor,factor hierarchy,"factor hierarchy: Оцените от 1 до 5 важность факторов выбора магазинов спортивного питания, где 1 ",Use for B2C Choice / food/FMCG when factor is decision-relevant.
sp_2435d3dddc8f,tally_wdAOjN,channel,channel/trust map,channel/trust map: Через какие каналы вы впервые узнали о БАДах?,Use for B2C Choice / food/FMCG when channel is decision-relevant.
sp_0e0a02ac6625,tally_wdAOjN,channel,channel/trust map,channel/trust map: Через какие каналы вы ищете конкретные БАДы для покупки?,Use for B2C Choice / food/FMCG when channel is decision-relevant.
sp_9714a02b3262,tally_wdAOjN,channel,channel/trust map,channel/trust map: Почему вы покупаете именно на маркетплейсах?,Use for B2C Choice / food/FMCG when channel is decision-relevant.
sp_6ea0d98678be,tally_wdAOjN,channel,channel/trust map,channel/trust map: Какие спортивные магазины спортпита и БАДов вы знаете?,Use for B2C Choice / food/FMCG when channel is decision-relevant.
sp_7f0f969f3830,tally_wdAOjN,channel,channel/trust map,channel/trust map: Какие спортивные магазины спортпита и БАДов вы покупаете?,Use for B2C Choice / food/FMCG when channel is decision-relevant.
sp_e7747d2cd113,tally_wdAOjN,channel,channel/trust map,channel/trust map: Какие спортивные магазины спортпита и БАДов вы считаете лучшими?,Use for B2C Choice / food/FMCG when channel is decision-relevant.
sp_6d87436e5307,tally_wdAOjN,channel,channel/trust map,"channel/trust map: Какие магазины спортивного питания, на ваш взгляд, продают по самым доступным це",Use for B2C Choice / food/FMCG when channel is decision-relevant.
sp_0449d6616408,tally_wdAOjN,channel,channel/trust map,"channel/trust map: Какие магазины спортивного питания, на ваш взгляд, обладают самым широким ассорт",Use for B2C Choice / food/FMCG when channel is decision-relevant.
sp_211bdff74d68,tally_wdAOjN,channel,channel/trust map,"channel/trust map: Какие магазины спортивного питания, на ваш взгляд, всегда имеют товары, которых ",Use for B2C Choice / food/FMCG when channel is decision-relevant.
sp_0475053e6075,tally_wdAOjN,channel,channel/trust map,channel/trust map: В каких магазинах спортивного питания самые профессиональные продавцы/самые удоб,Use for B2C Choice / food/FMCG when channel is decision-relevant.
sp_d61d6a21184f,tally_wdAOjN,channel,channel/trust map,"channel/trust map: В каких магазинах спортивного питания, на ваш взгляд, самые компетентные фармаце",Use for B2C Choice / food/FMCG when channel is decision-relevant.
sp_e2c4c5853059,tally_wdAOjN,channel,channel/trust map,"channel/trust map: В каких магазинах, на ваш взгляд, самое быстрое обслуживание/самая быстрая доста",Use for B2C Choice / food/FMCG when channel is decision-relevant.
sp_f12e3dd7c23d,tally_wdAOjN,frequency,behavior baseline,behavior baseline: Как часто вы покупаете спортивное питание/Бады/витамины/добавки?,Use for B2C Choice / food/FMCG when frequency is decision-relevant.
sp_225ccc356e41,tally_wdAOjN,WTP,price ladder,price ladder: Сколько вы в среднем тратите на 1 покупку спортивного питание/БАДов/витаминов/до,Use for B2C Choice / food/FMCG when WTP is decision-relevant.
sp_dce1e667d0e0,tally_wdAOjN,behavior,behavior baseline,behavior baseline: Кому вы покупаете спортивное питание/Бады/витамины/добавки?,Use for B2C Choice / food/FMCG when behavior is decision-relevant.
sp_c0fb4e94e9c6,tally_wdAOjN,barrier,barrier map,"barrier map: Бросаете ли вы принимать раньше времени? Если да, то по какой причине?",Use for B2C Choice / food/FMCG when barrier is decision-relevant.
sp_318653db1102,tally_wdAOjN,factor,factor hierarchy,"factor hierarchy: Оцените по 10-бальной шкале, с какой вероятностью вы порекомендуете своим друзья",Use for B2C Choice / food/FMCG when factor is decision-relevant.
sp_4c333a0dac0b,tally_mKLDog,behavior,behavior baseline,behavior baseline: 3. Что вы покупали у HyperPC?,Use for B2C Choice / home/electronics when behavior is decision-relevant.
sp_4e8c87529a6b,tally_mKLDog,scenario,JTBD map,JTBD map: Укажите цель покупки,Use for B2C Choice / home/electronics when scenario is decision-relevant.
sp_41c14d40dc8a,tally_mKLDog,barrier,barrier map,barrier map: 14. По какой причине захотели обновить/купить компьютер?,Use for B2C Choice / home/electronics when barrier is decision-relevant.
sp_b4c3068198ef,tally_mKLDog,barrier,barrier map,barrier map: Причина покупки ПК,Use for B2C Choice / home/electronics when barrier is decision-relevant.
sp_9f308ab42873,tally_mKLDog,barrier,barrier map,barrier map: 15. По какой причине вы приобретали новую периферию/мебель?,Use for B2C Choice / home/electronics when barrier is decision-relevant.
sp_03399bee5add,tally_mKLDog,barrier,barrier map,barrier map: Причина покупки периферии,Use for B2C Choice / home/electronics when barrier is decision-relevant.
sp_614d1babe502,tally_mKLDog,barrier,barrier map,barrier map: 16. По какой причине вы покупали новые комплектующие?,Use for B2C Choice / home/electronics when barrier is decision-relevant.
sp_a05fb6f1ee96,tally_mKLDog,barrier,barrier map,barrier map: Причина покупки комплектующих,Use for B2C Choice / home/electronics when barrier is decision-relevant.
sp_c6c344b89f2f,tally_mKLDog,barrier,barrier map,barrier map: 17. По какой причине вы покупали услуги?,Use for B2C Choice / home/electronics when barrier is decision-relevant.
sp_999e39dabd43,tally_mKLDog,barrier,barrier map,barrier map: Причина обслуживания ПК,Use for B2C Choice / home/electronics when barrier is decision-relevant.
sp_96a2ea9b4b9a,tally_mKLDog,factor,factor hierarchy,factor hierarchy: 19. Оцените от 1 до 5 важность факторов выбора места покупки компьютеров (где 1 ,Use for B2C Choice / home/electronics when factor is decision-relevant.
sp_b3522dc92168,tally_mKLDog,factor,factor hierarchy,factor hierarchy: 20. Оцените от 1 до 5 важность факторов выбора компьютера/комплектующих/мебели/п,Use for B2C Choice / home/electronics when factor is decision-relevant.
sp_0e42290ccf87,tally_mKLDog,channel,channel/trust map,channel/trust map: 23. Где вы оформляли заказ?,Use for B2C Choice / home/electronics when channel is decision-relevant.
sp_94a13ef21c6e,tally_mKLDog,channel,channel/trust map,channel/trust map: 30. Как вы узнаете о подобных компаниях?,Use for B2C Choice / home/electronics when channel is decision-relevant.
sp_24010dbc8e81,tally_mKLDog,channel,channel/trust map,channel/trust map: Укажите как узнаете,Use for B2C Choice / home/electronics when channel is decision-relevant.
sp_87ab49d2a6e3,tally_mKLDog,trust,QFD,"QFD: 36. Какая компания, из известных вам, может предложить наивысшее качество обслуж",Use for B2C Choice / home/electronics when trust is decision-relevant.
sp_dd23dcfb1cd9,tally_wg9kZl,barrier,barrier map,barrier map: По какой причине вы не употребляете замороженную продукцию?,Use for B2C Choice / food/FMCG when barrier is decision-relevant.
sp_9f576e9870e0,tally_wg9kZl,behavior,behavior baseline,behavior baseline: Какой вид замороженной продукции вы едите чаще всего?,Use for B2C Choice / food/FMCG when behavior is decision-relevant.
sp_853c8bca7150,tally_wg9kZl,behavior,behavior baseline,behavior baseline: Какой вид ягод вы едите чаще всего?,Use for B2C Choice / food/FMCG when behavior is decision-relevant.
sp_2096a4183f17,tally_wg9kZl,behavior,behavior baseline,behavior baseline: Какой вид грибов вы едите чаще всего?,Use for B2C Choice / food/FMCG when behavior is decision-relevant.
sp_f7458f9c5e4b,tally_wg9kZl,behavior,behavior baseline,behavior baseline: Какой вид овощных заморозок вы едите чаще всего?,Use for B2C Choice / food/FMCG when behavior is decision-relevant.
sp_c74c201146ff,tally_wg9kZl,behavior,behavior baseline,behavior baseline: В каком формате вы чаще всего приобретаете ягоды?,Use for B2C Choice / food/FMCG when behavior is decision-relevant.
sp_ecfabe4c0e1b,tally_wg9kZl,scenario,JTBD map,"JTBD map: 10. Для каких целей вы, как правило, покупаете замороженные ягоды/овощи/грибы?",Use for B2C Choice / food/FMCG when scenario is decision-relevant.
sp_fe434466748c,tally_wg9kZl,scenario,JTBD map,"JTBD map: 11. Для каких блюд/напитков вы приобретаете замороженную продукцию (ягоды, овощи",Use for B2C Choice / food/FMCG when scenario is decision-relevant.
sp_d6c252d7c146,tally_wg9kZl,WTP,price ladder,price ladder: Насколько часто вы покупаете замороженные ягоды?,Use for B2C Choice / food/FMCG when WTP is decision-relevant.
sp_06f76313f014,tally_wg9kZl,WTP,price ladder,price ladder: Насколько часто вы покупаете замороженные овощи?,Use for B2C Choice / food/FMCG when WTP is decision-relevant.
sp_8b629fa67887,tally_wg9kZl,WTP,price ladder,price ladder: Насколько часто вы покупаете замороженные грибы?,Use for B2C Choice / food/FMCG when WTP is decision-relevant.
sp_ac84c7b931ec,tally_wg9kZl,trust,QFD,"QFD: 12. Часто ли вы обращаете внимание на состав замороженной продукции, которые вы ",Use for B2C Choice / food/FMCG when trust is decision-relevant.
sp_2a44ec8260f1,tally_wg9kZl,behavior,behavior baseline,behavior baseline: 13. В каком формате вы приобретаете замороженную продукцию?,Use for B2C Choice / food/FMCG when behavior is decision-relevant.
sp_6cc3d384d60a,tally_wg9kZl,scenario,JTBD map,"JTBD map: 14. Давайте представим ситуацию, что вы пришли в магазин для покупки замороженно",Use for B2C Choice / food/FMCG when scenario is decision-relevant.
sp_42d94213cb40,tally_wg9kZl,frequency,behavior baseline,"behavior baseline: 15. Как Вы поступите, если в наличии не будет замороженной продукции, которую вы",Use for B2C Choice / food/FMCG when frequency is decision-relevant.
sp_0d861478f98f,tally_wg9kZl,channel,channel/trust map,"channel/trust map: 16. Если вы узнаете, что у любимого бренда появился новый вид/новая линейка прод",Use for B2C Choice / food/FMCG when channel is decision-relevant.
sp_42b6bc57cd24,tally_wg9kZl,channel,channel/trust map,channel/trust map: 19. Как вы узнаете о новых вкусах/новых линейках замороженной продукции?,Use for B2C Choice / food/FMCG when channel is decision-relevant.
sp_fba059344b82,tally_wg9kZl,behavior,behavior baseline,behavior baseline: 21. Какую продукцию из ягод вы еще употребляете?,Use for B2C Choice / food/FMCG when behavior is decision-relevant.
sp_6dbf1de30727,tally_wg9kZl,behavior,behavior baseline,behavior baseline: 22. Какую кондитерскую продукцию из ягод вы употребляете?,Use for B2C Choice / food/FMCG when behavior is decision-relevant.
sp_add64ccf4021,tally_wg9kZl,factor,factor hierarchy,"factor hierarchy: 25. Оцените от 1 до 5 важность факторов выбора замороженной продукции, где 1 – э",Use for B2C Choice / food/FMCG when factor is decision-relevant.
sp_55d52a104aa9,tally_wg9kZl,channel,channel/trust map,channel/trust map: 27. Какая группа продуктов является основной статьей расхода в продуктовом магаз,Use for B2C Choice / food/FMCG when channel is decision-relevant.
sp_e2d072473e6d,tally_wg9kZl,WTP,price ladder,price ladder: 29. Какой процент от общей суммы вы тратите на покупку замороженных ягод?,Use for B2C Choice / food/FMCG when WTP is decision-relevant.
sp_6b1a6d7d6f8e,tally_wg9kZl,WTP,price ladder,price ladder: 30. Какой процент от общей суммы вы тратите на покупку замороженных грибов?,Use for B2C Choice / food/FMCG when WTP is decision-relevant.
sp_2cefe52c98b0,tally_wg9kZl,WTP,price ladder,price ladder: 31. Какой процент от общей суммы вы тратите на покупку замороженных овощей?,Use for B2C Choice / food/FMCG when WTP is decision-relevant.
sp_78e84dc46e23,tally_wg9kZl,channel,channel/trust map,channel/trust map: 32. Где Вы приобретаете замороженную продукцию?,Use for B2C Choice / food/FMCG when channel is decision-relevant.
sp_14494b5d9248,tally_wg9kZl,channel,channel/trust map,channel/trust map: 33. Какие сетевые магазины вы посещаете чаще всего?,Use for B2C Choice / food/FMCG when channel is decision-relevant.
sp_5fd568971516,tally_wg9kZl,channel,channel/trust map,channel/trust map: 34. Через какие каналы коммуникации вы узнаете информацию о продуктах и фуд-нови,Use for B2C Choice / food/FMCG when channel is decision-relevant.
sp_da724d440bf8,tally_wg9kZl,awareness,brand funnel,brand funnel: 35. Какие бренды замороженных ягод/овощей вы знаете?,Use for B2C Choice / food/FMCG when awareness is decision-relevant.
sp_d1d39d4883cf,tally_wg9kZl,awareness,brand funnel,brand funnel: 36. Какие бренды замороженных ягод/овощей вы покупаете?,Use for B2C Choice / food/FMCG when awareness is decision-relevant.
sp_4ee20134edaf,tally_wg9kZl,awareness,brand funnel,brand funnel: 37. Какие бренды замороженных ягод/овощей вы считаете лучшими?,Use for B2C Choice / food/FMCG when awareness is decision-relevant.
sp_a807e8fb316e,tally_wg9kZl,frequency,behavior baseline,behavior baseline: 38. Какие бренды замороженных ягод/овощей покупаете регулярно?,Use for B2C Choice / food/FMCG when frequency is decision-relevant.
sp_e0eaf7e6b9af,tally_wg9kZl,barrier,barrier map,"barrier map: 39. Какие бренды замороженных ягод/овощей вы покупали, но перестали?",Use for B2C Choice / food/FMCG when barrier is decision-relevant.
sp_5f46a9d23c49,tally_wg9kZl,barrier,barrier map,"barrier map: 40. Укажите причины, по которым вы перестали их покупать?",Use for B2C Choice / food/FMCG when barrier is decision-relevant.
sp_6d48caa95562,tally_wg9kZl,WTP,price ladder,"price ladder: 41. Какие бренды замороженных ягод/овощей, на ваш взгляд, продаются по доступным",Use for B2C Choice / food/FMCG when WTP is decision-relevant.
sp_24d8ca28fdf1,tally_wg9kZl,awareness,brand funnel,"brand funnel: 42. Какие бренды замороженных ягод/овощей, на ваш взгляд, обладают необычном уни",Use for B2C Choice / food/FMCG when awareness is decision-relevant.
sp_adaec3174d88,tally_wg9kZl,awareness,brand funnel,"brand funnel: 43. Какие бренды замороженных ягод/овощей, на ваш взгляд, наиболее близки по вку",Use for B2C Choice / food/FMCG when awareness is decision-relevant.
sp_131e207c97bc,tally_wg9kZl,channel,channel/trust map,"channel/trust map: 44. Какие бренды замороженных ягод/овощей, на ваш взгляд, всегда легко найти в л",Use for B2C Choice / food/FMCG when channel is decision-relevant.
sp_5e99a8511413,tally_wg9kZl,awareness,brand funnel,"brand funnel: 46. Какие бренды замороженных ягод/овощей, на ваш взгляд, имеют самый интересный",Use for B2C Choice / food/FMCG when awareness is decision-relevant.
sp_ac594cbb1fb0,tally_wg9kZl,awareness,brand funnel,"brand funnel: 47. Какие бренды замороженных ягод/овощей, на ваш взгляд, являются самыми вкусны",Use for B2C Choice / food/FMCG when awareness is decision-relevant.
sp_7916d7b01c89,tally_wg9kZl,trust,QFD,QFD: 48. Какой бренд соответствует параметрам цена-качество?,Use for B2C Choice / food/FMCG when trust is decision-relevant.
sp_75018f8f407c,tally_mRPA74,barrier,barrier map,barrier map: 1.1 Какова Ваша основная причина посещения врача?,Use for B2C Choice / healthcare when barrier is decision-relevant.
sp_a556640b3138,tally_mRPA74,behavior,behavior baseline,behavior baseline: 1.2 Каким образом вы чаще всего приходите к пониманию необходимости посетить вра,Use for B2C Choice / healthcare when behavior is decision-relevant.
sp_53b91bdc4dd7,tally_mRPA74,barrier,barrier map,barrier map: 1.3 По каким причинам вы посещаете данный тип клиник?,Use for B2C Choice / healthcare when barrier is decision-relevant.
sp_89f3164b4af4,tally_mRPA74,frequency,behavior baseline,behavior baseline: 2.1. 	Как часто вы посещаете частные клиники?,Use for B2C Choice / healthcare when frequency is decision-relevant.
sp_6af980949390,tally_mRPA74,frequency,behavior baseline,behavior baseline: 2.2	С чем связана такая редкая частота посещения?,Use for B2C Choice / healthcare when frequency is decision-relevant.
sp_cf0e86976600,tally_mRPA74,frequency,behavior baseline,behavior baseline: 3.1. 	Как часто вы посещаете государственные клиники?,Use for B2C Choice / healthcare when frequency is decision-relevant.
sp_87b460e624c3,tally_mRPA74,frequency,behavior baseline,"behavior baseline: 3.2	Если в прошлом вопросе ответ 5-6, вопрос: с чем связана такая частота посеще",Use for B2C Choice / healthcare when frequency is decision-relevant.
sp_5d68a3a9efe8,tally_mRPA74,behavior,behavior baseline,behavior baseline: 3.3	Почему вы посещаете государственные клиники?,Use for B2C Choice / healthcare when behavior is decision-relevant.
sp_8f565ea4d276,tally_mRPA74,behavior,behavior baseline,behavior baseline: 3.4	Каких врачей в клиниках вы посещаете?,Use for B2C Choice / healthcare when behavior is decision-relevant.
sp_a6236a42925a,tally_mRPA74,behavior,behavior baseline,behavior baseline: 4.1 Проходите ли вы ПМО (Профилактический медицинский осмотр)?,Use for B2C Choice / healthcare when behavior is decision-relevant.
sp_4791a327a8e1,tally_mRPA74,factor,factor hierarchy,"factor hierarchy: 4.2 Оцените от 1 до 5 важность для вас факторов этого решения (прохождение ПМО),",Use for B2C Choice / healthcare when factor is decision-relevant.
sp_d8fecc5d06d4,tally_mRPA74,factor,factor hierarchy,factor hierarchy: 4.3 Оцените от 1 до 5 важность для вас факторов этого решения (отказ от прохожде,Use for B2C Choice / healthcare when factor is decision-relevant.
sp_c5389979694b,tally_mRPA74,factor,factor hierarchy,"factor hierarchy: 5. Оцените от 1 до 5 важность факторов выбора клиники, где 1 – это незначимый фа",Use for B2C Choice / healthcare when factor is decision-relevant.
sp_cb6e0d60410a,tally_mRPA74,behavior,behavior baseline,behavior baseline: 6.1 Почему вы готовы посещать только частные клиники?,Use for B2C Choice / healthcare when behavior is decision-relevant.
sp_4c2f1c930184,tally_mRPA74,scenario,JTBD map,"JTBD map: 6.2	Какие переживания или страхи возникают у вас, когда вы обращаетесь в частную",Use for B2C Choice / healthcare when scenario is decision-relevant.
sp_d086c1510831,tally_mRPA74,behavior,behavior baseline,behavior baseline: 7.1 В каком формате вы обычно посещаете частные клиники?,Use for B2C Choice / healthcare when behavior is decision-relevant.
sp_b16c6d9771db,tally_mRPA74,behavior,behavior baseline,"behavior baseline: 9. Посещаете ли вы еще какие-то медицинские центры, кроме ""Альтамед+""?",Use for B2C Choice / healthcare when behavior is decision-relevant.
sp_31add3528824,tally_mRPA74,scenario,JTBD map,"JTBD map: 10.1 Существуют ли такие ситуации, в которых вы бы обратились в другую клинику?",Use for B2C Choice / healthcare when scenario is decision-relevant.
sp_ebeec13ec4aa,tally_mRPA74,scenario,JTBD map,JTBD map: Опишите такую ситуацию:,Use for B2C Choice / healthcare when scenario is decision-relevant.
sp_a9e8c445bd4a,tally_mRPA74,WTP,price ladder,price ladder: 23. В какой клинике в Одинцово наиболее доброжелательные администраторы?,Use for B2C Choice / healthcare when WTP is decision-relevant.
sp_925f2d4c9db2,tally_mRPA74,behavior,behavior baseline,behavior baseline: 25. В каких клиниках вы проходите ПМО (Профилактический медицинский осмотр)?,Use for B2C Choice / healthcare when behavior is decision-relevant.
sp_bc24f3822192,tally_mRPA74,WTP,price ladder,price ladder: 26. Сколько в целом Вы готовы потратить на:,Use for B2C Choice / healthcare when WTP is decision-relevant.
sp_29c3f2575e20,tally_mRPA74,factor,factor hierarchy,factor hierarchy: 27. Оцените качество работы администраторов в клинике по шкале от 1(плохо) до 5 ,Use for B2C Choice / healthcare when factor is decision-relevant.
sp_1a05d25bc07e,tally_mRPA74,factor,factor hierarchy,"factor hierarchy: 28. Оцените по 10-бальной шкале, с какой вероятностью вы бы порекомендовали кл",Use for B2C Choice / healthcare when factor is decision-relevant.
sp_343466268430,tally_wvPDzA,channel,channel/trust map,channel/trust map: Укажите эти каналы,Use for Internal Employee / HR/EVP when channel is decision-relevant.
sp_1475f04bbe56,tally_wvPDzA,WTP,price ladder,price ladder: Реализация высокобюджетных проектов,Use for Internal Employee / HR/EVP when WTP is decision-relevant.
sp_07aa4446a81b,tally_wvPDzA,channel,channel/trust map,channel/trust map: Наличие внутренних каналов коммуникации,Use for Internal Employee / HR/EVP when channel is decision-relevant.
sp_c64d607067c8,tally_wvPDzA,WTP,price ladder,price ladder: 2. существует ясная стратегия развития,Use for Internal Employee / HR/EVP when WTP is decision-relevant.
sp_106820679766,tally_wvPDzA,scenario,JTBD map,JTBD map: 2. есть понимание конкурентной ситуации,Use for Internal Employee / HR/EVP when scenario is decision-relevant.
sp_39819d3d1b4f,tally_wvPDzA,trust,QFD,"QFD: 2. консультативный стиль управления (даются не указания, а рекомендации)",Use for Internal Employee / HR/EVP when trust is decision-relevant.
sp_3c709a7658d0,tally_wvPDzA,switching,barrier map,"barrier map: 3. налажен обмен знаниями (о методах продаж, о конкурентах, о новинках продукции",Use for Internal Employee / HR/EVP when switching is decision-relevant.
sp_f7cd112c3822,tally_wvPDzA,switching,barrier map,barrier map: 4. внедряются идеи из внешней среды (перенимаем лучшие практики конкурентов),Use for Internal Employee / HR/EVP when switching is decision-relevant.
sp_ec594de99320,tally_wvPDzA,trust,QFD,QFD: 1. практикуется открытость и доверие,Use for Internal Employee / HR/EVP when trust is decision-relevant.
sp_fb8646227034,tally_wvPDzA,switching,barrier map,barrier map: 2. есть внутренняя соревновательность (внутренняя конкуренция),Use for Internal Employee / HR/EVP when switching is decision-relevant.
sp_b4acec3669f7,tally_wvPDzA,scenario,JTBD map,"JTBD map: В компании решения принимаются всегда по всем известным, общепринятым правилам И",Use for Internal Employee / HR/EVP when scenario is decision-relevant.
sp_68576ee08ae3,tally_wvPDzA,trust,QFD,"QFD: Репутация (Лидерство, стабильность, финансовая безопасность",Use for Internal Employee / HR/EVP when trust is decision-relevant.
sp_b7c446f35af8,tally_wM5zyg,WTP,price ladder,"price ladder: 7. Укажите стоимость последней покупки авто  Если не покупали, то на какой ценов",Use for B2C Choice / auto/mobility when WTP is decision-relevant.
sp_0d5b87efcd32,tally_wM5zyg,awareness,brand funnel,brand funnel: 8. Какие автосервисы Вы знаете?,Use for B2C Choice / auto/mobility when awareness is decision-relevant.
sp_c712d2983482,tally_wM5zyg,WTP,price ladder,"price ladder: 12. Какой автосервис, на Ваш взгляд, с самыми доступными ценами?",Use for B2C Choice / auto/mobility when WTP is decision-relevant.
sp_139df5c101e3,tally_wM5zyg,factor,factor hierarchy,"factor hierarchy: 18. Оцените от 1 до 5 важность факторов при выборе автосервиса, где 1 - незначим",Use for B2C Choice / auto/mobility when factor is decision-relevant.
sp_bd59a5d855ff,tally_wM5zyg,factor,factor hierarchy,"factor hierarchy: 19. Оцените важность следующих пунктов в автосервисе, в котором Вы решили диагно",Use for B2C Choice / auto/mobility when factor is decision-relevant.
sp_bf781c0598d9,tally_wM5zyg,factor,factor hierarchy,"factor hierarchy: 20. Оцените важность факторов в мобильном приложении автосервиса, в котором Вы р",Use for B2C Choice / auto/mobility when factor is decision-relevant.
sp_c5e8ccfab18b,tally_wM5zyg,behavior,behavior baseline,behavior baseline: 21. Как давно Вы покупали б/у автомобиль?,Use for B2C Choice / auto/mobility when behavior is decision-relevant.
sp_e0102faaa95d,tally_wM5zyg,awareness,brand funnel,brand funnel: 22. Каких дилеров Вы знаете?,Use for B2C Choice / auto/mobility when awareness is decision-relevant.
sp_d953656c0477,tally_wM5zyg,behavior,behavior baseline,behavior baseline: 22. У каких дилеров Вы покупали/купили бы авто?,Use for B2C Choice / auto/mobility when behavior is decision-relevant.
sp_0267c7b9ec7a,tally_wM5zyg,behavior,behavior baseline,"behavior baseline: 24. У каких дилеров Вы покупали/планировали купить авто, но решили, что не будет",Use for B2C Choice / auto/mobility when behavior is decision-relevant.
sp_3eee4069ddbc,tally_wM5zyg,WTP,price ladder,"price ladder: 25. Какой дилер, на Ваш взгляд, с самыми доступными ценами?",Use for B2C Choice / auto/mobility when WTP is decision-relevant.
sp_1f9be2d96038,tally_3yy174,factor,factor hierarchy,factor hierarchy: Оцените необходимость предоставления работодателем следующих пунктов,Use for Internal Employee / HR/EVP when factor is decision-relevant.
sp_27669c3803c2,tally_wzZb98,barrier,barrier map,barrier map: 1. Какова Ваша основная причина посещения сайтов и магазинов бытовой техники?,Use for B2C Choice / home/electronics when barrier is decision-relevant.
sp_fd1a4047e8d2,tally_wzZb98,channel,channel/trust map,channel/trust map: 2. При каких условиях Вы покупаете товар в магазине бытовой техники?,Use for B2C Choice / home/electronics when channel is decision-relevant.
sp_1437c6d82022,tally_wzZb98,channel,channel/trust map,channel/trust map: Выберите в каком магазине Вы покупаете следующие товары:,Use for B2C Choice / home/electronics when channel is decision-relevant.
sp_2a85f11aab7d,tally_wzZb98,channel,channel/trust map,"channel/trust map: Выберите, в каком магазине Вы покупаете следующие товары:",Use for B2C Choice / home/electronics when channel is decision-relevant.
sp_f3e19760aa4a,tally_wzZb98,channel,channel/trust map,channel/trust map: Укажите где,Use for B2C Choice / home/electronics when channel is decision-relevant.
sp_6b32e9844799,tally_wzZb98,frequency,behavior baseline,behavior baseline: 4. Как часто вы посещаете магазины бытовой техники для приобретения следующих то,Use for B2C Choice / home/electronics when frequency is decision-relevant.
sp_043956cc61eb,tally_wzZb98,factor,factor hierarchy,"factor hierarchy: 6. Оцените от 1 до 5 важность факторов выбора магазинов бытовой техники, где 1 -",Use for B2C Choice / home/electronics when factor is decision-relevant.
sp_4e7e1ad28aa9,tally_wzZb98,factor,factor hierarchy,factor hierarchy: 7. Оцените Ваш уровень осведомленности от 1 до 4,Use for B2C Choice / home/electronics when factor is decision-relevant.
sp_b22074d88bb3,tally_wzZb98,channel,channel/trust map,"channel/trust map: 8. В каком магазине, на Ваш взгляд, более широкий ассортимент ?",Use for B2C Choice / home/electronics when channel is decision-relevant.
sp_97b1daf8fc62,tally_wzZb98,channel,channel/trust map,channel/trust map: 9. Какой магазин ближе всего к Вашему дому ?,Use for B2C Choice / home/electronics when channel is decision-relevant.
sp_23c495eec883,tally_wzZb98,channel,channel/trust map,channel/trust map: 11. В каком магазине Вы видели самые необычные товары (уникальные бренды/ уникал,Use for B2C Choice / home/electronics when channel is decision-relevant.
sp_110997073d07,tally_wzZb98,channel,channel/trust map,channel/trust map: 12. Где на ваш взгляд предлагают самые доступные цены на бытовую технику?,Use for B2C Choice / home/electronics when channel is decision-relevant.
sp_2c032113fa8e,tally_wzZb98,channel,channel/trust map,"channel/trust map: 13. Какой магазин, на Ваш взгляд, оставляет наиболее приятные впечатления после ",Use for B2C Choice / home/electronics when channel is decision-relevant.
sp_ce14eef4a071,tally_wzZb98,channel,channel/trust map,"channel/trust map: 14. В каком магазине, на Ваш взгляд, чаще всего обновляется ассортимент?",Use for B2C Choice / home/electronics when channel is decision-relevant.
sp_cdb517cb453d,tally_wzZb98,trust,QFD,QFD: насколько вероятно что вы порекомендуете,Use for B2C Choice / home/electronics when trust is decision-relevant.
sp_9905437f69d1,tally_wzZb98,WTP,price ladder,"price ladder: Подскажите, чего не хватает компании ""Ценалом"" ?",Use for B2C Choice / home/electronics when WTP is decision-relevant.
sp_3cbcb29e8cc3,tally_wzZb98,channel,channel/trust map,"channel/trust map: 16. Через какие источники Вы узнаете о новинках, скидках и акциях ?",Use for B2C Choice / home/electronics when channel is decision-relevant.
sp_b89c4e23ae58,tally_3NXzGp,behavior,behavior baseline,behavior baseline: 5. Едите ли вы сыр?,Use for B2C Choice / food/FMCG when behavior is decision-relevant.
sp_c582f1696122,tally_3NXzGp,barrier,barrier map,barrier map: 6. По какой причине вы не едите сыры?,Use for B2C Choice / food/FMCG when barrier is decision-relevant.
sp_a3d46a55f5d3,tally_3NXzGp,WTP,price ladder,price ladder: 7. Насколько часто вы покупаете сыры?,Use for B2C Choice / food/FMCG when WTP is decision-relevant.
sp_3725b40c3991,tally_3NXzGp,scenario,JTBD map,"JTBD map: 8. Для каких целей  вы, как правило, покупаете сыр?",Use for B2C Choice / food/FMCG when scenario is decision-relevant.
sp_3725b40c3991,tally_3NXzGp,scenario,JTBD map,"JTBD map: 8. Для каких целей  вы, как правило, покупаете сыр?",Use for B2C Choice / food/FMCG when scenario is decision-relevant.
sp_ab091aab57a4,tally_3NXzGp,trust,QFD,"QFD: 9. Часто ли вы обращаете внимание на состав сыров, которые вы покупаете?",Use for B2C Choice / food/FMCG when trust is decision-relevant.
sp_e89bddcce874,tally_3NXzGp,scenario,JTBD map,JTBD map: 10. Сыр с каким сроком годности вы бы никогда не стали приобретать?,Use for B2C Choice / food/FMCG when scenario is decision-relevant.
sp_0bada8781620,tally_3NXzGp,behavior,behavior baseline,behavior baseline: 11. Какой вид сыра вы едите чаще всего?,Use for B2C Choice / food/FMCG when behavior is decision-relevant.
sp_ee376c9c76d0,tally_3NXzGp,factor,factor hierarchy,"factor hierarchy: 12. В каком формате (формфакторе), вы обычно покупаете сыр?(возможно несколько в",Use for B2C Choice / food/FMCG when factor is decision-relevant.
sp_1b9bc50f03a7,tally_3NXzGp,scenario,JTBD map,"JTBD map: 13. Давайте представим ситуацию, что вы пришли в магазин для покупки сыра, по ка",Use for B2C Choice / food/FMCG when scenario is decision-relevant.
sp_28b3cc1186e7,tally_3NXzGp,frequency,behavior baseline,"behavior baseline: 14. Как Вы поступите, если в наличии не будет сыра, который вы покупаете регуляр",Use for B2C Choice / food/FMCG when frequency is decision-relevant.
sp_14d69bdbffc8,tally_3NXzGp,channel,channel/trust map,channel/trust map: 18. Как вы узнаете о новых вкусах/новых линейках сыров?,Use for B2C Choice / food/FMCG when channel is decision-relevant.
sp_8c389a5b76a5,tally_3NXzGp,behavior,behavior baseline,behavior baseline: 20. С какими продуктами вы употребляете сыр?,Use for B2C Choice / food/FMCG when behavior is decision-relevant.
sp_0f1ffd709812,tally_3NXzGp,factor,factor hierarchy,"factor hierarchy: 21. Оцените от 1 до 5 важность факторов выбора сыров, где 1 – это незначимый фак",Use for B2C Choice / food/FMCG when factor is decision-relevant.
sp_e40b7ca4282a,tally_3NXzGp,behavior,behavior baseline,behavior baseline: 24. Какой вид безлактозного сыра вы употребляете?,Use for B2C Choice / food/FMCG when behavior is decision-relevant.
sp_fde64ef191c9,tally_3NXzGp,barrier,barrier map,barrier map: 25. По какой причине вы покупаете безлактозный сыр?,Use for B2C Choice / food/FMCG when barrier is decision-relevant.
sp_7964414b8eda,tally_3NXzGp,scenario,JTBD map,"JTBD map: 28. Когда вы впервые начали покупать детский сыр, это был скорее ваш выбор как р",Use for B2C Choice / food/FMCG when scenario is decision-relevant.
sp_5b3adc9564c8,tally_3NXzGp,behavior,behavior baseline,behavior baseline: 29. Почему вы приобретаете детский сыр для своих детей?,Use for B2C Choice / food/FMCG when behavior is decision-relevant.
sp_27bba30eed3f,tally_3NXzGp,factor,factor hierarchy,"factor hierarchy: 31. Оцените от 1 до 5 важность факторов выбора детских сыров, где 1 – это незнач",Use for B2C Choice / food/FMCG when factor is decision-relevant.
sp_bfa9fb85cbde,tally_3NXzGp,WTP,price ladder,price ladder: 34. Какой процент от общей суммы вы тратите на покупку сыров?,Use for B2C Choice / food/FMCG when WTP is decision-relevant.
sp_f726a7fd21d2,tally_3NXzGp,channel,channel/trust map,channel/trust map: 35. Где вы обычно приобретаете сыры?,Use for B2C Choice / food/FMCG when channel is decision-relevant.
sp_b88ed4ade8d3,tally_3NXzGp,channel,channel/trust map,channel/trust map: 34. Где вы обычно приобретаете сыры?,Use for B2C Choice / food/FMCG when channel is decision-relevant.
sp_5876f5e46c05,tally_3NXzGp,channel,channel/trust map,channel/trust map: 36. Через какие каналы коммуникации вы узнаете информацию о сыре?,Use for B2C Choice / food/FMCG when channel is decision-relevant.
sp_930bf6bde7c4,tally_3NXzGp,channel,channel/trust map,channel/trust map: 35. Через какие каналы коммуникации вы узнаете информацию о сыре?,Use for B2C Choice / food/FMCG when channel is decision-relevant.
sp_6445b147243f,tally_3NXzGp,awareness,brand funnel,"brand funnel: 37. Каких производителей свежих сыров (моцарелла, сулугуни и др) вы знаете?",Use for B2C Choice / food/FMCG when awareness is decision-relevant.
sp_ac344ecb869d,tally_3NXzGp,frequency,behavior baseline,behavior baseline: 38. Какие бренды свежих сыров вы покупаете регулярно?,Use for B2C Choice / food/FMCG when frequency is decision-relevant.
sp_77330b76e663,tally_3NXzGp,awareness,brand funnel,brand funnel: 39. Какие бренды свежих сыров вы считаете лучшими?,Use for B2C Choice / food/FMCG when awareness is decision-relevant.
sp_69ae4f869b2d,tally_3NXzGp,WTP,price ladder,"price ladder: 40. Какие бренды свежих сыров, на ваш взгляд, продаются по доступным ценам?",Use for B2C Choice / food/FMCG when WTP is decision-relevant.
sp_e1f94287ad98,tally_3NXzGp,trust,QFD,"QFD: 41. В состав каких брендов свежих сыров, на ваш взгляд, входят самые натуральные",Use for B2C Choice / food/FMCG when trust is decision-relevant.
sp_c541ade5e644,tally_3NXzGp,channel,channel/trust map,"channel/trust map: 42. Какие бренды свежих сыров, на ваш взгляд, всегда легко найти в любом магазин",Use for B2C Choice / food/FMCG when channel is decision-relevant.
sp_f6785949b893,tally_3NXzGp,awareness,brand funnel,"brand funnel: 43. Какие бренды свежих сыров, на ваш взгляд, имеют самую широкую линейку ассорт",Use for B2C Choice / food/FMCG when awareness is decision-relevant.
sp_e42e9efc8d27,tally_3NXzGp,awareness,brand funnel,"brand funnel: 44. Какие бренды свежих сыров, на ваш взгляд, имеют самый интересный формат упак",Use for B2C Choice / food/FMCG when awareness is decision-relevant.
sp_eeec5aed7382,tally_3NXzGp,awareness,brand funnel,"brand funnel: 45. Какие бренды свежих сыров, на ваш взгляд, обладают наилучшими вкусовыми каче",Use for B2C Choice / food/FMCG when awareness is decision-relevant.
sp_b0871af2cd10,tally_3E0QYq,WTP,price ladder,"price ladder: 7. Укажите стоимость последней покупки авто  Если не покупали, то на какой ценов",Use for B2C Choice / auto/mobility when WTP is decision-relevant.
sp_4c621d7c295d,tally_3E0QYq,awareness,brand funnel,brand funnel: 8. Какие автосервисы Вы знаете?,Use for B2C Choice / auto/mobility when awareness is decision-relevant.
sp_a7f14df6ec3d,tally_3E0QYq,WTP,price ladder,"price ladder: 12. Какой автосервис, на Ваш взгляд, с самыми доступными ценами?",Use for B2C Choice / auto/mobility when WTP is decision-relevant.
sp_9e1cfa0fdb33,tally_3E0QYq,factor,factor hierarchy,"factor hierarchy: 18. Оцените от 1 до 5 важность факторов при выборе автосервиса, где 1 - незначим",Use for B2C Choice / auto/mobility when factor is decision-relevant.
sp_7d485b75931f,tally_3E0QYq,factor,factor hierarchy,"factor hierarchy: 19. Оцените важность следующих пунктов в автосервисе, в котором Вы решили диагно",Use for B2C Choice / auto/mobility when factor is decision-relevant.
sp_c06f0abfa8ad,tally_3E0QYq,factor,factor hierarchy,"factor hierarchy: 20. Оцените важность пунктов в мобильном приложении автосервиса, в котором Вы ре",Use for B2C Choice / auto/mobility when factor is decision-relevant.
sp_fcfe30653d58,tally_3E0QYq,behavior,behavior baseline,behavior baseline: 21. Как давно Вы покупали б/у автомобиль?,Use for B2C Choice / auto/mobility when behavior is decision-relevant.
sp_a44aca2b48a2,tally_3E0QYq,awareness,brand funnel,brand funnel: 22. Каких дилеров Вы знаете?,Use for B2C Choice / auto/mobility when awareness is decision-relevant.
sp_37c2cd78252e,tally_3E0QYq,behavior,behavior baseline,behavior baseline: 22. У каких дилеров Вы покупали/купили бы авто?,Use for B2C Choice / auto/mobility when behavior is decision-relevant.
sp_3ca7f517e387,tally_3E0QYq,behavior,behavior baseline,"behavior baseline: 24. У каких дилеров Вы покупали/планировали купить авто, но решили, что не будет",Use for B2C Choice / auto/mobility when behavior is decision-relevant.
sp_4512474ba885,tally_3E0QYq,WTP,price ladder,"price ladder: 25. Какой дилер, на Ваш взгляд, с самыми доступными ценами?",Use for B2C Choice / auto/mobility when WTP is decision-relevant.
sp_c0a27e5e1dd3,tally_3E0QYq,factor,factor hierarchy,"factor hierarchy: 31. Оцените от 1 до 5 важность факторов в дилере при покупке авто, где 1 - незна",Use for B2C Choice / auto/mobility when factor is decision-relevant.
sp_7a91b2799058,tally_3E0QYq,factor,factor hierarchy,"factor hierarchy: 32. Оцените важность следующих пунктов в дилере, в котором Вы решили покупать ав",Use for B2C Choice / auto/mobility when factor is decision-relevant.
sp_5ffcbbc22ecc,tally_3y2jV8,barrier,barrier map,barrier map: 1.1 Что чаще всего служит для вас причиной посещения клиники? (Ответы не перечис,Use for B2C Choice / healthcare when barrier is decision-relevant.
sp_799d3cd9d627,tally_3y2jV8,frequency,behavior baseline,behavior baseline: 1.2 Как часто вы посещаете частные клиники?,Use for B2C Choice / healthcare when frequency is decision-relevant.
sp_0c27a757f018,tally_3y2jV8,behavior,behavior baseline,behavior baseline: 1.3 Каким образом вы чаще всего приходите к пониманию необходимостипосетить врач,Use for B2C Choice / healthcare when behavior is decision-relevant.
sp_a250acddfa71,tally_3y2jV8,behavior,behavior baseline,behavior baseline: 2.1 Какой тип частных клиник вы чаще всего посещаете? (Отвечают только по выбран,Use for B2C Choice / healthcare when behavior is decision-relevant.
sp_38d53ee68ec5,tally_3y2jV8,behavior,behavior baseline,behavior baseline: 2.2 Каких врачей в частных клиниках вы посещали в течение последнего года? (Отве,Use for B2C Choice / healthcare when behavior is decision-relevant.
sp_b39877c0c49e,tally_3y2jV8,factor,factor hierarchy,"factor hierarchy: 2.3 Оцените от 1 до 5 важность для вас факторов выбора клиники, где 1 – это совс",Use for B2C Choice / healthcare when factor is decision-relevant.
sp_01696ba90473,tally_3y2jV8,awareness,brand funnel,brand funnel: 2.4 Какие клиники вы знаете? (Перечислить через запятую),Use for B2C Choice / healthcare when awareness is decision-relevant.
sp_d46311405194,tally_3y2jV8,behavior,behavior baseline,behavior baseline: 2.5 Какие клиники вы посещаете? (Перечислить через запятую),Use for B2C Choice / healthcare when behavior is decision-relevant.
sp_d88977c0ac9a,tally_3y2jV8,scenario,JTBD map,"JTBD map: 2.8 Какие переживания или страхи возникают у вас, когда вы обращаетесь в частную",Use for B2C Choice / healthcare when scenario is decision-relevant.
sp_3c5ca442a79a,tally_3y2jV8,scenario,JTBD map,"JTBD map: 3.2 При каких сценариях вы понимаете, что необходимо идти к врачу?",Use for B2C Choice / healthcare when scenario is decision-relevant.
sp_8640bcbd1d61,tally_3y2jV8,behavior,behavior baseline,"behavior baseline: 3.5 Приходите ли вы на прием ко врачу после того, как пройдете курс лечения?",Use for B2C Choice / healthcare when behavior is decision-relevant.
sp_7b559d15bf0f,tally_3y2jV8,factor,factor hierarchy,"factor hierarchy: 5.4 Оцените по 10-бальной шкале, с какой вероятностью вы бы порекомендовали клин",Use for B2C Choice / healthcare when factor is decision-relevant.
sp_39dbc0662b33,tally_3y2jV8,behavior,behavior baseline,"behavior baseline: 2.10 Посещаете ли вы еще какие-то медицинские центры, кроме клиники Доктора Макс",Use for B2C Choice / healthcare when behavior is decision-relevant.
sp_bb9903c83b67,tally_3y2jV8,behavior,behavior baseline,"behavior baseline: 2.11 Посещаете ли вы еще какие-то медицинские центры, кроме клиники Доктора Макс",Use for B2C Choice / healthcare when behavior is decision-relevant.
sp_3102769b54e0,tally_3y2jV8,scenario,JTBD map,JTBD map: 2.12 В каких ситуациях вы бы обратились в другую клинику?,Use for B2C Choice / healthcare when scenario is decision-relevant.
sp_9f95658a8273,tally_3y2jV8,scenario,JTBD map,"JTBD map: 2.13 В каких ситуациях, связанных с офтальмологией вы бы обратились в другую кли",Use for B2C Choice / healthcare when scenario is decision-relevant.
sp_759326f95a8a,tally_3y2jV8,frequency,behavior baseline,behavior baseline: 3.1 Как часто вы обращаетесь к офтальмологу?,Use for B2C Choice / healthcare when frequency is decision-relevant.
sp_1c1b3bd8f996,tally_3XWL74,factor,factor hierarchy,"factor hierarchy: 1.8 Пожалуйста, оцените насколько важны для Вас следующие факторы при выборе раб",Use for Internal Employee / HR/EVP when factor is decision-relevant.
sp_4529a7f8923a,tally_3XWL74,factor,factor hierarchy,"factor hierarchy: 1.9 Пожалуйста, оцените насколько эти факторы реализованы в компании «Главстрой ",Use for Internal Employee / HR/EVP when factor is decision-relevant.
sp_75872f7312d2,tally_3XWL74,WTP,price ladder,price ladder: 2.1 Насколько Вы согласны с представленными ниже утверждениями об уровне ответст,Use for Internal Employee / HR/EVP when WTP is decision-relevant.
sp_8186120284b1,tally_3XWL74,WTP,price ladder,price ladder: 2.2 Насколько Вы согласны с представленными ниже утверждениями о понимании сотру,Use for Internal Employee / HR/EVP when WTP is decision-relevant.
sp_eb5da01b82aa,tally_3XWL74,WTP,price ladder,price ladder: 2.3  Насколько Вы согласны с представленными ниже утверждениями об уровне коорди,Use for Internal Employee / HR/EVP when WTP is decision-relevant.
sp_5461b6d345b3,tally_3XWL74,WTP,price ladder,price ladder: 2.4 Насколько Вы согласны с представленными ниже утверждениями об уровне ориента,Use for Internal Employee / HR/EVP when WTP is decision-relevant.
sp_d66504271cb3,tally_3XWL74,WTP,price ladder,price ladder: 2.5 Насколько Вы согласны с представленными ниже утверждениями о характере руков,Use for Internal Employee / HR/EVP when WTP is decision-relevant.
sp_b186d844df7c,tally_3XWL74,WTP,price ladder,price ladder: 2.6 Насколько Вы согласны с представленными ниже утверждениями об отношении к ин,Use for Internal Employee / HR/EVP when WTP is decision-relevant.
sp_e41066ddb4ab,tally_3XWL74,WTP,price ladder,price ladder: 2.7 Насколько Вы согласны с представленными ниже утверждениями о корпоративных н,Use for Internal Employee / HR/EVP when WTP is decision-relevant.
sp_02cfa101be8d,tally_3XWL74,WTP,price ladder,price ladder: 2.8 Насколько Вы согласны с представленными ниже утверждениями о рабочей среде и,Use for Internal Employee / HR/EVP when WTP is decision-relevant.
sp_0312317931c2,tally_3XWL74,factor,factor hierarchy,factor hierarchy: 2.9 Оцените степень Вашего согласия с представленными ниже утверждениями о систе,Use for Internal Employee / HR/EVP when factor is decision-relevant.
sp_3aa90b1c3ee4,tally_3XWL74,scenario,JTBD map,JTBD map: 3.1 В компании «Главстрой Санкт-Петербург» решения принимаются всегда по всем из,Use for Internal Employee / HR/EVP when scenario is decision-relevant.
sp_1e5020febfcf,tally_3XWL74,factor,factor hierarchy,"factor hierarchy: 3.7 Пожалуйста, оцените насколько важны для Вас следующие ценности при выборе ра",Use for Internal Employee / HR/EVP when factor is decision-relevant.
sp_5dbaeed49f38,tally_3XWL74,factor,factor hierarchy,factor hierarchy: 3.8 Оцените насколько эти ценности проявлены в компании «Главстрой Санкт-Петербу,Use for Internal Employee / HR/EVP when factor is decision-relevant.
sp_9824871a7b15,tally_3XWL74,factor,factor hierarchy,"factor hierarchy: 3. 9 Оцените представленные ниже факторы по шкале от 1 до 5, где:",Use for Internal Employee / HR/EVP when factor is decision-relevant.
sp_da29a96d6a55,tally_3XWL74,factor,factor hierarchy,"factor hierarchy: Оцените, пожалуйста, по шкале от 1 до 10, насколько вы готовы рекомендовать нашу",Use for Internal Employee / HR/EVP when factor is decision-relevant.
sp_08a4ea94b321,tally_3XWL74,factor,factor hierarchy,"factor hierarchy: 3.9 Оцените от 1 до 5, какое направление позиционирования бренда работодателя зн",Use for Internal Employee / HR/EVP when factor is decision-relevant.
sp_33bef53c8d94,tally_me60Nl,channel,channel/trust map,channel/trust map: Где собирается анкета?,Use for B2C Choice / food/FMCG when channel is decision-relevant.
sp_235c773b2693,tally_me60Nl,channel,channel/trust map,channel/trust map: 2. В какие форматы магазинов вы ходите?,Use for B2C Choice / food/FMCG when channel is decision-relevant.
sp_dfb92e4c567d,tally_me60Nl,channel,channel/trust map,channel/trust map: 9. Через какие каналы Вы узнаете о магазине?,Use for B2C Choice / food/FMCG when channel is decision-relevant.
sp_74ba79d367b4,tally_me60Nl,channel,channel/trust map,channel/trust map: 15. Какие из этих магазинов вы знаете?,Use for B2C Choice / food/FMCG when channel is decision-relevant.
sp_a6dc3bcceaee,tally_me60Nl,channel,channel/trust map,channel/trust map: 16. В какие магазины вы ходили хотя бы раз?,Use for B2C Choice / food/FMCG when channel is decision-relevant.
sp_c4b722faf345,tally_me60Nl,channel,channel/trust map,channel/trust map: 17. Какие магазины вы считаете лучшими?,Use for B2C Choice / food/FMCG when channel is decision-relevant.
sp_70208e42b32f,tally_me60Nl,frequency,behavior baseline,behavior baseline: 18. В какие магазины вы ходите регулярно?,Use for B2C Choice / food/FMCG when frequency is decision-relevant.
sp_c7293c68b1ac,tally_me60Nl,barrier,barrier map,"barrier map: 19. В какие магазины вы раньше ходили, но перестали?",Use for B2C Choice / food/FMCG when barrier is decision-relevant.
sp_27740c4bd079,tally_me60Nl,barrier,barrier map,"barrier map: 20. Укажите причины, по которым вы перестали в них ходить?",Use for B2C Choice / food/FMCG when barrier is decision-relevant.
sp_db1d12e71214,tally_me60Nl,channel,channel/trust map,channel/trust map: 21. В каком  магазине самые дешевые цены?,Use for B2C Choice / food/FMCG when channel is decision-relevant.
sp_8509ab8e97c4,tally_me60Nl,channel,channel/trust map,channel/trust map: 22. В каком магазине самый широкий выбор товаров?,Use for B2C Choice / food/FMCG when channel is decision-relevant.
sp_fe1ee03057c5,tally_me60Nl,channel,channel/trust map,channel/trust map: 23. В каком магазине ассортимент обновляется чаще всего?,Use for B2C Choice / food/FMCG when channel is decision-relevant.
sp_30a6cb7c4738,tally_me60Nl,channel,channel/trust map,channel/trust map: 24. В каком магазине самое быстрое обслуживание?,Use for B2C Choice / food/FMCG when channel is decision-relevant.
sp_7397a2ee12db,tally_me60Nl,channel,channel/trust map,channel/trust map: 25. В каком магазине легче всего совершить покупку?,Use for B2C Choice / food/FMCG when channel is decision-relevant.
sp_d9cbd22b5554,tally_me60Nl,channel,channel/trust map,"channel/trust map: 26. Какой магазин предоставляет самый необычный уровень сервиса, отличающийся от",Use for B2C Choice / food/FMCG when channel is decision-relevant.
sp_30999761e4a9,tally_w2Go1L,scenario,JTBD map,JTBD map: 5. С какой проблемой или целью вы впервые обратились в фитнес-центр?,Use for B2C Choice / fitness/wellness when scenario is decision-relevant.
sp_afad7b92ee06,tally_w2Go1L,factor,factor hierarchy,factor hierarchy: 10. Что для вас важно при первом посещении фитнес-центра?,Use for B2C Choice / fitness/wellness when factor is decision-relevant.
sp_c79e482e4a56,tally_w2Go1L,factor,factor hierarchy,factor hierarchy: 11. Оцените по шкале от 1 до 5 важность следующих факторов,Use for B2C Choice / fitness/wellness when factor is decision-relevant.
sp_0ba3f31b3afc,tally_w2Go1L,frequency,behavior baseline,behavior baseline: 12. Как часто вы обычно посещаете фитнес-центр?,Use for B2C Choice / fitness/wellness when frequency is decision-relevant.
sp_7d663842b97f,tally_w2Go1L,behavior,behavior baseline,behavior baseline: 13.С кем вы обычно ходите в фитнес-центр?,Use for B2C Choice / fitness/wellness when behavior is decision-relevant.
sp_55fca41dce03,tally_w2Go1L,behavior,behavior baseline,behavior baseline: 17. Как вы обычно ходите на групповые тренировки?,Use for B2C Choice / fitness/wellness when behavior is decision-relevant.
sp_688e699dc482,tally_w2Go1L,frequency,behavior baseline,behavior baseline: 23. Прекращали ли вы тренировки хотя бы на месяц за последние 12 месяцев?,Use for B2C Choice / fitness/wellness when frequency is decision-relevant.
sp_c2e1fc93b894,tally_w2Go1L,awareness,brand funnel,brand funnel: 26. Какие фитнес-клубы Краснодара вы знаете?,Use for B2C Choice / fitness/wellness when awareness is decision-relevant.
sp_6b0c3df72db5,tally_w2Go1L,behavior,behavior baseline,behavior baseline: 28. В какие фитнес-клубы вы ходите?,Use for B2C Choice / fitness/wellness when behavior is decision-relevant.
sp_0f6cb18dd0a8,tally_w2Go1L,awareness,brand funnel,"brand funnel: 29. Самый дешёвый фитнес-центр, который вы знаете?",Use for B2C Choice / fitness/wellness when awareness is decision-relevant.
sp_545e83a2f4dc,tally_w2Go1L,channel,channel/trust map,"channel/trust map: 30. Где, по-вашему, самое разнообразное оборудование?",Use for B2C Choice / fitness/wellness when channel is decision-relevant.
sp_4027b705261a,tally_w2Go1L,channel,channel/trust map,"channel/trust map: 31. Где, по-вашему, самое разнообразное кол-во зон и типов тренировок?",Use for B2C Choice / fitness/wellness when channel is decision-relevant.
sp_2231e095c439,tally_w2Go1L,channel,channel/trust map,channel/trust map: 34.  Где самое гибкое расписание?,Use for B2C Choice / fitness/wellness when channel is decision-relevant.
sp_5c8bcbbf3d0f,tally_w2Go1L,channel,channel/trust map,channel/trust map: 35. Где самая приятная атмосфера?,Use for B2C Choice / fitness/wellness when channel is decision-relevant.
sp_5135029d210a,tally_31dpWg,channel,channel/trust map,"channel/trust map: В каких сервисах/заведениях/магазинах ты привык копить баллы или бонусы, а в как",Use for B2C Choice / loyalty when channel is decision-relevant.
sp_1fe2c382251a,tally_31dpWg,factor,factor hierarchy,factor hierarchy: Оцени по шкале от 1 до 5 важность следующих факторов выбора программы лояльности,Use for B2C Choice / loyalty when factor is decision-relevant.
sp_722d9765db34,tally_31dpWg,factor,factor hierarchy,factor hierarchy: На сколько важна для тебя безопасность личных данных при выборе программы лояльн,Use for B2C Choice / loyalty when factor is decision-relevant.
sp_f8dd32597846,tally_31dpWg,trust,QFD,QFD: Кому ты больше доверяешь хранение личных данных?,Use for B2C Choice / loyalty when trust is decision-relevant.
sp_9f5555925ea3,tally_31dpWg,factor,factor hierarchy,factor hierarchy: Важна ли для тебя благотворительная деятельность платформы для программы лояльно,Use for B2C Choice / loyalty when factor is decision-relevant.
sp_2d5cd7f80807,tally_31dpWg,WTP,price ladder,price ladder: Ты бы хотел иметь возможность тратить бонусы на блатворительность?,Use for B2C Choice / loyalty when WTP is decision-relevant.
sp_53e2a0ea0666,tally_3xMKXJ,behavior,behavior baseline,behavior baseline: 1.3 Какие клиники вы посещаете?,Use for B2C Choice / healthcare when behavior is decision-relevant.
sp_b863f3b532c9,tally_3xMKXJ,behavior,behavior baseline,behavior baseline: 2.2 Каких врачей в частных клиниках вы посещали в течение последнего года?,Use for B2C Choice / healthcare when behavior is decision-relevant.
sp_ef6a2c16e5f5,tally_3xMKXJ,awareness,brand funnel,brand funnel: 2.4 Какие клиники вы знаете? (Перечислить через запятую),Use for B2C Choice / healthcare when awareness is decision-relevant.
sp_da67ff4387ca,tally_3xMKXJ,behavior,behavior baseline,behavior baseline: 2.5 Какие клиники вы посещаете? (Перечислить через запятую),Use for B2C Choice / healthcare when behavior is decision-relevant.
sp_fa019e387fae,tally_3xMKXJ,scenario,JTBD map,"JTBD map: 2.8 Какие переживания или страхи возникают у вас, когда вы обращаетесь в клинику",Use for B2C Choice / healthcare when scenario is decision-relevant.
sp_69826b3935ed,tally_3xMKXJ,behavior,behavior baseline,"behavior baseline: 3.5 Приходите ли вы на прием ко врачу после того, как пройдете курс лечения?",Use for B2C Choice / healthcare when behavior is decision-relevant.
sp_80a77ff2a985,tally_3xMKXJ,factor,factor hierarchy,"factor hierarchy: 5.4 Оцените по 10-бальной шкале, с какой вероятностью вы бы порекомендовали клин",Use for B2C Choice / healthcare when factor is decision-relevant.
sp_093fba00d2cc,tally_wgoNMD,scenario,JTBD map,JTBD map: 5. С какой проблемой или целью вы впервые обратились в фитнес-центр?,Use for B2C Choice / fitness/wellness when scenario is decision-relevant.
sp_2138ea54c95f,tally_wgoNMD,factor,factor hierarchy,factor hierarchy: 10. Что для вас важно при первом посещении фитнес-центра?,Use for B2C Choice / fitness/wellness when factor is decision-relevant.
sp_6c9f8083752d,tally_wgoNMD,factor,factor hierarchy,factor hierarchy: 11. Оцените по шкале от 1 до 5 важность следующих факторов,Use for B2C Choice / fitness/wellness when factor is decision-relevant.
sp_2457fab2cf2f,tally_wgoNMD,frequency,behavior baseline,behavior baseline: 12. Как часто вы обычно посещаете фитнес-центр?,Use for B2C Choice / fitness/wellness when frequency is decision-relevant.
sp_f8fdf4f86f6d,tally_wgoNMD,behavior,behavior baseline,behavior baseline: 13.С кем вы обычно ходите в фитнес-центр?,Use for B2C Choice / fitness/wellness when behavior is decision-relevant.
sp_adbf71c200ff,tally_wgoNMD,behavior,behavior baseline,behavior baseline: 17. Как вы обычно ходите на групповые тренировки?,Use for B2C Choice / fitness/wellness when behavior is decision-relevant.
sp_3772361f67fa,tally_wgoNMD,frequency,behavior baseline,behavior baseline: 23. Прекращали ли вы тренировки хотя бы на месяц за последние 12 месяцев?,Use for B2C Choice / fitness/wellness when frequency is decision-relevant.
sp_aee6dc92fd27,tally_wgoNMD,awareness,brand funnel,brand funnel: 26. Какие фитнес-клубы Краснодара вы знаете?,Use for B2C Choice / fitness/wellness when awareness is decision-relevant.
sp_1e47618dd411,tally_wgoNMD,behavior,behavior baseline,behavior baseline: 28. В какие фитнес-клубы вы ходите?,Use for B2C Choice / fitness/wellness when behavior is decision-relevant.
sp_cfde66f98ccf,tally_wgoNMD,awareness,brand funnel,"brand funnel: 29. Самый дешёвый фитнес-центр, который вы знаете?",Use for B2C Choice / fitness/wellness when awareness is decision-relevant.
sp_492dfab5d9e0,tally_wgoNMD,channel,channel/trust map,"channel/trust map: 30. Где, по-вашему, самое разнообразное оборудование?",Use for B2C Choice / fitness/wellness when channel is decision-relevant.
sp_16f63fffd809,tally_wgoNMD,channel,channel/trust map,"channel/trust map: 31. Где, по-вашему, самое разнообразное кол-во зон и типов тренировок?",Use for B2C Choice / fitness/wellness when channel is decision-relevant.
sp_86a8134cf47d,tally_wgoNMD,channel,channel/trust map,channel/trust map: 34.  Где самое гибкое расписание?,Use for B2C Choice / fitness/wellness when channel is decision-relevant.
sp_2bd9d4a82723,tally_wgoNMD,channel,channel/trust map,channel/trust map: 35. Где самая приятная атмосфера?,Use for B2C Choice / fitness/wellness when channel is decision-relevant.
sp_75311f2a54c6,tally_w46pbO,scenario,JTBD map,JTBD map: В каких ситуациях вы чаще всего покупаете в «Восточке»?,Use for B2C Choice / food/FMCG when scenario is decision-relevant.
sp_8f82fcfd5691,tally_w46pbO,WTP,price ladder,price ladder: Для кого вы обычно покупаете еду в «Восточке»? (несколько ответов),Use for B2C Choice / food/FMCG when WTP is decision-relevant.
sp_b618ce810339,tally_w46pbO,scenario,JTBD map,JTBD map: В какое время суток вы чаще всего покупаете в «Восточке»? (несколько ответов),Use for B2C Choice / food/FMCG when scenario is decision-relevant.
sp_fe3da98c0994,tally_w46pbO,scenario,JTBD map,JTBD map: В какое время вы обычно делаете заказ в «Восточке» и что обычно берете?,Use for B2C Choice / food/FMCG when scenario is decision-relevant.
sp_ec4270b8f220,tally_w46pbO,WTP,price ladder,"price ladder: Если вам нужно будет экономить, насколько легко вы откажитесь от покупок в «Вост",Use for B2C Choice / food/FMCG when WTP is decision-relevant.
sp_b4c186811ee5,tally_w46pbO,WTP,price ladder,price ladder: Сколько у вас обычно выходит на один заказ в «Восточке»?,Use for B2C Choice / food/FMCG when WTP is decision-relevant.
sp_43f4c4ae4277,tally_w46pbO,factor,factor hierarchy,factor hierarchy: Насколько важны для вас следующие факторы при покупке в «Восточке»?  Шкала 1–5: ,Use for B2C Choice / food/FMCG when factor is decision-relevant.
sp_3890bc9b18a8,tally_w46pbO,awareness,brand funnel,brand funnel: Какие другие точки еды/закусочные в Оренбурге вы знаете? (напишите 2-3 варианта),Use for B2C Choice / food/FMCG when awareness is decision-relevant.
sp_f044c8069ffe,tally_w46pbO,scenario,JTBD map,JTBD map: Для каких ситуаций вы предпочитаете другие точки быстрого питания помимо «Восточ,Use for B2C Choice / food/FMCG when scenario is decision-relevant.
sp_7c9d93d89d0e,tally_w46pbO,frequency,behavior baseline,behavior baseline: За последние 3 месяца сталкивались ли вы с проблемами при покупке в «Восточке»? ,Use for B2C Choice / food/FMCG when frequency is decision-relevant.
sp_96ad97955e4d,tally_w46pbO,WTP,price ladder,price ladder: Каким способом вы обычно оформляете доставку из «Восточки»? (несколько ответов),Use for B2C Choice / food/FMCG when WTP is decision-relevant.
sp_316484090eaa,tally_w46pbO,WTP,price ladder,"price ladder: Если вы заказываете через Яндекс.Доставку, почему, если там может быть дороже? (",Use for B2C Choice / food/FMCG when WTP is decision-relevant.
sp_4049cc393d9b,tally_w46pbO,factor,factor hierarchy,factor hierarchy: Что для вас важнее всего при выборе доставки? (несколько ответов),Use for B2C Choice / food/FMCG when factor is decision-relevant.
sp_eaca2e272896,tally_w46pbO,barrier,barrier map,"barrier map: Если вы оформляете доставку в других местах (не у нас), укажите основные причины",Use for B2C Choice / food/FMCG when barrier is decision-relevant.
sp_122d97af1836,tally_w46pbO,barrier,barrier map,"barrier map: Если вы перестали заказывать доставку из «Восточки», почему? (несколько ответов)",Use for B2C Choice / food/FMCG when barrier is decision-relevant.
sp_cd3a6ffccbba,tally_w46pbO,switching,barrier map,"barrier map: Напишите, какие альтернативные каналы доставки еще знаете? (2-3 сервиса)",Use for B2C Choice / food/FMCG when switching is decision-relevant.
sp_2557a7b4bf55,tally_w46pbO,factor,factor hierarchy,"factor hierarchy: Оцените по 10-балльной шкале, с какой вероятностью вы порекомендуете «Восточку» ",Use for B2C Choice / food/FMCG when factor is decision-relevant.
sp_903fd5da7520,tally_w46pbO,WTP,price ladder,price ladder: Что могло бы сделать вас постоянным клиентом «Восточки»? (несколько ответов),Use for B2C Choice / food/FMCG when WTP is decision-relevant.
sp_4f5e6be3cdba,tally_nrxkLp,frequency,behavior baseline,behavior baseline: Какие из перечисленных категорий товаров вы покупали за последние 12 месяцев?,Use for B2C Choice / food/FMCG when frequency is decision-relevant.
sp_268ecab72caa,tally_nrxkLp,scenario,JTBD map,JTBD map: В каких ситуациях вы чаще всего покупаете пробиотики? (множественный выбор),Use for B2C Choice / food/FMCG when scenario is decision-relevant.
sp_966583167b93,tally_nrxkLp,behavior,behavior baseline,"behavior baseline: Как вы обычно выбираете, какой пробиотик купить?",Use for B2C Choice / food/FMCG when behavior is decision-relevant.
sp_a7d7fb8c279b,tally_nrxkLp,channel,channel/trust map,channel/trust map: Где вы приобретали пробиотики хоть раз?,Use for B2C Choice / food/FMCG when channel is decision-relevant.
sp_a87aef684935,tally_nrxkLp,channel,channel/trust map,channel/trust map: Где вы чаще всего приобретаете пробиотики,Use for B2C Choice / food/FMCG when channel is decision-relevant.
sp_40ae2fd28c78,tally_nrxkLp,channel,channel/trust map,channel/trust map: Как вы обычно выбираете на сайт/площадку/приложение для покупки пробиотиков онла,Use for B2C Choice / food/FMCG when channel is decision-relevant.
sp_fff5eb0918b3,tally_nrxkLp,behavior,behavior baseline,behavior baseline: Почему вы предпочитаете покупать пробиотики в оффлайн (обычной) аптеке?,Use for B2C Choice / food/FMCG when behavior is decision-relevant.
sp_cb0f655e75d0,tally_nrxkLp,channel,channel/trust map,"channel/trust map: Почему вы предпочитаете покупать пробиотики онлайн (сайт, приложение, маркетплей",Use for B2C Choice / food/FMCG when channel is decision-relevant.
sp_b550e6e78f60,tally_nrxkLp,channel,channel/trust map,channel/trust map: Как вы ищете нужный вам пробиотик на сайте/в приложении?,Use for B2C Choice / food/FMCG when channel is decision-relevant.
sp_c455d46a0a1a,tally_nrxkLp,channel,channel/trust map,channel/trust map: Какую информацию вы обычно смотрите на сайте/в приложении аптеки перед покупкой ,Use for B2C Choice / food/FMCG when channel is decision-relevant.
sp_6247aa637a27,tally_nrxkLp,factor,factor hierarchy,factor hierarchy: Насколько важны для вас следующие инструменты и элементы онлайн-аптеки при выбор,Use for B2C Choice / food/FMCG when factor is decision-relevant.
sp_e3c7cf5dc39b,tally_nrxkLp,awareness,brand funnel,brand funnel: Какие бренды пробиотиков вы знаете?,Use for B2C Choice / food/FMCG when awareness is decision-relevant.
sp_70cc68726028,tally_nrxkLp,awareness,brand funnel,brand funnel: Какие из перечисленных брендов вы знаете?,Use for B2C Choice / food/FMCG when awareness is decision-relevant.
sp_38694e9fb142,tally_nrxkLp,frequency,behavior baseline,behavior baseline: Какие бренды вы рассматривали к покупке за последние 12 месяцев?,Use for B2C Choice / food/FMCG when frequency is decision-relevant.
sp_8a0ea10a2c9b,tally_nrxkLp,factor,factor hierarchy,factor hierarchy: Насколько важны для вас факторы при выборе пробиотика?,Use for B2C Choice / food/FMCG when factor is decision-relevant.
sp_e420c86c7a33,tally_nrxkLp,awareness,brand funnel,brand funnel: Слышали ли вы о бренде Бифиформ?,Use for B2C Choice / food/FMCG when awareness is decision-relevant.
sp_b00d820d7b70,tally_nrxkLp,channel,channel/trust map,"channel/trust map: Насколько вы готовы рекомендовать Бифиформ другим? (шкала 0–10, где 0 — точно не",Use for B2C Choice / food/FMCG when channel is decision-relevant.
sp_f6f54f0b9642,tally_nrxkLp,trust,QFD,QFD: Кому вы больше доверяете при выборе пробиотика?,Use for B2C Choice / food/FMCG when trust is decision-relevant.
sp_63cefba469de,tally_nrxkLp,behavior,behavior baseline,behavior baseline: Для кого вы чаще всего покупаете пробиотики?,Use for B2C Choice / food/FMCG when behavior is decision-relevant.
sp_4d01cee29135,tally_mOXMkY,behavior,behavior baseline,"behavior baseline: Введите, пожалуйста, ваш номер телефона",Use for B2C Choice / healthcare when behavior is decision-relevant.
sp_9ea8db9a5d01,tally_mOXMkY,scenario,JTBD map,JTBD map: Какую цель Вы преследовали или преследуете при обращения к косметологическим усл,Use for B2C Choice / healthcare when scenario is decision-relevant.
sp_05fb8ffd4134,tally_mOXMkY,factor,factor hierarchy,"factor hierarchy: Насколько для Вас важна проблема борьбы с проблемной кожей (акне, угревая сыпь)?",Use for B2C Choice / healthcare when factor is decision-relevant.
sp_086f936ce28c,tally_mOXMkY,factor,factor hierarchy,"factor hierarchy: Насколько для Вас важна проблема устранения последствия родов (растяжки, пигмент",Use for B2C Choice / healthcare when factor is decision-relevant.
sp_a69026ae30c1,tally_mOXMkY,frequency,behavior baseline,behavior baseline: Как часто Вы посещаете косметологические процедуры?,Use for B2C Choice / healthcare when frequency is decision-relevant.
sp_2024b73d5fca,tally_mOXMkY,WTP,price ladder,price ladder: Сколько в среднем в месяц вы тратите на косметологические процедуры?,Use for B2C Choice / healthcare when WTP is decision-relevant.
sp_e2c7bb253328,tally_mOXMkY,scenario,JTBD map,JTBD map: С какой целью вы обычно приходите на косметологические процедуры?,Use for B2C Choice / healthcare when scenario is decision-relevant.
sp_ed19b9369207,tally_mOXMkY,barrier,barrier map,"barrier map: Были ли косметологические клиники, которые вы перестали посещать?",Use for B2C Choice / healthcare when barrier is decision-relevant.
sp_b369236916ca,tally_mOXMkY,barrier,barrier map,barrier map: Почему вы перестали посещать эти клиники?,Use for B2C Choice / healthcare when barrier is decision-relevant.
sp_17d2be01ea5a,tally_mOXMkY,factor,factor hierarchy,"factor hierarchy: Какие факторы Вам важны при выборе клиники? (Оцените от 1 до 5, где 1 - неважно ",Use for B2C Choice / healthcare when factor is decision-relevant.
sp_76b427513462,tally_mOXMkY,awareness,brand funnel,"brand funnel: Слышали ли Вы о клинике ""Доктор Борменталь""?",Use for B2C Choice / healthcare when awareness is decision-relevant.
sp_317f03b83f71,tally_nrOG9R,behavior,behavior baseline,behavior baseline: 1.3 Какие клиники вы посещаете?,Use for B2C Choice / healthcare when behavior is decision-relevant.
sp_0193bdd63230,tally_nrOG9R,frequency,behavior baseline,behavior baseline: 1.4 Как часто Вы посещаете клиники клиники?,Use for B2C Choice / healthcare when frequency is decision-relevant.
sp_dd83ecc1d08e,tally_nrOG9R,WTP,price ladder,price ladder: 1.5 Через сколько после возникновения симптомов Вы обычно обращаетесь к врачу?,Use for B2C Choice / healthcare when WTP is decision-relevant.
sp_578f085b773d,tally_nrOG9R,behavior,behavior baseline,behavior baseline: 2.2 Каких врачей в частных клиниках вы посещали в течение последнего года?,Use for B2C Choice / healthcare when behavior is decision-relevant.
sp_4b17c055c612,tally_nrOG9R,awareness,brand funnel,brand funnel: 2.4 Какие клиники вы знаете? (Перечислить через запятую),Use for B2C Choice / healthcare when awareness is decision-relevant.
sp_859e16bef73e,tally_nrOG9R,behavior,behavior baseline,behavior baseline: 2.5 Какие клиники вы посещаете? (Перечислить через запятую),Use for B2C Choice / healthcare when behavior is decision-relevant.
sp_4361b0f218ba,tally_nrOG9R,scenario,JTBD map,"JTBD map: 2.8 Какие переживания или страхи возникают у вас, когда вы обращаетесь в клинику",Use for B2C Choice / healthcare when scenario is decision-relevant.
sp_ca1930843605,tally_nrOG9R,behavior,behavior baseline,"behavior baseline: 3.5 Приходите ли вы на прием ко врачу после того, как пройдете курс лечения?",Use for B2C Choice / healthcare when behavior is decision-relevant.
sp_2aa65b4f99af,tally_w2Q0b9,scenario,JTBD map,"JTBD map: 4. Что послужило мотивом, когда вы обратились за профессиональной помощью специа",Use for B2C Choice / healthcare when scenario is decision-relevant.
sp_404cb9ce7c9f,tally_w2Q0b9,barrier,barrier map,barrier map: 5. По какой причине вы чаще всего посещаете клинику?,Use for B2C Choice / healthcare when barrier is decision-relevant.
sp_6baf4357f8e3,tally_w2Q0b9,behavior,behavior baseline,behavior baseline: 6. Каким образом вы чаще всего приходите к пониманию необходимости посетить врач,Use for B2C Choice / healthcare when behavior is decision-relevant.
sp_db2d92eb35f1,tally_w2Q0b9,scenario,JTBD map,"JTBD map: 8. Когда вы столкнулись с вопросом или проблемой со здоровьем, то в каких источн",Use for B2C Choice / healthcare when scenario is decision-relevant.
sp_2de05b67fcb1,tally_w2Q0b9,factor,factor hierarchy,factor hierarchy: 9. Считаете ли вы важным проходить комплексные программы лечения?,Use for B2C Choice / healthcare when factor is decision-relevant.
sp_284b39794600,tally_w2Q0b9,factor,factor hierarchy,"factor hierarchy: 10. Оцените от 1 до 5 важность факторов выбора клиники, где 1 – это незначимый ф",Use for B2C Choice / healthcare when factor is decision-relevant.
sp_d4e47698e70b,tally_w2Q0b9,switching,barrier map,barrier map: 11. Какие клиники вы посещаете (государственные/частные/альтернативная медицина),Use for B2C Choice / healthcare when switching is decision-relevant.
sp_2a424211e7a8,tally_w2Q0b9,barrier,barrier map,barrier map: 11.1. По какой причине вы выбираете именно частные клиники?,Use for B2C Choice / healthcare when barrier is decision-relevant.
sp_32244288eec2,tally_w2Q0b9,barrier,barrier map,barrier map: 11.2. По какой причине вы выбираете именно государственные клиники?,Use for B2C Choice / healthcare when barrier is decision-relevant.
sp_2fbc3fb58eb9,tally_w2Q0b9,scenario,JTBD map,"JTBD map: 15. Какие переживания или страхи возникают у вас, когда Вы обращаетесь в частную",Use for B2C Choice / healthcare when scenario is decision-relevant.
sp_f512485e65e3,tally_w2Q0b9,trust,QFD,QFD: 23. Какие клиники по неврологии и реабилитации имеет лучший сервис и качество об,Use for B2C Choice / healthcare when trust is decision-relevant.
sp_d0288e4518ae,tally_w2Q0b9,awareness,brand funnel,brand funnel: 26. Какие клиники по неврологии и реабилитации Вы знаете?,Use for B2C Choice / healthcare when awareness is decision-relevant.
sp_db5e0ce572eb,tally_w2Q0b9,behavior,behavior baseline,behavior baseline: 27. Какие клиники по неврологии и реабилитации Вы посещаете?,Use for B2C Choice / healthcare when behavior is decision-relevant.
sp_327142f3d5e5,tally_3EdEXq,scenario,JTBD map,JTBD map: 1. Брали ли вы когда нибудь займ/кредит?,Use for B2C Choice / finance when scenario is decision-relevant.
sp_cc25e2560d65,tally_3EdEXq,frequency,behavior baseline,behavior baseline: Как часто вы берете займ/кредит?,Use for B2C Choice / finance when frequency is decision-relevant.
sp_244794468427,tally_3EdEXq,WTP,price ladder,price ladder: 3. На какую сумму вы брали или чаще всего берете займ/кредит ?,Use for B2C Choice / finance when WTP is decision-relevant.
sp_7868d3d2d60d,tally_3EdEXq,scenario,JTBD map,JTBD map: 4. Для каких целей вам требовались заемные средства?,Use for B2C Choice / finance when scenario is decision-relevant.
sp_239d3aa6fdab,tally_3EdEXq,behavior,behavior baseline,behavior baseline: 6. Как много кредитов/займов вы оформляли одновременно?,Use for B2C Choice / finance when behavior is decision-relevant.
sp_e168888b6199,tally_3EdEXq,scenario,JTBD map,"JTBD map: 8. Если да, то возникали ли ситуации, когда по какой-то причине вы не могли сдел",Use for B2C Choice / finance when scenario is decision-relevant.
sp_8ea72e2357ac,tally_3EdEXq,channel,channel/trust map,channel/trust map: Наличие мобильного приложения,Use for B2C Choice / finance when channel is decision-relevant.
sp_7657b1c6cb38,tally_3EdEXq,awareness,brand funnel,brand funnel: 10. Какие кредитные организации вы знаете?,Use for B2C Choice / finance when awareness is decision-relevant.
sp_50c41119d80e,tally_3EdEXq,trust,QFD,QFD: 14. К какой кредитной организации вы доверяете больше остальных?,Use for B2C Choice / finance when trust is decision-relevant.
sp_77ecf81a75e2,tally_3EdEXq,channel,channel/trust map,"channel/trust map: 21. Подскажите пожалуйста, через какие источники вы узнаете об услугах кредитной",Use for B2C Choice / finance when channel is decision-relevant.
sp_9453f83e407e,tally_3EdEXq,factor,factor hierarchy,factor hierarchy: Какие факторы могли бы сподвигнуть вас отказаться от услуг СКК?,Use for B2C Choice / finance when factor is decision-relevant.
sp_90926164769b,tally_w4jl05,behavior,behavior baseline,behavior baseline: Введите номер анкеты для идентификации,Use for Internal Employee / HR/EVP when behavior is decision-relevant.
sp_555b2d806c53,tally_w4jl05,scenario,JTBD map,JTBD map: 3. С какими проблемами/ситуациями из перечисленных далее Вы сталкивались за посл,Use for Internal Employee / HR/EVP when scenario is decision-relevant.
sp_ce6bdca626c3,tally_w4jl05,WTP,price ladder,price ladder: 5. Сколько вы обычно в среднем тратите на поход в спа/баню и другие оздоровитель,Use for Internal Employee / HR/EVP when WTP is decision-relevant.
sp_c1f2259136cb,tally_w4jl05,scenario,JTBD map,JTBD map: 6. Как вы обычно ищете пути решения указанных выше ситуаций/проблем?,Use for Internal Employee / HR/EVP when scenario is decision-relevant.
sp_5f599482f175,tally_w4jl05,behavior,behavior baseline,"behavior baseline: 7. Как давно Вы посещали центры отдыха и оздоровления, в которых хотя бы одна из",Use for Internal Employee / HR/EVP when behavior is decision-relevant.
sp_cae70ad30d08,tally_w4jl05,behavior,behavior baseline,behavior baseline: 8. С кем вы обычно посещаете центры отдыха и оздоровления?,Use for Internal Employee / HR/EVP when behavior is decision-relevant.
sp_1a812b90efbc,tally_w4jl05,frequency,behavior baseline,"behavior baseline: 10. Как часто вы обычно посещаете центры отдыха и оздоровления (спа, бани, термо",Use for Internal Employee / HR/EVP when frequency is decision-relevant.
sp_3696d0e9bc87,tally_w4jl05,behavior,behavior baseline,behavior baseline: 11. В какой период  вы обычно посещаете или могли бы посещать процедуры и заняти,Use for Internal Employee / HR/EVP when behavior is decision-relevant.
sp_8275a3657177,tally_w4jl05,factor,factor hierarchy,"factor hierarchy: 12. Оцените от 1 до 5 важность факторов выбора центра отдыха и оздоровления, где",Use for Internal Employee / HR/EVP when factor is decision-relevant.
sp_e09a966794d7,tally_w4jl05,awareness,brand funnel,brand funnel: 13. Какие места для отдыха и оздоровления вы знаете?,Use for Internal Employee / HR/EVP when awareness is decision-relevant.
sp_a9b9325c13dd,tally_w4jl05,behavior,behavior baseline,"behavior baseline: 14. Назовите места, которые вы уже хотя бы раз посещали, чтобы отдохнуть и восст",Use for Internal Employee / HR/EVP when behavior is decision-relevant.
sp_fb1548a36227,tally_w4jl05,WTP,price ladder,price ladder: 16. Какие из существующих вариантов являются наиболее доступным по стоимости? (П,Use for Internal Employee / HR/EVP when WTP is decision-relevant.
sp_296aed43af2a,tally_w4jl05,channel,channel/trust map,"channel/trust map: 17. Визит, в каком центр отдыха и оздоровления Вы можете описать как самый запом",Use for Internal Employee / HR/EVP when channel is decision-relevant.
sp_2c425180ccf1,tally_w4jl05,scenario,JTBD map,"JTBD map: 23. Скажите, почему никогда не посещали Green Flow? И хотели бы посетить?",Use for Internal Employee / HR/EVP when scenario is decision-relevant.
sp_91aa566b7805,tally_w4jl05,factor,factor hierarchy,factor hierarchy: 24. Оцените от 1 до 5 важность наличия одной из зоны для вас при выборе места дл,Use for Internal Employee / HR/EVP when factor is decision-relevant.
sp_baa718bcd3f1,tally_w4jl05,factor,factor hierarchy,factor hierarchy: Возможно для вас есть другие важные зоны? Укажите,Use for Internal Employee / HR/EVP when factor is decision-relevant.
sp_e40e2a974314,tally_meaMNl,behavior,behavior baseline,behavior baseline: 1. Посещаете ли Вы IT-Конференции?,Use for Event Conference / event/conference when behavior is decision-relevant.
sp_5a8afe3e3c41,tally_meaMNl,barrier,barrier map,barrier map: 2. Почему вы не посещаете IT-Конференции?,Use for Event Conference / event/conference when barrier is decision-relevant.
sp_37c14c62ffa2,tally_meaMNl,frequency,behavior baseline,behavior baseline: 5. Как часто Вы посещаете мероприятия?,Use for Event Conference / event/conference when frequency is decision-relevant.
sp_3c1a4742bdfe,tally_meaMNl,scenario,JTBD map,JTBD map: 6. Для каких целей Вы посещаете конференции?,Use for Event Conference / event/conference when scenario is decision-relevant.
sp_82e6688ac00b,tally_meaMNl,behavior,behavior baseline,"behavior baseline: 8. Чего вам не хватило на тех конференциях, которые Вы посещали последние 2-3 го",Use for Event Conference / event/conference when behavior is decision-relevant.
sp_2dd8dcd57725,tally_meaMNl,consideration,brand funnel,brand funnel: 9. Какую максимальную цену офлайн+онлайн билета на мероприятие Вы рассматриваете,Use for Event Conference / event/conference when consideration is decision-relevant.
sp_d043b37c02cd,tally_meaMNl,consideration,brand funnel,brand funnel: 10. Какую максимальную цену билета на онлайн-мероприятие Вы рассматриваете для с,Use for Event Conference / event/conference when consideration is decision-relevant.
sp_2958bb5064f3,tally_meaMNl,factor,factor hierarchy,factor hierarchy: 12. Какие факторы для Вас наиболее важны при посещении онлайн мероприятий? (Оцен,Use for Event Conference / event/conference when factor is decision-relevant.
sp_6195cb375589,tally_meaMNl,factor,factor hierarchy,factor hierarchy: 13. Какие факторы для Вас наиболее важны при посещении офлайн мероприятий? (Оцен,Use for Event Conference / event/conference when factor is decision-relevant.
sp_d0c2d11c3460,tally_meaMNl,channel,channel/trust map,channel/trust map: 14. Через какие каналы Вы узнаете о конференции?,Use for Event Conference / event/conference when channel is decision-relevant.
sp_92ec699e40dc,tally_meaMNl,awareness,brand funnel,brand funnel: 15. Каких из нижеперечисленных организаторов конференций Вы знаете?,Use for Event Conference / event/conference when awareness is decision-relevant.
sp_a4f531bc59dc,tally_meaMNl,frequency,behavior baseline,behavior baseline: 18. Мероприятия каких организаторов конференций Вы посещаете регулярно?,Use for Event Conference / event/conference when frequency is decision-relevant.
sp_2e9d704ef993,tally_meaMNl,barrier,barrier map,"barrier map: 19. Мероприятия каких организаторов конференций Вы посещали, но перестали?",Use for Event Conference / event/conference when barrier is decision-relevant.
sp_5e1948b933cc,tally_meaMNl,awareness,brand funnel,brand funnel: 20. Какие из нижеперечисленных конференций Вы знаете?,Use for Event Conference / event/conference when awareness is decision-relevant.
sp_0d59cd0f9ffd,tally_meaMNl,behavior,behavior baseline,behavior baseline: 21. Какие из нижеперечисленных конференции Вы посещали хотя бы раз?,Use for Event Conference / event/conference when behavior is decision-relevant.
sp_94a4004b6810,tally_meaMNl,frequency,behavior baseline,behavior baseline: 23. Какие из нижеперечисленных конференций Вы посещаете регулярно?,Use for Event Conference / event/conference when frequency is decision-relevant.
sp_969056a378ba,tally_meaMNl,barrier,barrier map,"barrier map: 24. Какие из нижеперечисленных конференций Вы посещали, но перестали?",Use for Event Conference / event/conference when barrier is decision-relevant.
sp_88ac179d82fb,tally_meaMNl,barrier,barrier map,"barrier map: 25. Укажите причину, по которой Вы перестали посещать выбранные конференции",Use for Event Conference / event/conference when barrier is decision-relevant.
sp_e67ee146e8eb,tally_3j1bra,behavior,behavior baseline,behavior baseline: 5. Покупаете ли вы обычно губки для дома?,Use for B2C Choice / home/electronics when behavior is decision-relevant.
sp_bc347fa7a055,tally_3j1bra,frequency,behavior baseline,behavior baseline: 6. Как часто покупаете губки?,Use for B2C Choice / home/electronics when frequency is decision-relevant.
sp_3b59558d8ba1,tally_3j1bra,switching,barrier map,barrier map: 7. Что является для вас мотивом замены или покупки губки?,Use for B2C Choice / home/electronics when switching is decision-relevant.
sp_82e0cc5afd2e,tally_3j1bra,WTP,price ladder,price ladder: 8. Сколько упаковок губок обычно покупаете за один раз?,Use for B2C Choice / home/electronics when WTP is decision-relevant.
sp_8912b44ec2b7,tally_3j1bra,scenario,JTBD map,"JTBD map: 10. Когда вы покупаете губки, вы обращаете внимание на бренд-производителя?",Use for B2C Choice / home/electronics when scenario is decision-relevant.
sp_09bb57e01cca,tally_3j1bra,awareness,brand funnel,brand funnel: 11. Какие из перечисленных брендов губок вы знаете?,Use for B2C Choice / home/electronics when awareness is decision-relevant.
sp_8a192994cbb8,tally_3j1bra,factor,factor hierarchy,"factor hierarchy: 15. Оцените важность следующих факторов при покупке(1 - не знаю, не думал об это",Use for B2C Choice / home/electronics when factor is decision-relevant.
sp_01d51fd68a69,tally_3j1bra,behavior,behavior baseline,behavior baseline: 18. Какие типы губок вы покупаете чаще всего?,Use for B2C Choice / home/electronics when behavior is decision-relevant.
sp_ca581ccf5563,tally_3j1bra,behavior,behavior baseline,behavior baseline: 20. В каком диапазоне цены вы обычно покупаете упаковку из 2 губок?,Use for B2C Choice / home/electronics when behavior is decision-relevant.
sp_0c22f67ddd24,tally_3j1bra,behavior,behavior baseline,behavior baseline: 21. В каком диапазоне цены вы обычно покупаете упаковку из 3 губок?,Use for B2C Choice / home/electronics when behavior is decision-relevant.
sp_6559d178f035,tally_3j1bra,behavior,behavior baseline,behavior baseline: 22. В каком диапазоне цены вы обычно покупаете упаковку из 5-6 губок?,Use for B2C Choice / home/electronics when behavior is decision-relevant.
sp_2df861fb72a1,tally_3j1bra,behavior,behavior baseline,behavior baseline: 23. В каком диапазоне цены вы обычно покупаете упаковку из 10 губок?,Use for B2C Choice / home/electronics when behavior is decision-relevant.
sp_3006a626abba,tally_3j1bra,channel,channel/trust map,channel/trust map: 24. Где вы чаще всего покупаете губки?,Use for B2C Choice / home/electronics when channel is decision-relevant.
sp_3a19d6e30755,tally_3j1bra,behavior,behavior baseline,behavior baseline: 25. В каком супермаркете/гипермаркете вы покупаете губки?,Use for B2C Choice / home/electronics when behavior is decision-relevant.
sp_991091dbdc02,tally_3j1bra,channel,channel/trust map,channel/trust map: 26. В каком интернет-магазине/маркетплейсе вы покупаете губки?,Use for B2C Choice / home/electronics when channel is decision-relevant.
sp_18384eefa2f1,tally_3j1bra,channel,channel/trust map,channel/trust map: 27. В каком хоз. магазине вы покупаете губки?,Use for B2C Choice / home/electronics when channel is decision-relevant.
sp_9eceb7612e7c,tally_3j1bra,frequency,behavior baseline,behavior baseline: 28. Как часто вы заказываете онлайн губки?,Use for B2C Choice / home/electronics when frequency is decision-relevant.
sp_e99fc4b36eb3,tally_3j1bra,channel,channel/trust map,channel/trust map: 29. Что вам нравится в покупке губок через маркетплейсы?,Use for B2C Choice / home/electronics when channel is decision-relevant.
sp_585602232798,tally_3j1bra,channel,channel/trust map,channel/trust map: 30. Что вам не нравится в покупке губок через маркетплейсы?,Use for B2C Choice / home/electronics when channel is decision-relevant.
sp_9d147b6b7f9f,tally_mYZDvN,factor,factor hierarchy,"factor hierarchy: 1.8 Пожалуйста, оцените насколько важны для Вас следующие факторы при выборе раб",Use for Internal Employee / HR/EVP when factor is decision-relevant.
sp_805627d666bb,tally_mYZDvN,factor,factor hierarchy,"factor hierarchy: 1.9 Пожалуйста, оцените насколько эти факторы реализованы в компании «Альтернати",Use for Internal Employee / HR/EVP when factor is decision-relevant.
sp_c7bd9ebc9873,tally_mYZDvN,switching,barrier map,barrier map: 2.1 Насколько Вы согласны с представленными ниже утверждениями об уровне ответст,Use for Internal Employee / HR/EVP when switching is decision-relevant.
sp_632bbb99e1cc,tally_mYZDvN,switching,barrier map,barrier map: 2.2 Насколько Вы согласны с представленными ниже утверждениями о понимании сотру,Use for Internal Employee / HR/EVP when switching is decision-relevant.
sp_3f62c572bd8b,tally_mYZDvN,switching,barrier map,barrier map: 2.3  Насколько Вы согласны с представленными ниже утверждениями об уровне коорди,Use for Internal Employee / HR/EVP when switching is decision-relevant.
sp_0b7356411b50,tally_mYZDvN,switching,barrier map,barrier map: 2.4 Насколько Вы согласны с представленными ниже утверждениями об уровне ориента,Use for Internal Employee / HR/EVP when switching is decision-relevant.
sp_8a35e072a383,tally_mYZDvN,switching,barrier map,barrier map: 2.5 Насколько Вы согласны с представленными ниже утверждениями о характере руков,Use for Internal Employee / HR/EVP when switching is decision-relevant.
sp_10b76e7539b6,tally_mYZDvN,switching,barrier map,barrier map: 2.6 Насколько Вы согласны с представленными ниже утверждениями об отношении к ин,Use for Internal Employee / HR/EVP when switching is decision-relevant.
sp_c5aa52eba792,tally_mYZDvN,switching,barrier map,barrier map: 2.7 Насколько Вы согласны с представленными ниже утверждениями о корпоративных н,Use for Internal Employee / HR/EVP when switching is decision-relevant.
sp_4659810f0d86,tally_mYZDvN,switching,barrier map,barrier map: 2.8 Насколько Вы согласны с представленными ниже утверждениями о рабочей среде и,Use for Internal Employee / HR/EVP when switching is decision-relevant.
sp_3a6cf5af0981,tally_mYZDvN,factor,factor hierarchy,factor hierarchy: 2.9 Оцените степень Вашего согласия с представленными ниже утверждениями о систе,Use for Internal Employee / HR/EVP when factor is decision-relevant.
sp_56d773bf68f6,tally_mYZDvN,scenario,JTBD map,"JTBD map: 3.1 В компании «Альтернатива» решения принимаются всегда по всем известным, обще",Use for Internal Employee / HR/EVP when scenario is decision-relevant.
sp_871cc77e026a,tally_mYZDvN,switching,barrier map,barrier map: 3.3 В компании «Альтернатива» сотрудники сконцентрированы в работе на здесь и се,Use for Internal Employee / HR/EVP when switching is decision-relevant.
sp_a5c0d07b4365,tally_mYZDvN,switching,barrier map,barrier map: 3.4 В компании «Альтернатива» принята короткая ИЛИ длинная дистанция между руков,Use for Internal Employee / HR/EVP when switching is decision-relevant.
sp_87cbbd1df8f7,tally_mYZDvN,switching,barrier map,barrier map: 3.5 Сотрудники компании «Альтернатива» действуют автономно ИЛИ ориентированы на ,Use for Internal Employee / HR/EVP when switching is decision-relevant.
sp_273499c248f0,tally_mYZDvN,switching,barrier map,barrier map: 3.6 С какими ассоциациями о компании «Альтернатива» как о работодателе Вы сталки,Use for Internal Employee / HR/EVP when switching is decision-relevant.
sp_277f00302d22,tally_mYZDvN,factor,factor hierarchy,"factor hierarchy: 3.7 Пожалуйста, оцените насколько важны для Вас следующие ценности при выборе ра",Use for Internal Employee / HR/EVP when factor is decision-relevant.
sp_62ea1af6e625,tally_mYZDvN,factor,factor hierarchy,factor hierarchy: 3.8 Оцените насколько эти ценности проявлены в компании «Альтернатива» представл,Use for Internal Employee / HR/EVP when factor is decision-relevant.
sp_218e79af085f,tally_mYZDvN,factor,factor hierarchy,"factor hierarchy: 3. 9 Оцените представленные ниже факторы по шкале от 1 до 5, где:",Use for Internal Employee / HR/EVP when factor is decision-relevant.
sp_76446404e0f7,tally_mYZDvN,factor,factor hierarchy,"factor hierarchy: Оцените, пожалуйста, по шкале от 1 до 10, насколько вы готовы рекомендовать нашу",Use for Internal Employee / HR/EVP when factor is decision-relevant.
sp_da8147079aa5,tally_3XDlbe,frequency,behavior baseline,behavior baseline: Как часто покупали лотерейные билеты (Лотерея чиптасини канчалик куп оласиз?),Use for Event Conference / event/conference when frequency is decision-relevant.
sp_80e4a1788dd7,tally_3XDlbe,scenario,JTBD map,JTBD map: Когда в последний раз покупали лотерейные билеты? (Охирги марта качон лотерея уй,Use for Event Conference / event/conference when scenario is decision-relevant.
sp_934638c079dd,tally_3XDlbe,channel,channel/trust map,"channel/trust map: Где вы покупали билет для участия в розыгрыше лотереи? (Лотереяда катнашиш учун,",Use for Event Conference / event/conference when channel is decision-relevant.
sp_085a5f215c12,tally_3XDlbe,WTP,price ladder,"price ladder: На что вы потратили выигрыш в лотереи? (Лотерея ютсез, нимага ишлатган булардиз?",Use for Event Conference / event/conference when WTP is decision-relevant.
sp_10e4eb309b1a,tally_3XDlbe,WTP,price ladder,price ladder: Сколько процентов от зарплаты вы готовы тратить на покупку лотерейных билетов в ,Use for Event Conference / event/conference when WTP is decision-relevant.
sp_f741e5f1c860,tally_3XDlbe,barrier,barrier map,"barrier map: Какая сумма выигрыша заставила бы вас отказаться от лотереи? (Канча пул ютсез, л",Use for Event Conference / event/conference when barrier is decision-relevant.
sp_5b76e5209f18,tally_3XDlbe,awareness,brand funnel,"brand funnel: Подскажите, какие лотереи вы знаете? (кайси лотереяларни сиз биласиз)",Use for Event Conference / event/conference when awareness is decision-relevant.
sp_2f6ba8537be9,tally_3XDlbe,trust,QFD,QFD: Каким источникам информации вы доверяете? (сиз малумот олишенгиз учун кайси манб,Use for Event Conference / event/conference when trust is decision-relevant.
sp_5590840805a5,tally_3XDlbe,factor,factor hierarchy,"factor hierarchy: Оцените от 1 до 5 важность факторов выбора лотереи, где 1 – это не значимый факт",Use for Event Conference / event/conference when factor is decision-relevant.
sp_e4d02c1512ba,tally_3XDlbe,factor,factor hierarchy,"factor hierarchy: Важна ли вам анонимность при покупки билетов? (Билет олайотганингизда, шахсингиз",Use for Event Conference / event/conference when factor is decision-relevant.
sp_8b039d87fe8c,tally_3XDlbe,factor,factor hierarchy,factor hierarchy: Важно ли для вас наличие физического билета? (Сизга когоз лотерея булиши мухимми,Use for Event Conference / event/conference when factor is decision-relevant.
sp_e2262b590b96,tally_3XDlbe,behavior,behavior baseline,behavior baseline: Как вам удобнее покупать лотерейные билеты? (Лотерея чиптасини олиш кандай кулай,Use for Event Conference / event/conference when behavior is decision-relevant.
sp_11019d8a9851,tally_3XDlbe,WTP,price ladder,price ladder: Какую сумму единоразового выигрыша вы хотели бы? (Бир марталик ютукни канча яхши,Use for Event Conference / event/conference when WTP is decision-relevant.
sp_ee37156d84fb,tally_3XDlbe,WTP,price ladder,"price ladder: Сколько попыток вы готовы сделать для выигрыша джекпота? (Джекпот чикиши учун, н",Use for Event Conference / event/conference when WTP is decision-relevant.
sp_6315276944a2,tally_3XDlbe,WTP,price ladder,"price ladder: Сколько билетов готовы купить за один раз? (Бир мартада, нечта лотерея чиптасини",Use for Event Conference / event/conference when WTP is decision-relevant.
sp_d93d37f0feec,tally_3XDlbe,WTP,price ladder,price ladder: Сколько готовы заплатить за один лотерейный билет? (Лотерея чиптасига канча пул ,Use for Event Conference / event/conference when WTP is decision-relevant.
sp_83564df8f11c,tally_3XDlbe,WTP,price ladder,"price ladder: Как вы думаете, на сколько игра в лотерею противоречит религиозным убеждениям? (",Use for Event Conference / event/conference when WTP is decision-relevant.
sp_ab067bc35de0,tally_3XDlbe,behavior,behavior baseline,"behavior baseline: Будете ли вы покупать лотерейные билеты, если часть денег будет уходить в благот",Use for Event Conference / event/conference when behavior is decision-relevant.
sp_767aadd5f73b,tally_3XDlbe,barrier,barrier map,barrier map: Какая сумма выигрыша заставила бы вас отказаться от альтернативных способов зара,Use for Event Conference / event/conference when barrier is decision-relevant.
sp_d51005c57df1,tally_3XDlbe,WTP,price ladder,"price ladder: На что потратили бы выигрыш? (Лотерея ютсез, нимага ишлатган булардиз?)",Use for Event Conference / event/conference when WTP is decision-relevant.
sp_606cba6de506,tally_nP6Jkx,WTP,price ladder,"price ladder: Укажите, пожалуйста, источник личных трат",Use for B2C Choice / finance when WTP is decision-relevant.
sp_c54b74360e46,tally_nP6Jkx,channel,channel/trust map,channel/trust map: У каких банков лучшее мобильное приложение по функционалу и удобству интерфейса?,Use for B2C Choice / finance when channel is decision-relevant.
sp_e6acbb7fc1b6,tally_nP6Jkx,scenario,JTBD map,JTBD map: Когда перед вами стоит задача сделать перевод вы скорее,Use for B2C Choice / finance when scenario is decision-relevant.
sp_b97c0756cde3,tally_nP6Jkx,channel,channel/trust map,"channel/trust map: Готовы ли вы сменить банк, ради возможности делать валютные переводы через прило",Use for B2C Choice / finance when channel is decision-relevant.
sp_6d29fc1488eb,tally_nP6Jkx,WTP,price ladder,price ladder: Сколько у вас кредитных карт?,Use for B2C Choice / finance when WTP is decision-relevant.
sp_8193697eb97a,tally_nP6Jkx,WTP,price ladder,"price ladder: Между тем, чтобы открыть кредитную карту в банке (не потребительский кредит, а и",Use for B2C Choice / finance when WTP is decision-relevant.
sp_2c1bd9a168e6,tally_nP6Jkx,scenario,JTBD map,JTBD map: Для каких задач вы брали займ в МФО (микрокредитной организации)?,Use for B2C Choice / finance when scenario is decision-relevant.
sp_cacdfdfbf0fc,tally_nP6Jkx,channel,channel/trust map,channel/trust map: Было бы вам интересно иметь возможность взять рассрочку в приложении вашего банк,Use for B2C Choice / finance when channel is decision-relevant.
sp_dada6112f4b1,tally_nP6Jkx,scenario,JTBD map,JTBD map: В каком сценарии вы прибегаете к рассрочкам:,Use for B2C Choice / finance when scenario is decision-relevant.
sp_01d7a5eef907,tally_nP6Jkx,behavior,behavior baseline,"behavior baseline: Кредитку оформляли в то же банке, что и дебетовую карту или специально пошли на ",Use for B2C Choice / finance when behavior is decision-relevant.
sp_40617d216ebe,tally_nP6Jkx,WTP,price ladder,price ladder: Сколько у вас вкладов,Use for B2C Choice / finance when WTP is decision-relevant.
sp_dbf8ee2f3a2a,tally_nP6Jkx,scenario,JTBD map,JTBD map: С какой целью вы открывали вклады?,Use for B2C Choice / finance when scenario is decision-relevant.
sp_e4b6f90cf18f,tally_nP6Jkx,channel,channel/trust map,channel/trust map: Осуществляете ли вы инвестиционную деятельность через приложение вашего банка?,Use for B2C Choice / finance when channel is decision-relevant.
sp_12f9d4c36a89,tally_nP6Jkx,channel,channel/trust map,channel/trust map: Интересует ли вас инвестиционная деятельность внутри приложения банка?,Use for B2C Choice / finance when channel is decision-relevant.
sp_499fe8716774,tally_nP6Jkx,channel,channel/trust map,channel/trust map: Было бы вам интересно оформлять страхование прямо внутри приложения банка?,Use for B2C Choice / finance when channel is decision-relevant.
sp_7c8a7a8b21b6,tally_nP6Jkx,channel,channel/trust map,channel/trust map: Оформлена ли у Вас подписка в приложении банка?,Use for B2C Choice / finance when channel is decision-relevant.
sp_3306213897f3,tally_nP6Jkx,factor,factor hierarchy,"factor hierarchy: Оцените от 1 до 5 важность факторов выбора Х, где 1 – это незначимый фактор, а 5",Use for B2C Choice / finance when factor is decision-relevant.
sp_498f6eb5b99b,tally_nP6Jkx,awareness,brand funnel,brand funnel: Какие Банки вы знаете?,Use for B2C Choice / finance when awareness is decision-relevant.
sp_a1206185f92a,tally_nP6Jkx,WTP,price ladder,"price ladder: Какие банки, на ваш взгляд, предоставляют услуги по доступным ценам?",Use for B2C Choice / finance when WTP is decision-relevant.
sp_f071cf5b934b,tally_nP6Jkx,frequency,behavior baseline,"behavior baseline: Как часто в месяц Вы обращаетесь к поддержке банка для того, чтобы обсудить/зада",Use for B2C Choice / finance when frequency is decision-relevant.
sp_a1fa41622443,tally_wADybN,scenario,JTBD map,"JTBD map: 6. В компании решения принимаются всегда по всем известным, общепринятым правила",Use for Internal Employee / HR/EVP when scenario is decision-relevant.
sp_8732dc490af0,tally_wADybN,behavior,behavior baseline,behavior baseline: 2. Инновации и приобретение знаний,Use for Internal Employee / HR/EVP when behavior is decision-relevant.
sp_755bc6be8a8a,tally_wADybN,behavior,behavior baseline,behavior baseline: 10. Инновации и приобретение знаний,Use for Internal Employee / HR/EVP when behavior is decision-relevant.
sp_6ded1ff71953,tally_wkYYpR,barrier,barrier map,barrier map: 2. По какой причине вы чаще всего посещаете клинику?,Use for B2C Choice / healthcare when barrier is decision-relevant.
sp_3cfa4949460f,tally_wkYYpR,behavior,behavior baseline,behavior baseline: 3. Каким образом вы чаще всего приходите к пониманию необходимости посетить врач,Use for B2C Choice / healthcare when behavior is decision-relevant.
sp_7bb8c54508a0,tally_wkYYpR,factor,factor hierarchy,factor hierarchy: 6. Считаете ли вы важным проходить чекапы и комплексные программы лечения?,Use for B2C Choice / healthcare when factor is decision-relevant.
sp_67298b874e38,tally_wkYYpR,behavior,behavior baseline,behavior baseline: 9 В каком формате вы обычно посещаете частные клиники?,Use for B2C Choice / healthcare when behavior is decision-relevant.
sp_54e0a8334e8e,tally_wkYYpR,behavior,behavior baseline,"behavior baseline: 11 Перечислите клиники, которые посещали в течение года",Use for B2C Choice / healthcare when behavior is decision-relevant.
sp_b769d646229c,tally_wkYYpR,factor,factor hierarchy,"factor hierarchy: 13 Какую клинику вы выберете, если вам важна многопрофильность и возможность зак",Use for B2C Choice / healthcare when factor is decision-relevant.
sp_e2d56e86aa24,tally_wkYYpR,factor,factor hierarchy,"factor hierarchy: 24 Оцените от 1 до 5 важность факторов выбора клиники, где 1 – это незначимый фа",Use for B2C Choice / healthcare when factor is decision-relevant.
sp_906e2db29b8d,tally_wkYYpR,barrier,barrier map,barrier map: 26 По какой причине решили продолжить лечение в другой клинике?,Use for B2C Choice / healthcare when barrier is decision-relevant.
sp_28c07dd55b72,tally_wkYYpR,behavior,behavior baseline,behavior baseline: 36 В каких случаях вы выберете посещение другой клиники?,Use for B2C Choice / healthcare when behavior is decision-relevant.
sp_3c2705821058,tally_wkYYpR,factor,factor hierarchy,factor hierarchy: 37 Готовы ли Вы рекомендовать услуги клиники “К+31” друзьям/родственникам/коллег,Use for B2C Choice / healthcare when factor is decision-relevant.
sp_e7a31740e955,tally_wkYYpR,factor,factor hierarchy,factor hierarchy: 38. Оцените качество сервиса в рамках стационарных услуг (оценка от 1 до 10),Use for B2C Choice / healthcare when factor is decision-relevant.
sp_af6aac1e7f9b,tally_wkYYpR,factor,factor hierarchy,factor hierarchy: 39 Оцените качество лечения в рамках стационарных услуг (оценка от 1 до 10),Use for B2C Choice / healthcare when factor is decision-relevant.
sp_3e70cf3e78b3,tally_31egdp,scenario,JTBD map,JTBD map: В каких ситуациях вы чаще всего выбираете быструю еду/фастфуд? (несколько ответо,Use for B2C Choice / food/FMCG when scenario is decision-relevant.
sp_e81d0f9e7f1c,tally_31egdp,scenario,JTBD map,JTBD map: В какое время суток вы чаще всего берёте быструю еду/фастфуд? (несколько ответов,Use for B2C Choice / food/FMCG when scenario is decision-relevant.
sp_4a72bae294c2,tally_31egdp,channel,channel/trust map,channel/trust map: Где вы обычно замечаете или узнаёте о новых местах фастфуда? (несколько ответов),Use for B2C Choice / food/FMCG when channel is decision-relevant.
sp_17240402ebd9,tally_31egdp,scenario,JTBD map,"JTBD map: Какие альтернативы вы обычно рассматриваете, когда возникает задача «поесть быст",Use for B2C Choice / food/FMCG when scenario is decision-relevant.
sp_b46d67242785,tally_31egdp,factor,factor hierarchy,factor hierarchy: Насколько важны для вас следующие критерии при выборе места фастфуда? Шкала 1–7:,Use for B2C Choice / food/FMCG when factor is decision-relevant.
sp_c6abc767948a,tally_31egdp,factor,factor hierarchy,factor hierarchy: Укажите три ключевых критерия из списка выше при первом визите в новое место. (Т,Use for B2C Choice / food/FMCG when factor is decision-relevant.
sp_fce1d7a79ac8,tally_31egdp,WTP,price ladder,price ladder: Что мешает вам впервые зайти в новое для вас место быстрой еды? (несколько ответ,Use for B2C Choice / food/FMCG when WTP is decision-relevant.
sp_cfa4c5da3c0a,tally_31egdp,WTP,price ladder,price ladder: Какие способы оплаты для вас удобнее всего? (несколько ответов),Use for B2C Choice / food/FMCG when WTP is decision-relevant.
sp_5c7d32ea8211,tally_31egdp,barrier,barrier map,barrier map: Что чаще всего тормозит покупку на этапе оформления/оплаты? (несколько ответов),Use for B2C Choice / food/FMCG when barrier is decision-relevant.
sp_bc53168e02ad,tally_31egdp,frequency,behavior baseline,behavior baseline: Оцените ваш последний опыт в месте быстрой еды за последние 3 месяца. Шкала 1–5:,Use for B2C Choice / food/FMCG when frequency is decision-relevant.
sp_59726fd5850c,tally_31egdp,factor,factor hierarchy,factor hierarchy: Что важнее всего для решения вернуться в то же место? (до трёх ответов),Use for B2C Choice / food/FMCG when factor is decision-relevant.
sp_978c22da486b,tally_31egdp,barrier,barrier map,barrier map: Что чаще всего становится причиной не возвращаться? (несколько ответов),Use for B2C Choice / food/FMCG when barrier is decision-relevant.
sp_502685e8e5cb,tally_31egdp,WTP,price ladder,price ladder: Какой формат программы лояльности вам ближе? (несколько ответов),Use for B2C Choice / food/FMCG when WTP is decision-relevant.
sp_e3f53c621dfc,tally_31egdp,WTP,price ladder,price ladder: Какие категории вы чаще всего берёте в фастфуде? (несколько ответов),Use for B2C Choice / food/FMCG when WTP is decision-relevant.
sp_cdac13d3fca6,tally_31egdp,behavior,behavior baseline,behavior baseline: Выберете район проживания (выберете 1 вариант ответа),Use for B2C Choice / food/FMCG when behavior is decision-relevant.
sp_21371e5681c9,tally_3ENlQo,scenario,JTBD map,"JTBD map: 1. В каких ситуациях вы рассматриваете покупку товаров в займ (рассрочка, долг и",Use for B2C Choice / finance when scenario is decision-relevant.
sp_259ff7f23a5a,tally_3ENlQo,behavior,behavior baseline,behavior baseline: 2. На какие нужды вы чаще всего оформляете кредит или рассрочку?,Use for B2C Choice / finance when behavior is decision-relevant.
sp_43029ea4768d,tally_3ENlQo,frequency,behavior baseline,"behavior baseline: 3. Как часто и какой товар/услуги вы берете в займ (рассрочка, долг и др.) ?",Use for B2C Choice / finance when frequency is decision-relevant.
sp_d7c58bbb5e80,tally_3ENlQo,factor,factor hierarchy,"factor hierarchy: 5. Оцените от 1 до 5 важность перечисленных факторов, где 1 - не важно, а 5 - оч",Use for B2C Choice / finance when factor is decision-relevant.
sp_da209096e318,tally_3ENlQo,WTP,price ladder,price ladder: 7. На какую сумму вы брали или чаще всего берете займ/кредит?,Use for B2C Choice / finance when WTP is decision-relevant.
sp_46dd50cc610e,tally_3ENlQo,frequency,behavior baseline,behavior baseline: 8. Как часто вы берете  займ/кредит?,Use for B2C Choice / finance when frequency is decision-relevant.
sp_7c1e0e602dac,tally_3ENlQo,behavior,behavior baseline,behavior baseline: 8А. Как много кредитов/займов вы оформляли одновременно?,Use for B2C Choice / finance when behavior is decision-relevant.
sp_59b960a86767,tally_3ENlQo,scenario,JTBD map,"JTBD map: 9. Возникали ли ситуации, когда по какой-то причине вы не могли сделать выплату ",Use for B2C Choice / finance when scenario is decision-relevant.
sp_15c8abaee139,tally_3ENlQo,channel,channel/trust map,"channel/trust map: 10. Какие финансовые организации или магазины, предоставляющие рассрочку, вы зна",Use for B2C Choice / finance when channel is decision-relevant.
sp_38845d468a6b,tally_3ENlQo,scenario,JTBD map,JTBD map: 11. Где вы когда-либо оформляли рассрочку или кредит?,Use for B2C Choice / finance when scenario is decision-relevant.
sp_354d585d74ee,tally_3ENlQo,channel,channel/trust map,"channel/trust map: 12. Какие организации или магазины с рассрочкой вы рассматривали, но в итоге не ",Use for B2C Choice / finance when channel is decision-relevant.
sp_88448693a7f5,tally_3ENlQo,channel,channel/trust map,channel/trust map: 13. Какая компания (финансовая организация или магазин с рассрочкой) кажется вам,Use for B2C Choice / finance when channel is decision-relevant.
sp_1fbe1d63b070,tally_3ENlQo,channel,channel/trust map,channel/trust map: 14. Какая финансовая организация или магазин с рассрочкой предлагает самые выгод,Use for B2C Choice / finance when channel is decision-relevant.
sp_44d9e9605b58,tally_3ENlQo,channel,channel/trust map,channel/trust map: 15. Где представлен самый широкий выбор условий рассрочки? (разные модели выплат,Use for B2C Choice / finance when channel is decision-relevant.
sp_24cc0cfaa00f,tally_3ENlQo,channel,channel/trust map,channel/trust map: 16. Какая финансовая организация или магазин предлагает самые инновационные и уд,Use for B2C Choice / finance when channel is decision-relevant.
sp_4e9981cc850d,tally_3ENlQo,channel,channel/trust map,channel/trust map: 17. Где самый простой процесс оформления рассрочки (минимум документов и лишних ,Use for B2C Choice / finance when channel is decision-relevant.
sp_d28a536accc6,tally_3ENlQo,channel,channel/trust map,"channel/trust map: 19. Где предоставляется лучший сервис сопровождения займа (удобные платежи, подд",Use for B2C Choice / finance when channel is decision-relevant.
sp_68de0dcf1a63,tally_3ENlQo,channel,channel/trust map,"channel/trust map: 21. Подскажите, пожалуйста, через какие источники Вы узнаете об товарах/услугах",Use for B2C Choice / finance when channel is decision-relevant.
sp_46180e04b730,tally_3ENlQo,consideration,brand funnel,brand funnel: 2. Почему вы не рассматриваете рассрочку или кредит при покупках?,Use for B2C Choice / finance when consideration is decision-relevant.
sp_1b8ff05d6e44,tally_3ENlQo,scenario,JTBD map,JTBD map: 3. В каких ситуациях вы могли бы всё же рассмотреть вариант покупки в рассрочку?,Use for B2C Choice / finance when scenario is decision-relevant.
sp_3c58657e95da,tally_mBBxqQ,factor,factor hierarchy,"factor hierarchy: 1.5 Пожалуйста, оцените насколько важны для Вас следующие факторы при выборе раб",Use for EVP Employer / HR/EVP when factor is decision-relevant.
sp_afba0a1f9f61,tally_mBBxqQ,factor,factor hierarchy,"factor hierarchy: 1.6 Пожалуйста, оцените насколько эти факторы реализованы в Корпорации ТЕРМЕКС о",Use for EVP Employer / HR/EVP when factor is decision-relevant.
sp_26f62d262212,tally_mBBxqQ,WTP,price ladder,price ladder: 2.1 Насколько Вы согласны с представленными ниже утверждениями об уровне ответст,Use for EVP Employer / HR/EVP when WTP is decision-relevant.
sp_81e7540e612b,tally_mBBxqQ,WTP,price ladder,price ladder: 2.2 Насколько Вы согласны с представленными ниже утверждениями о понимании сотру,Use for EVP Employer / HR/EVP when WTP is decision-relevant.
sp_1a441a4fbe86,tally_mBBxqQ,WTP,price ladder,price ladder: 2.3  Насколько Вы согласны с представленными ниже утверждениями об процессе рабо,Use for EVP Employer / HR/EVP when WTP is decision-relevant.
sp_6763a9b034b1,tally_mBBxqQ,WTP,price ladder,"price ladder: 2.4 Насколько Вы согласны с представленными ниже утверждениями о том, насколько ",Use for EVP Employer / HR/EVP when WTP is decision-relevant.
sp_0952ee4a63a7,tally_mBBxqQ,WTP,price ladder,price ladder: 2.5 Насколько Вы согласны с представленными ниже утверждениями о характере руков,Use for EVP Employer / HR/EVP when WTP is decision-relevant.
sp_e7f674788023,tally_mBBxqQ,WTP,price ladder,price ladder: 2.7 Насколько Вы согласны с представленными ниже утверждениями о корпоративных к,Use for EVP Employer / HR/EVP when WTP is decision-relevant.
sp_af20f5f9c293,tally_mBBxqQ,WTP,price ladder,price ladder: 2.8 Насколько Вы согласны с представленными ниже утверждениями о рабочей среде и,Use for EVP Employer / HR/EVP when WTP is decision-relevant.
sp_6691de3ac8e4,tally_mBBxqQ,factor,factor hierarchy,factor hierarchy: 2.9 Оцените степень Вашего согласия с представленными ниже утверждениями о систе,Use for EVP Employer / HR/EVP when factor is decision-relevant.
sp_afbff3d10712,tally_mBBxqQ,scenario,JTBD map,"JTBD map: 3.1 В Корпорации ТЕРМЕКС решения принимаются всегда по всем известным, общеприня",Use for EVP Employer / HR/EVP when scenario is decision-relevant.
sp_03b63d592aa4,tally_mBBxqQ,factor,factor hierarchy,"factor hierarchy: 3. 7 Оцените представленные ниже факторы по шкале от 1 до 5, где:",Use for EVP Employer / HR/EVP when factor is decision-relevant.
sp_5267fe5dd076,tally_mBBxqQ,factor,factor hierarchy,"factor hierarchy: Оцените, пожалуйста, по шкале от 1 до 10, насколько вы готовы рекомендовать нашу",Use for EVP Employer / HR/EVP when factor is decision-relevant.
sp_0bbfb549eaeb,tally_3XVBRO,barrier,barrier map,barrier map: 8. Какие  медицинские причины послужившие мотивом для занятия в фитнес-центре?,Use for B2C Choice / healthcare when barrier is decision-relevant.
sp_090d2498eff9,tally_3XVBRO,scenario,JTBD map,"JTBD map: 10. Какие цели вы ставили, когда начали заниматься в «Охана»?",Use for B2C Choice / healthcare when scenario is decision-relevant.
sp_da012d511b2d,tally_3XVBRO,factor,factor hierarchy,"factor hierarchy: 11. Оцените по шкале от 1 до 5, насколько для вас важны следующие аспекты при вы",Use for B2C Choice / healthcare when factor is decision-relevant.
sp_3ffbe1e69844,tally_3XVBRO,frequency,behavior baseline,behavior baseline: 13. Как часто вы обычно посещаете фитнес‑центр?,Use for B2C Choice / healthcare when frequency is decision-relevant.
sp_454562033b14,tally_3XVBRO,behavior,behavior baseline,behavior baseline: 14. С кем вы обычно ходите в фитнес‑центр?,Use for B2C Choice / healthcare when behavior is decision-relevant.
sp_d37972eee1cc,tally_3XVBRO,behavior,behavior baseline,behavior baseline: 16. Как вы обычно ходите на групповые тренировки?,Use for B2C Choice / healthcare when behavior is decision-relevant.
sp_4f5116ba40ca,tally_3XVBRO,behavior,behavior baseline,behavior baseline: 19. Посещают ли ваши дети детский клуб «Охана» / Детский клуб в фитнес центре?,Use for B2C Choice / healthcare when behavior is decision-relevant.
sp_b4faa561b0d7,tally_3XVBRO,behavior,behavior baseline,behavior baseline: 24. Почему вы прекратили ходить в фитнес‑центр?,Use for B2C Choice / healthcare when behavior is decision-relevant.
sp_b639b9379596,tally_3XVBRO,awareness,brand funnel,brand funnel: 25. Какие из перечисленных фитнес‑клубов вы знаете?,Use for B2C Choice / healthcare when awareness is decision-relevant.
sp_ff02e9b99f05,tally_3XVBRO,behavior,behavior baseline,behavior baseline: 26. Какие из перечисленных фитнес‑клубов вы посещали?,Use for B2C Choice / healthcare when behavior is decision-relevant.
sp_b3b623b4237e,tally_mJ0A4r,WTP,price ladder,"price ladder: 7. Укажите стоимость последней покупки авто  Если не покупали, то на какой ценов",Use for B2C Choice / auto/mobility when WTP is decision-relevant.
sp_74b514aaf5ae,tally_mJ0A4r,awareness,brand funnel,brand funnel: 8. Какие автосервисы Вы знаете?,Use for B2C Choice / auto/mobility when awareness is decision-relevant.
sp_4da5997d48e8,tally_mJ0A4r,WTP,price ladder,"price ladder: 12. Какой автосервис, на Ваш взгляд, с самыми доступными ценами?",Use for B2C Choice / auto/mobility when WTP is decision-relevant.
sp_5c39a58b3bb1,tally_mJ0A4r,factor,factor hierarchy,"factor hierarchy: 18. Оцените от 1 до 5 важность факторов при выборе автосервиса, где 1 - незначим",Use for B2C Choice / auto/mobility when factor is decision-relevant.
sp_93bbd9e3d187,tally_mJ0A4r,factor,factor hierarchy,"factor hierarchy: 19. Оцените важность пунктов в автосервисе, в котором Вы решили диагностировать/",Use for B2C Choice / auto/mobility when factor is decision-relevant.
sp_fb22225a8f01,tally_mJ0A4r,factor,factor hierarchy,"factor hierarchy: 20. Оцените важность пунктов в мобильном приложении автосервиса, в котором Вы ре",Use for B2C Choice / auto/mobility when factor is decision-relevant.
sp_c3ad3be2aca5,tally_mJ0A4r,behavior,behavior baseline,behavior baseline: 21. Как давно Вы покупали б/у автомобиль?,Use for B2C Choice / auto/mobility when behavior is decision-relevant.
sp_605af0d1d5c3,tally_mJ0A4r,awareness,brand funnel,brand funnel: 22. Каких дилеров Вы знаете?,Use for B2C Choice / auto/mobility when awareness is decision-relevant.
sp_af49e7309fd0,tally_mJ0A4r,behavior,behavior baseline,behavior baseline: 22. У каких дилеров Вы покупали/купили бы авто?,Use for B2C Choice / auto/mobility when behavior is decision-relevant.
sp_40d79ee65146,tally_mJ0A4r,behavior,behavior baseline,"behavior baseline: 24. У каких дилеров Вы покупали/планировали купить авто, но решили, что не будет",Use for B2C Choice / auto/mobility when behavior is decision-relevant.
sp_ad7ffa609357,tally_mJ0A4r,WTP,price ladder,"price ladder: 25. Какой дилер, на Ваш взгляд, с самыми доступными ценами?",Use for B2C Choice / auto/mobility when WTP is decision-relevant.
sp_4e87a10b78e1,tally_mJ0A4r,factor,factor hierarchy,"factor hierarchy: 31. Оцените от 1 до 5 важность факторов в дилере при покупке авто, где 1 - незна",Use for B2C Choice / auto/mobility when factor is decision-relevant.
sp_0fc8a2790df5,tally_mJ0A4r,factor,factor hierarchy,"factor hierarchy: 32. Оцените важность следующих пунктов в дилере, в котором Вы решили покупать ав",Use for B2C Choice / auto/mobility when factor is decision-relevant.
sp_d730f2786c27,tally_3Ele0q,scenario,JTBD map,JTBD map: 4. По каким причинам вы никогда не посещали бани? Выберите все подходящие вариан,Use for B2C Choice / fitness/wellness when scenario is decision-relevant.
sp_0497435f91fc,tally_3Ele0q,behavior,behavior baseline,behavior baseline: 5. Посещаете ли вы банные комплексы и/или SPA центры?,Use for B2C Choice / fitness/wellness when behavior is decision-relevant.
sp_4e443247cde6,tally_3Ele0q,barrier,barrier map,barrier map: 6. По какой причине вы не посещаете банные комплексы и SPA центры? (можете выбра,Use for B2C Choice / fitness/wellness when barrier is decision-relevant.
sp_8321cdaa9f95,tally_3Ele0q,WTP,price ladder,price ladder: 7. Насколько часто вы посещаете банные комплексы и SPA центры? (один вариант отв,Use for B2C Choice / fitness/wellness when WTP is decision-relevant.
sp_f8d9237f417d,tally_3Ele0q,scenario,JTBD map,"JTBD map: 8. Для каких целей вы, как правило, посещаете банные комплексы и SPA центры?  (м",Use for B2C Choice / fitness/wellness when scenario is decision-relevant.
sp_0424569d3c76,tally_3Ele0q,WTP,price ladder,price ladder: 9. Куда вы предпочитаете ходить в банные комплексы и SPA центры?  (можете выбрат,Use for B2C Choice / fitness/wellness when WTP is decision-relevant.
sp_d7cebf70112c,tally_3Ele0q,scenario,JTBD map,"JTBD map: 11. Когда вы приезжаете в банный комплекс, вы скорее  (один вариант ответа):",Use for B2C Choice / fitness/wellness when scenario is decision-relevant.
sp_ab8a205464b8,tally_3Ele0q,switching,barrier map,barrier map: 12. Какое времяпрепровождение вы можете выделить как альтернативу посещения банн,Use for B2C Choice / fitness/wellness when switching is decision-relevant.
sp_29e66699b2ac,tally_3Ele0q,factor,factor hierarchy,factor hierarchy: 14.3 Насколько для вас важно наличие возможности заказывать алкогольные напитки ,Use for B2C Choice / fitness/wellness when factor is decision-relevant.
sp_9920235e4890,tally_3Ele0q,channel,channel/trust map,channel/trust map: 17.1 Как вы бы отнеслись если бы в магазинах на территории банно-оздоровительног,Use for B2C Choice / fitness/wellness when channel is decision-relevant.
sp_869145a602d2,tally_3Ele0q,channel,channel/trust map,"channel/trust map: 17.2 Давайте представим, что в магазинах на территории банно-оздоровительного ко",Use for B2C Choice / fitness/wellness when channel is decision-relevant.
sp_cad288ab136f,tally_3Ele0q,factor,factor hierarchy,"factor hierarchy: 21. Оцените от 1 до 5 важность факторов выбора банно-оздоровительного комплекса,",Use for B2C Choice / fitness/wellness when factor is decision-relevant.
sp_3a75e1354488,tally_3Ele0q,WTP,price ladder,price ladder: 22. Сколько вы готовы заплатить за разовое посещение банно-оздоровительного комп,Use for B2C Choice / fitness/wellness when WTP is decision-relevant.
sp_17de31dccce7,tally_3Ele0q,WTP,price ladder,price ladder: 23. Сколько вы готовы заплатить за сутки посещения банно-оздоровительного компле,Use for B2C Choice / fitness/wellness when WTP is decision-relevant.
sp_e8f9ddd66514,tally_3Ele0q,channel,channel/trust map,channel/trust map: 24. Через какие каналы коммуникации вы узнаете информацию про банно-оздоровитель,Use for B2C Choice / fitness/wellness when channel is decision-relevant.
sp_08878fb7f9fd,tally_3Ele0q,WTP,price ladder,"price ladder: 25. Назовите 3-5 банных комплексов и SPA центров, которые вы знаете и первыми пр",Use for B2C Choice / fitness/wellness when WTP is decision-relevant.
sp_3da147fc6aeb,tally_3Ele0q,WTP,price ladder,price ladder: 26. Какой банный комплекс или SPA центр вы чаще всего посещаете? (можете перечис,Use for B2C Choice / fitness/wellness when WTP is decision-relevant.
sp_51e32778015d,tally_3Ele0q,WTP,price ladder,price ladder: 27. Какой банный комплекс или SPA вам больше всего понравился? (можете перечисли,Use for B2C Choice / fitness/wellness when WTP is decision-relevant.
sp_4f09b43af5fe,tally_3Ele0q,barrier,barrier map,"barrier map: 28. Какой банный комплекс или SPA посещали раньше, но перестали сейчас? (можете ",Use for B2C Choice / fitness/wellness when barrier is decision-relevant.
sp_f7499491937f,tally_3Ele0q,barrier,barrier map,"barrier map: 29. Укажите причины, по которым вы перестали их посещать?",Use for B2C Choice / fitness/wellness when barrier is decision-relevant.
sp_15eefdd8f4f8,tally_3Ele0q,behavior,behavior baseline,behavior baseline: 34. Следите ли вы за своим питанием?,Use for B2C Choice / fitness/wellness when behavior is decision-relevant.
sp_6acd7a6f67bd,tally_3Ele0q,frequency,behavior baseline,behavior baseline: 35. Как часто вы занимаетесь физической активностью?,Use for B2C Choice / fitness/wellness when frequency is decision-relevant.
sp_d28507626ae5,tally_w4rGld,consideration,brand funnel,brand funnel: Рассматриваете ли Вы службу по контракту или находитесь в процессе рекрутинга?,Use for B2C Choice / unknown when consideration is decision-relevant.
sp_23986b596786,tally_w4rGld,consideration,brand funnel,brand funnel: Почему Вы рассматриваете службу по контракту?,Use for B2C Choice / unknown when consideration is decision-relevant.
sp_6e0b88941e1b,tally_w4rGld,frequency,behavior baseline,behavior baseline: Как часто Вы интересуетесь новостями об СВО?,Use for B2C Choice / unknown when frequency is decision-relevant.
sp_4d9af30c4962,tally_w4rGld,awareness,brand funnel,brand funnel: Откуда Вы чаще всего слышали о контрактной службе?,Use for B2C Choice / unknown when awareness is decision-relevant.
sp_6792e3fa8e6e,tally_w4rGld,WTP,price ladder,price ladder: Какие возможности Вы видите в службе по контракту?(выбрать несколько),Use for B2C Choice / unknown when WTP is decision-relevant.
sp_02acfe302d07,tally_w4rGld,factor,factor hierarchy,factor hierarchy: Оцените важность следующих факторов выбора(от 1 до 5):,Use for B2C Choice / unknown when factor is decision-relevant.
sp_e7398a55cbe2,tally_w4rGld,WTP,price ladder,price ladder: Сколько примерно  времени занял весь процесс подачи заявления?(в часах),Use for B2C Choice / unknown when WTP is decision-relevant.
sp_7420a8698a51,tally_w4rGld,factor,factor hierarchy,factor hierarchy: Оцените работу военкомата от 1 до 5,Use for B2C Choice / unknown when factor is decision-relevant.
sp_24df1e5a1c73,tally_mY0xx0,factor,factor hierarchy,"factor hierarchy: 1.5 Пожалуйста, оцените насколько важны для Вас следующие факторы при выборе раб",Use for EVP Employer / HR/EVP when factor is decision-relevant.
sp_4777bcc088f8,tally_mY0xx0,factor,factor hierarchy,"factor hierarchy: 1.5 Пожалуйста, оцените насколько эти факторы реализованы в компании ""банк Хлыно",Use for EVP Employer / HR/EVP when factor is decision-relevant.
sp_391505951567,tally_mY0xx0,WTP,price ladder,price ladder: 2.1 Насколько Вы согласны с представленными ниже утверждениями об уровне ответст,Use for EVP Employer / HR/EVP when WTP is decision-relevant.
sp_b2ccb1cc6ecf,tally_mY0xx0,WTP,price ladder,price ladder: 2.2 Насколько Вы согласны с представленными ниже утверждениями о понимании сотру,Use for EVP Employer / HR/EVP when WTP is decision-relevant.
sp_d7c1dcb117b8,tally_mY0xx0,WTP,price ladder,price ladder: 2.3  Насколько Вы согласны с представленными ниже утверждениями об уровне коорди,Use for EVP Employer / HR/EVP when WTP is decision-relevant.
sp_21a6449cef3b,tally_mY0xx0,WTP,price ladder,price ladder: 2.4 Насколько Вы согласны с представленными ниже утверждениями об уровне ориента,Use for EVP Employer / HR/EVP when WTP is decision-relevant.
sp_22bd579122b1,tally_mY0xx0,WTP,price ladder,price ladder: 2.5 Насколько Вы согласны с представленными ниже утверждениями о характере руков,Use for EVP Employer / HR/EVP when WTP is decision-relevant.
sp_a6621b240c70,tally_mY0xx0,WTP,price ladder,price ladder: 2.6 Насколько Вы согласны с представленными ниже утверждениями об отношении к ин,Use for EVP Employer / HR/EVP when WTP is decision-relevant.
sp_168cfe601e4f,tally_mY0xx0,WTP,price ladder,price ladder: 2.7 Насколько Вы согласны с представленными ниже утверждениями о корпоративных н,Use for EVP Employer / HR/EVP when WTP is decision-relevant.
sp_d236b616e7d9,tally_mY0xx0,WTP,price ladder,price ladder: 2.8 Насколько Вы согласны с представленными ниже утверждениями о рабочей среде и,Use for EVP Employer / HR/EVP when WTP is decision-relevant.
sp_10e42a4b863e,tally_mY0xx0,factor,factor hierarchy,factor hierarchy: 2.9 Оцените степень Вашего согласия с представленными ниже утверждениями о систе,Use for EVP Employer / HR/EVP when factor is decision-relevant.
sp_f8ae48e9407f,tally_mY0xx0,scenario,JTBD map,"JTBD map: 3.1 В компании «Банк Хлынов» решения принимаются всегда по всем известным, общеп",Use for EVP Employer / HR/EVP when scenario is decision-relevant.
sp_e9d751bd1d67,tally_mY0xx0,factor,factor hierarchy,factor hierarchy: 3.6 Оцените насколько в компании «Банк Хлынов» представлены следующие ценности о,Use for EVP Employer / HR/EVP when factor is decision-relevant.
sp_4b7232fd3f2c,tally_3j7rV9,barrier,barrier map,barrier map: 9.1.1.Если ответ ДА на 9 вопрос: Какие причины повлияли на Ваше решение поработа,Use for EVP Employer / HR/EVP when barrier is decision-relevant.
sp_7815860593ca,tally_3j7rV9,factor,factor hierarchy,"factor hierarchy: 12.Поделитесь, какие факторы для Вас наиболее важны при выборе компании, в котор",Use for EVP Employer / HR/EVP when factor is decision-relevant.
sp_15c2ec79ef95,tally_3j7rV9,factor,factor hierarchy,"factor hierarchy: 13.Сейчас, давайте представим, что Вы выбираете для себя работу вахтовым методом",Use for EVP Employer / HR/EVP when factor is decision-relevant.
sp_4d2d08b277d5,tally_3j7rV9,WTP,price ladder,price ladder: 14.2.Если в ответе на вопрос 14.1. перечислил несколько кадровых компаний: Какая,Use for EVP Employer / HR/EVP when WTP is decision-relevant.
sp_6730c2139e6a,tally_3j7rV9,factor,factor hierarchy,"factor hierarchy: 15. Оцените виды мотивации, которые Вы хотели бы видеть у своего работодателя?",Use for EVP Employer / HR/EVP when factor is decision-relevant.
sp_aa25cdb17bfc,tally_3j7rV9,factor,factor hierarchy,"factor hierarchy: 16. Давайте представим, что Вы вчера закончили вахту на проекте. Скажите, пожалу",Use for EVP Employer / HR/EVP when factor is decision-relevant.
sp_8cc2e771d038,tally_n9o2V4,factor,factor hierarchy,factor hierarchy: Оцените по шкале от 1 до 5 важность следующих факторов при выборе косметологичес,Use for B2C Choice / healthcare when factor is decision-relevant.
sp_f7532cf82a12,tally_n9o2V4,factor,factor hierarchy,"factor hierarchy: Оцените от 1 до 5, насколько для вас важно, чтобы в косметологическом комплексе ",Use for B2C Choice / healthcare when factor is decision-relevant.
sp_547c7a916334,tally_n9o2V4,factor,factor hierarchy,"factor hierarchy: 9. Насколько для вас важно, чтобы в косметологическом комплексе были следующие м",Use for B2C Choice / healthcare when factor is decision-relevant.
sp_e0d9c26eb664,tally_mOP1vk,factor,factor hierarchy,"factor hierarchy: 1.4 Пожалуйста, оцените насколько важны для Вас следующие факторы при выборе раб",Use for Internal Employee / HR/EVP when factor is decision-relevant.
sp_c03ed4ac8f5f,tally_mOP1vk,factor,factor hierarchy,"factor hierarchy: 1.5 Пожалуйста, оцените насколько эти факторы реализованы в компании «ИЗТТ» от 1",Use for Internal Employee / HR/EVP when factor is decision-relevant.
sp_3b261754eaf2,tally_mOP1vk,factor,factor hierarchy,factor hierarchy: 1.6 Что для Вас самое важное при работе с сервисами компании (например: личный к,Use for Internal Employee / HR/EVP when factor is decision-relevant.
sp_69bcd53ae2f5,tally_mOP1vk,WTP,price ladder,price ladder: 2.1 Насколько Вы согласны с представленными ниже утверждениями об уровне ответст,Use for Internal Employee / HR/EVP when WTP is decision-relevant.
sp_afe86e38138c,tally_mOP1vk,WTP,price ladder,price ladder: 2.2 Насколько Вы согласны с представленными ниже утверждениями о понимании сотру,Use for Internal Employee / HR/EVP when WTP is decision-relevant.
sp_d3c8374a0cab,tally_mOP1vk,WTP,price ladder,price ladder: 2.3  Насколько Вы согласны с представленными ниже утверждениями об процессе рабо,Use for Internal Employee / HR/EVP when WTP is decision-relevant.
sp_aa05229138d6,tally_mOP1vk,WTP,price ladder,"price ladder: 2.4 Насколько Вы согласны с представленными ниже утверждениями о том, насколько ",Use for Internal Employee / HR/EVP when WTP is decision-relevant.
sp_ab18d1a8bb51,tally_mOP1vk,WTP,price ladder,price ladder: 2.5 Насколько Вы согласны с представленными ниже утверждениями о характере руков,Use for Internal Employee / HR/EVP when WTP is decision-relevant.
sp_c6f681c1e0f5,tally_mOP1vk,WTP,price ladder,price ladder: 2.7 Насколько Вы согласны с представленными ниже утверждениями о корпоративных к,Use for Internal Employee / HR/EVP when WTP is decision-relevant.
sp_64727170b4a9,tally_mOP1vk,WTP,price ladder,price ladder: 2.8 Насколько Вы согласны с представленными ниже утверждениями о рабочей среде и,Use for Internal Employee / HR/EVP when WTP is decision-relevant.
sp_2007b7f90c4d,tally_mOP1vk,factor,factor hierarchy,factor hierarchy: 2.9 Оцените степень Вашего согласия с представленными ниже утверждениями о систе,Use for Internal Employee / HR/EVP when factor is decision-relevant.
sp_72150032a291,tally_mOP1vk,scenario,JTBD map,"JTBD map: 3.1 В компании «ИЗТТ» решения принимаются всегда по всем известным, общепринятым",Use for Internal Employee / HR/EVP when scenario is decision-relevant.
sp_0624a6b64459,tally_mOP1vk,factor,factor hierarchy,"factor hierarchy: 3. 7 Оцените представленные ниже факторы по шкале от 1 до 5, где:",Use for Internal Employee / HR/EVP when factor is decision-relevant.
sp_0679134e0f10,tally_mOP1vk,factor,factor hierarchy,factor hierarchy: 4.0 Определите важность описанных сервисов (для сотрудников),Use for Internal Employee / HR/EVP when factor is decision-relevant.
sp_b0f0fea9e726,tally_mOP1vk,factor,factor hierarchy,factor hierarchy: 4.1 Определите важность описанных сервисов (для руководителей),Use for Internal Employee / HR/EVP when factor is decision-relevant.
sp_0932d6aa5a27,tally_mOP1vk,factor,factor hierarchy,"factor hierarchy: Оцените, пожалуйста, по шкале от 1 до 10, насколько вы готовы рекомендовать нашу",Use for Internal Employee / HR/EVP when factor is decision-relevant.
sp_e7c7dfbddf2a,tally_xXdNZJ,scenario,JTBD map,JTBD map: 2. В какое время суток вы обычно посещаете гастробары/бары с едой? (можно выбрат,Use for B2C Choice / food/FMCG when scenario is decision-relevant.
sp_747c72ed393a,tally_xXdNZJ,scenario,JTBD map,"JTBD map: 3. С какой целью вы обычно приходите в гастробар (где и едят, и пьют)? (можно вы",Use for B2C Choice / food/FMCG when scenario is decision-relevant.
sp_c458ebcba1df,tally_xXdNZJ,frequency,behavior baseline,behavior baseline: 4. Как часто вы обычно ходите на обеды вне дома (кафе/рестораны/гастробары)?,Use for B2C Choice / food/FMCG when frequency is decision-relevant.
sp_050915ad30ca,tally_xXdNZJ,barrier,barrier map,barrier map: 5. По каким причинам вы выбираете место для обеда? (можно выбрать до 5 вариантов,Use for B2C Choice / food/FMCG when barrier is decision-relevant.
sp_c65a36a7fdcf,tally_xXdNZJ,WTP,price ladder,price ladder: 7. Что мешает прийти на обед в «Второй»? (можно выбрать несколько),Use for B2C Choice / food/FMCG when WTP is decision-relevant.
sp_5310d7df6b6a,tally_xXdNZJ,WTP,price ladder,price ladder: 8. Что вам понравилось в обеденном визите в «Второй»? (можно выбрать несколько),Use for B2C Choice / food/FMCG when WTP is decision-relevant.
sp_78cc5bf9872e,tally_xXdNZJ,WTP,price ladder,price ladder: 9.  Что было неудобно/помешало прийти снова? (можно выбрать несколько),Use for B2C Choice / food/FMCG when WTP is decision-relevant.
sp_418910d588a7,tally_xXdNZJ,WTP,price ladder,price ladder: 10. Какой формат обеда был бы для вас наиболее привлекательным в «Второй»? (можн,Use for B2C Choice / food/FMCG when WTP is decision-relevant.
sp_4e01a29b6823,tally_xXdNZJ,behavior,behavior baseline,behavior baseline: 12. Посещаете ли вы «Второй» вечером?,Use for B2C Choice / food/FMCG when behavior is decision-relevant.
sp_ed53e602c4a6,tally_xXdNZJ,factor,factor hierarchy,factor hierarchy: 13. Что для вас важнее всего в вечернем визите в гастробар? (можно выбрать до 5 ,Use for B2C Choice / food/FMCG when factor is decision-relevant.
sp_734e31a211b0,tally_xXdNZJ,factor,factor hierarchy,factor hierarchy: 15. Какие элементы сервиса для вас наиболее важны в гастробаре? Оцените по шкале,Use for B2C Choice / food/FMCG when factor is decision-relevant.
sp_d0ad3b200fe1,tally_xXdNZJ,awareness,brand funnel,brand funnel: 17. Какие гастробары/бары с кухней вы знаете в Астане?,Use for B2C Choice / food/FMCG when awareness is decision-relevant.
sp_23cf1baea49b,tally_xXdNZJ,frequency,behavior baseline,behavior baseline: 18. Какие из них вы посещаете регулярно?,Use for B2C Choice / food/FMCG when frequency is decision-relevant.
sp_98345c329c65,tally_xXdNZJ,barrier,barrier map,"barrier map: 19. Назовите 2–3 причины, почему вы бы выбрали «Второй» — или почему не выбрали ",Use for B2C Choice / food/FMCG when barrier is decision-relevant.
sp_02de87ce4506,tally_xXdNZJ,behavior,behavior baseline,behavior baseline: 20. Посещаете ли вы «Уйде»?,Use for B2C Choice / food/FMCG when behavior is decision-relevant.
sp_cb1294edbe82,tally_xXdNZJ,behavior,behavior baseline,behavior baseline: 21. (если посещаете оба) Как вы для себя разделяете «Уйде» и «Второй»? (что «про,Use for B2C Choice / food/FMCG when behavior is decision-relevant.
sp_e750fb10b8ef,tally_w7KMxA,factor,factor hierarchy,"factor hierarchy: 2.1 Пожалуйста, оцените насколько важны для Вас следующие факторы при выборе раб",Use for EVP Employer / HR/EVP when factor is decision-relevant.
sp_2e3367cce025,tally_w7KMxA,trust,QFD,"QFD: 3.3 Какая компания-работодатель предлагает наилучшую стабильность, финансовую бе",Use for EVP Employer / HR/EVP when trust is decision-relevant.
sp_62db48a6e532,tally_mV81Wj,behavior,behavior baseline,behavior baseline: Введите свой ник-тг для идентификации (для интервьюеров),Use for B2C Choice / fitness/wellness when behavior is decision-relevant.
sp_5b704d66030c,tally_mV81Wj,behavior,behavior baseline,behavior baseline: Введите номер телефона клиента,Use for B2C Choice / fitness/wellness when behavior is decision-relevant.
sp_14ff34fef10f,tally_mV81Wj,scenario,JTBD map,"JTBD map: 1. Скажите, с какой целью вы когда-либо посещали Green Flow?(например, расслабит",Use for B2C Choice / fitness/wellness when scenario is decision-relevant.
sp_0ba110c166f6,tally_mV81Wj,scenario,JTBD map,JTBD map: 3. С какими проблемами/ситуациями из перечисленных далее Вы сталкивались за посл,Use for B2C Choice / fitness/wellness when scenario is decision-relevant.
sp_9d4af11a8425,tally_mV81Wj,WTP,price ladder,price ladder: 5. Сколько вы обычно в среднем тратите на поход в спа/баню и другие оздоровитель,Use for B2C Choice / fitness/wellness when WTP is decision-relevant.
sp_be606e359026,tally_mV81Wj,scenario,JTBD map,JTBD map: 7. Через какие каналы вы обычно ищете пути решения указанных выше проблем/ситуац,Use for B2C Choice / fitness/wellness when scenario is decision-relevant.
sp_deaea1cc50aa,tally_mV81Wj,factor,factor hierarchy,factor hierarchy: 8. Оцените от 1 до 5 важность наличия одной из зоны для вас при выборе места для,Use for B2C Choice / fitness/wellness when factor is decision-relevant.
sp_5a819af1707e,tally_mV81Wj,behavior,behavior baseline,behavior baseline: 9. Как давно Вы посещали фитнес-центры?,Use for B2C Choice / fitness/wellness when behavior is decision-relevant.
sp_f708699ad6c9,tally_mV81Wj,behavior,behavior baseline,behavior baseline: 10. Как давно Вы посещали спа-центры?,Use for B2C Choice / fitness/wellness when behavior is decision-relevant.
sp_db83e67eb18e,tally_mV81Wj,scenario,JTBD map,JTBD map: 11. Приобретали ли вы когда-нибудь комплексный абонемент или пакетное предложени,Use for B2C Choice / fitness/wellness when scenario is decision-relevant.
sp_a7388fb34670,tally_mV81Wj,behavior,behavior baseline,behavior baseline: 13. С кем вы обычно посещаете центры отдыха и оздоровления?,Use for B2C Choice / fitness/wellness when behavior is decision-relevant.
sp_b77b111d22b7,tally_mV81Wj,scenario,JTBD map,"JTBD map: 16. В какое время вы обычно посещаете процедуры и занятия, направленные на отдых",Use for B2C Choice / fitness/wellness when scenario is decision-relevant.
sp_32f6980d3613,tally_mV81Wj,behavior,behavior baseline,"behavior baseline: 17. В какой период  вы обычно посещаете процедуры и занятия, направленные на отд",Use for B2C Choice / fitness/wellness when behavior is decision-relevant.
sp_421a2af4f1d2,tally_mV81Wj,factor,factor hierarchy,"factor hierarchy: 18. Оцените от 1 до 5 важность факторов выбора центра отдыха и оздоровления, где",Use for B2C Choice / fitness/wellness when factor is decision-relevant.
sp_3b5a51ca8610,tally_mV81Wj,awareness,brand funnel,brand funnel: 19. Какие места для отдыха и оздоровления вы знаете?,Use for B2C Choice / fitness/wellness when awareness is decision-relevant.
sp_b6aacb81ac06,tally_mV81Wj,behavior,behavior baseline,"behavior baseline: 20. Назовите места, которые вы уже хотя бы раз посещали, чтобы отдохнуть и восст",Use for B2C Choice / fitness/wellness when behavior is decision-relevant.
sp_75eba4523238,tally_mV81Wj,WTP,price ladder,price ladder: 22. Какие из существующих вариантов являются наиболее доступным по стоимости? (П,Use for B2C Choice / fitness/wellness when WTP is decision-relevant.
sp_aed19253f072,tally_mV81Wj,channel,channel/trust map,"channel/trust map: 23. Визит, в каком центр отдыха и оздоровления Вы можете описать как самый запом",Use for B2C Choice / fitness/wellness when channel is decision-relevant.
sp_29e64023a809,tally_mV81Wj,channel,channel/trust map,"channel/trust map: 28. С какой вероятностью вы бы порекомендовали знакомым Green Flow Park, от 1 до",Use for B2C Choice / fitness/wellness when channel is decision-relevant.
sp_b65c3c8d47c8,tally_mV81Wj,awareness,brand funnel,"brand funnel: Расскажите, что вы знаете о концепции хилинг-центров?",Use for B2C Choice / fitness/wellness when awareness is decision-relevant.
sp_889f6b0de450,tally_mV81Wj,WTP,price ladder,"price ladder: Укажите, сколько вы обычно в среднем на поход в спа/баню и другие оздоровительно",Use for B2C Choice / fitness/wellness when WTP is decision-relevant.
sp_b97fb4545697,tally_wQYN7k,barrier,barrier map,barrier map: 9.2 Какие причины повлияли на Ваше решение поработать вахтовым методом?,Use for EVP Employer / HR/EVP when barrier is decision-relevant.
sp_978cf7d6316f,tally_wQYN7k,factor,factor hierarchy,"factor hierarchy: 12. Поделитесь, какие факторы для Вас наиболее важны при выборе компании, в кото",Use for EVP Employer / HR/EVP when factor is decision-relevant.
sp_6f97f1aab57c,tally_wQYN7k,factor,factor hierarchy,"factor hierarchy: 13. Скажите, пожалуйста, насколько факторы, которые Вы отметили как важные для В",Use for EVP Employer / HR/EVP when factor is decision-relevant.
sp_b78c75538f03,tally_wQYN7k,factor,factor hierarchy,"factor hierarchy: 14. Сейчас, давайте представим, что Вы выбираете для себя работу вахтовым методо",Use for EVP Employer / HR/EVP when factor is decision-relevant.
sp_de214369e547,tally_wQYN7k,factor,factor hierarchy,"factor hierarchy: 15. Подскажите, пожалуйста, а насколько факторы, на которые Вы обратили внимания",Use for EVP Employer / HR/EVP when factor is decision-relevant.
sp_dadd0af15e22,tally_wQYN7k,awareness,brand funnel,brand funnel: 17.1 Какие еще компании Вы знаете?,Use for EVP Employer / HR/EVP when awareness is decision-relevant.
sp_8a11b3fb3f2e,tally_wQYN7k,scenario,JTBD map,"JTBD map: 17.4 Подскажите, пожалуйста, по каким причинам у Вас нет опыта работы с кадровым",Use for EVP Employer / HR/EVP when scenario is decision-relevant.
sp_6438f6db89bb,tally_wQYN7k,factor,factor hierarchy,"factor hierarchy: 18. Оцените виды мотивации, которые Вы хотели бы видеть у своего работодателя?",Use for EVP Employer / HR/EVP when factor is decision-relevant.
sp_f446de461575,tally_wQYN7k,factor,factor hierarchy,"factor hierarchy: 20. Скажите, пожалуйста, какие факторы повлияли бы на Ваш возврат на повторную в",Use for EVP Employer / HR/EVP when factor is decision-relevant.
sp_dcf0947d53e1,tally_wQYN7k,factor,factor hierarchy,"factor hierarchy: 21. Давайте представим, что Вы вчера закончили вахту на проекте. Скажите, пожалу",Use for EVP Employer / HR/EVP when factor is decision-relevant.
sp_4cbf06b52a2d,tally_wQYN7k,scenario,JTBD map,JTBD map: 25. Сталкивались ли Вы с негативными ситуациями за период работы в АКМЭ? Расскаж,Use for EVP Employer / HR/EVP when scenario is decision-relevant.
sp_bff71016aef5,tally_wQYN7k,factor,factor hierarchy,"factor hierarchy: 26.Оцените представленные ниже факторы по шкале от 1 до 5, где:",Use for EVP Employer / HR/EVP when factor is decision-relevant.
sp_35e99aaa4106,tally_wQYN7k,factor,factor hierarchy,"factor hierarchy: 27. Оцените, пожалуйста, по шкале от 1 до 10, на сколько Вы готовы порекомендова",Use for EVP Employer / HR/EVP when factor is decision-relevant.
sp_e0ca9754e618,tally_w72OQ0,behavior,behavior baseline,behavior baseline: 2. Следите ли вы за своим питанием?,Use for B2C Choice / fitness/wellness when behavior is decision-relevant.
sp_dde3483d2997,tally_w72OQ0,frequency,behavior baseline,behavior baseline: 3. Как часто вы занимаетесь физической активностью?,Use for B2C Choice / fitness/wellness when frequency is decision-relevant.
sp_a696d0113fea,tally_w72OQ0,behavior,behavior baseline,"behavior baseline: 4. Посещаете ли вы оздоровительные центры (SPA, wellness)?",Use for B2C Choice / fitness/wellness when behavior is decision-relevant.
sp_5dc97b2d9fac,tally_w72OQ0,behavior,behavior baseline,behavior baseline: 6. Какие bath-house (бани) вы посещаете?,Use for B2C Choice / fitness/wellness when behavior is decision-relevant.
sp_7c518d1fa54e,tally_w72OQ0,behavior,behavior baseline,behavior baseline: 9. Посещаете ли вы другие виды водных процедур (сауны/хамамы)?,Use for B2C Choice / fitness/wellness when behavior is decision-relevant.
sp_4a8589de6cfa,tally_w72OQ0,behavior,behavior baseline,behavior baseline: 11. В какой компании вы обычно посещаете оздоровительные и банные комплексы?,Use for B2C Choice / fitness/wellness when behavior is decision-relevant.
sp_aa9ca7e3b7fb,tally_w72OQ0,scenario,JTBD map,"JTBD map: 12. Для каких целей вы, как правило, посещаете оздоровительные и банные комплекс",Use for B2C Choice / fitness/wellness when scenario is decision-relevant.
sp_6b6b344449c3,tally_w72OQ0,frequency,behavior baseline,behavior baseline: 13. Как часто вы посещаете оздоровительные и банные комплексы?,Use for B2C Choice / fitness/wellness when frequency is decision-relevant.
sp_764a3afcad75,tally_w72OQ0,WTP,price ladder,price ladder: 14. Сколько вы готовы заплатить за разовое посещение оздоровительного комплекса ,Use for B2C Choice / fitness/wellness when WTP is decision-relevant.
sp_6596709af956,tally_w72OQ0,WTP,price ladder,price ladder: 20. За какие услуги при посещении банно-оздоровительного комплекса вы были бы го,Use for B2C Choice / fitness/wellness when WTP is decision-relevant.
sp_67373ed0479d,tally_w72OQ0,barrier,barrier map,barrier map: 21. По какой причине вы могли бы попробовать охлаждающие услуги (снежная комната,Use for B2C Choice / fitness/wellness when barrier is decision-relevant.
sp_16b7906fbefd,tally_w72OQ0,factor,factor hierarchy,factor hierarchy: 23. Важно ли для вас соблюдение правил халяла при посещении банно-оздоровительно,Use for B2C Choice / fitness/wellness when factor is decision-relevant.
sp_1b461998e8d7,tally_w72OQ0,channel,channel/trust map,channel/trust map: 24. Через какие каналы коммуникации вы узнаете информацию пробанно-оздоровительн,Use for B2C Choice / fitness/wellness when channel is decision-relevant.
sp_ea59d929bc3b,tally_w72OQ0,behavior,behavior baseline,behavior baseline: 26. Какие банно-оздоровительные комплексы вы посещаете (ОАЭ/Дубай)?,Use for B2C Choice / fitness/wellness when behavior is decision-relevant.
sp_72b6317ca0ec,tally_w72OQ0,behavior,behavior baseline,"behavior baseline: 28. Какие 3 вещи вам нравятся больше всего в банно-оздоровительных комплексах, к",Use for B2C Choice / fitness/wellness when behavior is decision-relevant.
sp_528aefc0658e,tally_w72OQ0,behavior,behavior baseline,behavior baseline: 29. Какие 3 вещи вам не нравятся больше всего/не хватает в банно-оздоровительных,Use for B2C Choice / fitness/wellness when behavior is decision-relevant.
sp_d20c7fe3de10,tally_w72OQ0,channel,channel/trust map,channel/trust map: 9. Как вы бы отнеслись если бы в магазинах на территориибанно-оздоровительного к,Use for B2C Choice / fitness/wellness when channel is decision-relevant.
sp_10acb1f8a521,tally_w72OQ0,channel,channel/trust map,"channel/trust map: 10. Давайте представим, что в магазинах на территории банно-оздоровительного ко",Use for B2C Choice / fitness/wellness when channel is decision-relevant.
sp_a84ac3891174,tally_nrVLRL,barrier,barrier map,"barrier map: 1.1 Какова Ваша основная причина посещения врача? (Ответы не перечислять, а ждат",Use for B2C Choice / healthcare when barrier is decision-relevant.
sp_8f7c5e66b3e7,tally_nrVLRL,behavior,behavior baseline,behavior baseline: 1.2 Каким образом вы чаще всего приходите к пониманию необходимости посетить вра,Use for B2C Choice / healthcare when behavior is decision-relevant.
sp_299593fda29c,tally_nrVLRL,scenario,JTBD map,"JTBD map: 1.3 По каким причинам Вы чаще посещаете многопрофильные клиники, а когда отдаете",Use for B2C Choice / healthcare when scenario is decision-relevant.
sp_a2c5c05eab77,tally_nrVLRL,frequency,behavior baseline,"behavior baseline: 2.1. 	Как часто вы посещаете частные клиники?(Ответы не перечислять, а ждать отв",Use for B2C Choice / healthcare when frequency is decision-relevant.
sp_3441409ea8ff,tally_nrVLRL,frequency,behavior baseline,behavior baseline: 2.2	С чем связана такая редкая частота посещения?,Use for B2C Choice / healthcare when frequency is decision-relevant.
sp_68cf0b07b5ad,tally_nrVLRL,frequency,behavior baseline,"behavior baseline: 3.1. 	Как часто вы посещаете государственные клиники?(Ответы не перечислять, а ж",Use for B2C Choice / healthcare when frequency is decision-relevant.
sp_fdb9cfecbe44,tally_nrVLRL,frequency,behavior baseline,behavior baseline: 3.2	С чем связана такая частота посещения государственных клиник?,Use for B2C Choice / healthcare when frequency is decision-relevant.
sp_8ca0d4a5cb54,tally_nrVLRL,behavior,behavior baseline,behavior baseline: 3.3	Почему вы посещаете государственные клиники?,Use for B2C Choice / healthcare when behavior is decision-relevant.
sp_3c17892b7d85,tally_nrVLRL,behavior,behavior baseline,behavior baseline: 3.4	Каких врачей в клиниках вы посещаете?,Use for B2C Choice / healthcare when behavior is decision-relevant.
sp_af80ad9daa37,tally_nrVLRL,behavior,behavior baseline,behavior baseline: 4.1 Проходите ли вы ПМО (Профилактический медицинский осмотр)?,Use for B2C Choice / healthcare when behavior is decision-relevant.
sp_d52d636f63d2,tally_nrVLRL,factor,factor hierarchy,"factor hierarchy: 4.2 Оцените от 1 до 5 важность для вас факторов этого решения (прохождение ПМО),",Use for B2C Choice / healthcare when factor is decision-relevant.
sp_01d97cf11583,tally_nrVLRL,factor,factor hierarchy,factor hierarchy: 4.3 Оцените от 1 до 5 важность для вас факторов этого решения (отказ от прохожде,Use for B2C Choice / healthcare when factor is decision-relevant.
sp_66a4e5cf82a9,tally_nrVLRL,factor,factor hierarchy,"factor hierarchy: 5. Оцените от 1 до 5 важность факторов выбора клиники, где 1 – это незначимый фа",Use for B2C Choice / healthcare when factor is decision-relevant.
sp_29d6844502ff,tally_nrVLRL,scenario,JTBD map,"JTBD map: 6.1	Какие переживания или страхи возникают у вас, когда вы обращаетесь в частную",Use for B2C Choice / healthcare when scenario is decision-relevant.
sp_9ad358a65060,tally_nrVLRL,behavior,behavior baseline,behavior baseline: 7.1 В каком формате вы обычно посещаете частные клиники?,Use for B2C Choice / healthcare when behavior is decision-relevant.
sp_de56cecc45c0,tally_nrVLRL,barrier,barrier map,"barrier map: 8.2. Если бы в клинике была бы возможность посетить прием онлайн, чтобы вас заст",Use for B2C Choice / healthcare when barrier is decision-relevant.
sp_dc8e9f123074,tally_nrVLRL,scenario,JTBD map,JTBD map: Опишите такую ситуацию:,Use for B2C Choice / healthcare when scenario is decision-relevant.
sp_5ba6ca55107b,tally_nrVLRL,scenario,JTBD map,"JTBD map: 10. В каких ситуациях,  вы бы обращаетесь в другую клинику? (немного перефразиро",Use for B2C Choice / healthcare when scenario is decision-relevant.
sp_267d6c14807b,tally_nrVLRL,scenario,JTBD map,JTBD map: 11. Для каких медицинских услуг вы выбираете другие учреждения? (Ответы не переч,Use for B2C Choice / healthcare when scenario is decision-relevant.
sp_e078af0e207d,tally_nrVLRL,awareness,brand funnel,brand funnel: 12.  Какие клиники в Одинцово вы знаете?,Use for B2C Choice / healthcare when awareness is decision-relevant.
sp_ac473319a8e8,tally_nrVLRL,behavior,behavior baseline,behavior baseline: 13. Какие клиники в Одинцово вы посещаете?,Use for B2C Choice / healthcare when behavior is decision-relevant.
sp_0310939c1258,tally_nrVLRL,behavior,behavior baseline,behavior baseline: 21. В каких клиниках вы проходите ПМО (Профилактический медицинский осмотр)?,Use for B2C Choice / healthcare when behavior is decision-relevant.
sp_e003d555faf4,tally_nrVLRL,factor,factor hierarchy,factor hierarchy: 24.1 Оцените качество работы администраторов в клинике по шкале от 1(плохо) до 5,Use for B2C Choice / healthcare when factor is decision-relevant.
sp_9c9fa4b30b34,tally_nrVLRL,factor,factor hierarchy,"factor hierarchy: 25.1 Оцените по 10-бальной шкале, с какой вероятностью вы бы порекомендовали к",Use for B2C Choice / healthcare when factor is decision-relevant.
sp_4081554452f5,tally_w2xJ1V,scenario,JTBD map,"JTBD map: 1. Когда Вы столкнулись с вопросом или проблемой со здоровьем, в каких источника",Use for B2C Choice / healthcare when scenario is decision-relevant.
sp_c8de36e4584c,tally_w2xJ1V,scenario,JTBD map,"JTBD map: 2. Что послужило мотивом, когда Вы впервые обратились за профессиональной помощь",Use for B2C Choice / healthcare when scenario is decision-relevant.
sp_9e700d209f2d,tally_w2xJ1V,WTP,price ladder,price ladder: 3. В какой момент Вы приходите к пониманию необходимости посетить врача?(Выберит,Use for B2C Choice / healthcare when WTP is decision-relevant.
sp_68121e9a86e2,tally_w2xJ1V,barrier,barrier map,barrier map: 4. По какой причине вы обращались к мануальному терапевту?,Use for B2C Choice / healthcare when barrier is decision-relevant.
sp_5bb4ff6b239d,tally_w2xJ1V,behavior,behavior baseline,behavior baseline: 5. При каком из типов лечения какую клинику Вы выберете?,Use for B2C Choice / healthcare when behavior is decision-relevant.
sp_6bc05d602a31,tally_w2xJ1V,WTP,price ladder,price ladder: 6. Почему Вы посещаете клинику Свобода движения?(Выберите несколько вариантов),Use for B2C Choice / healthcare when WTP is decision-relevant.
sp_f68b5be1e400,tally_w2xJ1V,factor,factor hierarchy,"factor hierarchy: 7. Оцените от 1 до 5 важность факторов выбора клиники, где 1 – это незначительны",Use for B2C Choice / healthcare when factor is decision-relevant.
sp_a2966129fe2d,tally_w2xJ1V,WTP,price ladder,"price ladder: 8. Перечислите профильные специализированные клиники, которые Вы знаете.(Выберит",Use for B2C Choice / healthcare when WTP is decision-relevant.
sp_0a0d9842fbc9,tally_w2xJ1V,behavior,behavior baseline,"behavior baseline: 9. Перечислите профильные специализированные клиники, которые Вы посещали в тече",Use for B2C Choice / healthcare when behavior is decision-relevant.
sp_1d13ef746e80,tally_w2xJ1V,WTP,price ladder,price ladder: 18. Откуда Вы узнали про клинику Свобода движения?(Выберите несколько вариантов),Use for B2C Choice / healthcare when WTP is decision-relevant.
sp_daa6ca6a765b,tally_w2xJ1V,barrier,barrier map,barrier map: 21.1 По какой причине Вы решили продолжить лечение в другой клинике?(Выберите не,Use for B2C Choice / healthcare when barrier is decision-relevant.
sp_791b0f66a369,tally_w2xJ1V,WTP,price ladder,"price ladder: 21. Что влияет на принятие решения и снижение опасений, которые у Вас были при в",Use for B2C Choice / healthcare when WTP is decision-relevant.
sp_e7249665a34f,tally_w2xJ1V,WTP,price ladder,price ladder: 22. Вам было бы удобнее посещать клинику.(Выберите несколько вариантов),Use for B2C Choice / healthcare when WTP is decision-relevant.
sp_ed7d1e76c8b6,tally_w2xJ1V,WTP,price ladder,price ladder: 23. Почему Вы могли бы прервать план лечения?(Выберите несколько вариантов),Use for B2C Choice / healthcare when WTP is decision-relevant.
sp_423be1168a1f,tally_w2xJ1V,factor,factor hierarchy,factor hierarchy: 25. Готовы ли Вы рекомендовать услуги клиники “Свободу Движения” друзьям/родстве,Use for B2C Choice / healthcare when factor is decision-relevant.
sp_5d189b671588,tally_w2xJ1V,factor,factor hierarchy,factor hierarchy: 26. Оцените качество сервиса в клинике Свобода Движения от 1 до 10,Use for B2C Choice / healthcare when factor is decision-relevant.
sp_da0b2e879f2f,tally_w2xJ1V,factor,factor hierarchy,factor hierarchy: 27. Оцените работу менеджера колл-центра в клинике Свобода Движения от 1 до 10,Use for B2C Choice / healthcare when factor is decision-relevant.
sp_f552c38a9bc0,tally_w2xJ1V,factor,factor hierarchy,factor hierarchy: 28. Оцените работу администратора в клинике  Свобода Движения от 1 до 10,Use for B2C Choice / healthcare when factor is decision-relevant.
sp_fdeb558560ca,tally_w2xJ1V,factor,factor hierarchy,factor hierarchy: 29. Оцените работу координатора в клинике Свобода Движения от 1 до 10,Use for B2C Choice / healthcare when factor is decision-relevant.
sp_8f84ea1a486a,tally_w2xJ1V,factor,factor hierarchy,factor hierarchy: 30. Оцените работу врача в клинике Свобода Движения от 1 до 10,Use for B2C Choice / healthcare when factor is decision-relevant.
sp_344c9e961acd,tally_w2xJ1V,frequency,behavior baseline,behavior baseline: 33. Как часто Вы посещаете частные клиники?,Use for B2C Choice / healthcare when frequency is decision-relevant.
sp_4816e6769823,tally_w2xJ1V,barrier,barrier map,barrier map: 3. По какой причине Вы чаще всего посещаете клинику?,Use for B2C Choice / healthcare when barrier is decision-relevant.
sp_3e8cd33adf5e,tally_w2xJ1V,barrier,barrier map,barrier map: 4. По какой причине вы обращались к мануальному терапевту?(Выберите несколько ва,Use for B2C Choice / healthcare when barrier is decision-relevant.
sp_c4be65085319,tally_nrorkp,behavior,behavior baseline,behavior baseline: 1. Посещаете ли Вы IT-Конференции?,Use for Event Conference / event/conference when behavior is decision-relevant.
sp_d470f856cc7f,tally_nrorkp,barrier,barrier map,barrier map: 2. Почему вы не посещаете IT-Конференции?,Use for Event Conference / event/conference when barrier is decision-relevant.
sp_66258397a448,tally_nrorkp,frequency,behavior baseline,behavior baseline: 5. Как часто Вы посещаете мероприятия?,Use for Event Conference / event/conference when frequency is decision-relevant.
sp_1efaf3e96d48,tally_nrorkp,scenario,JTBD map,JTBD map: 6. Для каких целей Вы посещаете конференции?,Use for Event Conference / event/conference when scenario is decision-relevant.
sp_65f4e5d76059,tally_nrorkp,behavior,behavior baseline,"behavior baseline: 8. Чего вам не хватило на тех конференциях, которые Вы посещали последние 2-3 го",Use for Event Conference / event/conference when behavior is decision-relevant.
sp_4f4dcf86723d,tally_nrorkp,consideration,brand funnel,brand funnel: 9. Какую максимальную цену офлайн+онлайн билета на мероприятие Вы рассматриваете,Use for Event Conference / event/conference when consideration is decision-relevant.
sp_161604febf0d,tally_nrorkp,consideration,brand funnel,brand funnel: 10. Какую максимальную цену билета на онлайн-мероприятие Вы рассматриваете для с,Use for Event Conference / event/conference when consideration is decision-relevant.
sp_b7861139fa04,tally_nrorkp,factor,factor hierarchy,factor hierarchy: 12. Какие факторы для Вас наиболее важны при посещении онлайн мероприятий? (Оцен,Use for Event Conference / event/conference when factor is decision-relevant.
sp_b8f6639e63ed,tally_nrorkp,factor,factor hierarchy,factor hierarchy: 13. Какие факторы для Вас наиболее важны при посещении офлайн мероприятий? (Оцен,Use for Event Conference / event/conference when factor is decision-relevant.
sp_a2246bcab9ec,tally_nrorkp,channel,channel/trust map,channel/trust map: 14. Через какие каналы Вы узнаете о конференции?,Use for Event Conference / event/conference when channel is decision-relevant.
sp_ceb3c96d8d74,tally_nrorkp,awareness,brand funnel,brand funnel: 15. Каких из нижеперечисленных организаторов конференций Вы знаете?,Use for Event Conference / event/conference when awareness is decision-relevant.
sp_75a3e117576c,tally_nrorkp,frequency,behavior baseline,behavior baseline: 18. Мероприятия каких организаторов конференций Вы посещаете регулярно?,Use for Event Conference / event/conference when frequency is decision-relevant.
sp_bf602702a258,tally_nrorkp,barrier,barrier map,"barrier map: 19. Мероприятия каких организаторов конференций Вы посещали, но перестали?",Use for Event Conference / event/conference when barrier is decision-relevant.
sp_03aba48b7f0a,tally_nrorkp,awareness,brand funnel,brand funnel: 20. Какие из нижеперечисленных конференций Вы знаете?,Use for Event Conference / event/conference when awareness is decision-relevant.
sp_1f360b917902,tally_nrorkp,behavior,behavior baseline,behavior baseline: 21. Какие из нижеперечисленных конференции Вы посещали хотя бы раз?,Use for Event Conference / event/conference when behavior is decision-relevant.
sp_0af3ad781fdb,tally_nrorkp,frequency,behavior baseline,behavior baseline: 23. Какие из нижеперечисленных конференций Вы посещаете регулярно?,Use for Event Conference / event/conference when frequency is decision-relevant.
sp_c93f0a3e1f42,tally_nrorkp,barrier,barrier map,"barrier map: 24. Какие из нижеперечисленных конференций Вы посещали, но перестали?",Use for Event Conference / event/conference when barrier is decision-relevant.
sp_af64f15ad1d0,tally_nrorkp,barrier,barrier map,"barrier map: 25. Укажите причину, по которой Вы перестали посещать выбранные конференции",Use for Event Conference / event/conference when barrier is decision-relevant.
sp_809249795d75,tally_wd7Ojy,scenario,JTBD map,JTBD map: В каких ситуациях вы чаще всего заказываете доставку еды в «Восточке»?,Use for B2C Choice / food/FMCG when scenario is decision-relevant.
sp_ef8e0b73c87f,tally_wd7Ojy,scenario,JTBD map,JTBD map: В какое время суток вы чаще всего заказываете доставку еды в «Восточке»?,Use for B2C Choice / food/FMCG when scenario is decision-relevant.
sp_336634c8aa28,tally_wd7Ojy,scenario,JTBD map,JTBD map: В какое время вы обычно заказываете доставку в «Восточке» и что обычно берете?,Use for B2C Choice / food/FMCG when scenario is decision-relevant.
sp_66a15e06d9f7,tally_wd7Ojy,WTP,price ladder,"price ladder: Если вам нужно будет экономить, насколько легко вы откажитесь от покупок в «Вост",Use for B2C Choice / food/FMCG when WTP is decision-relevant.
sp_e46563249f77,tally_wd7Ojy,WTP,price ladder,price ladder: Сколько у вас обычно выходит на один заказ в «Восточке»?,Use for B2C Choice / food/FMCG when WTP is decision-relevant.
sp_99b707f2cac6,tally_wd7Ojy,factor,factor hierarchy,factor hierarchy: Насколько важны для вас следующие факторы при заказе еды в «Восточке»?  Шкала 1–,Use for B2C Choice / food/FMCG when factor is decision-relevant.
sp_e4f66cf7e2a0,tally_wd7Ojy,scenario,JTBD map,JTBD map: Для каких ситуаций вы предпочитаете другие заведения быстрого питания помимо «Во,Use for B2C Choice / food/FMCG when scenario is decision-relevant.
sp_821482745532,tally_wd7Ojy,barrier,barrier map,"barrier map: Если вы оформляете доставку в других местах (не у нас), укажите основные причины",Use for B2C Choice / food/FMCG when barrier is decision-relevant.
sp_65cf3ce20191,tally_wd7Ojy,behavior,behavior baseline,behavior baseline: Каким способом вы обычно оформляете доставку из «Восточки»?,Use for B2C Choice / food/FMCG when behavior is decision-relevant.
sp_4788b3ddb6c7,tally_wd7Ojy,frequency,behavior baseline,behavior baseline: Как часто вы заказывали доставку из «Восточки» за последние 3 месяца?Отметьте по,Use for B2C Choice / food/FMCG when frequency is decision-relevant.
sp_5f7a5a3941f0,tally_wd7Ojy,frequency,behavior baseline,behavior baseline: За последние 3 месяца сталкивались ли вы с проблемами при доставке из «Восточки»,Use for B2C Choice / food/FMCG when frequency is decision-relevant.
sp_7731594944f7,tally_wd7Ojy,barrier,barrier map,"barrier map: Если вы перестали заказывать доставку из «Восточки», почему?",Use for B2C Choice / food/FMCG when barrier is decision-relevant.
sp_526e8cbd9212,tally_wd7Ojy,switching,barrier map,"barrier map: Напишите, какие альтернативные каналы доставки еще знаете? (2-3 сервиса)",Use for B2C Choice / food/FMCG when switching is decision-relevant.
sp_ef61ff2eef8a,tally_wd7Ojy,frequency,behavior baseline,behavior baseline: Как часто планируете заказывать в «Восточке» в будущем?,Use for B2C Choice / food/FMCG when frequency is decision-relevant.
sp_814169555037,tally_311M4Q,factor,factor hierarchy,"factor hierarchy: Что для вас важно при выборе праймера для наращивания? Опишите, пожалуйста",Use for B2B2C / construction/materials when factor is decision-relevant.
sp_d69964759131,tally_311M4Q,factor,factor hierarchy,"factor hierarchy: Что для вас важно при выборе обезжиривателя для наращивания? Опишите, пожалуйста",Use for B2B2C / construction/materials when factor is decision-relevant.
sp_eee8b1f4ce4f,tally_311M4Q,factor,factor hierarchy,factor hierarchy: Что для вас важно при выборе готовых пучков для наращивания?,Use for B2B2C / construction/materials when factor is decision-relevant.
sp_5ba42f07715e,tally_311M4Q,factor,factor hierarchy,factor hierarchy: Какие факторы при выборе ресниц для наращивания для вас являются важными? Оценит,Use for B2B2C / construction/materials when factor is decision-relevant.
sp_90ecc8a4b97b,tally_311M4Q,factor,factor hierarchy,factor hierarchy: Какие факторы при выборе черного клея для наращивания для вас являются важными? ,Use for B2B2C / construction/materials when factor is decision-relevant.
sp_46a9aae6fe40,tally_311M4Q,factor,factor hierarchy,factor hierarchy: Какие факторы при выборе ремувера для наращивания для вас являются важными? (Оце,Use for B2B2C / construction/materials when factor is decision-relevant.
sp_da91194d1e65,tally_311M4Q,channel,channel/trust map,channel/trust map: Через какие каналы коммуникации вы узнаете информацию о продукции?,Use for B2B2C / construction/materials when channel is decision-relevant.
sp_92cff69963ae,tally_311M4Q,WTP,price ladder,price ladder: Насколько часто вы покупаете продукты для наращивания?,Use for B2B2C / construction/materials when WTP is decision-relevant.
sp_ba48f6d93892,tally_311M4Q,WTP,price ladder,price ladder: Сколько палеток ресниц для наращивания вы покупаете за 1 закупку?,Use for B2B2C / construction/materials when WTP is decision-relevant.
sp_12f3d21d698d,tally_311M4Q,channel,channel/trust map,channel/trust map: Где вы приобретаете продукты по наращиванию ресниц?,Use for B2B2C / construction/materials when channel is decision-relevant.
sp_2233f180ef29,tally_311M4Q,awareness,brand funnel,brand funnel: Какие из следующих брендов в наращивании ресниц вы знаете?,Use for B2B2C / construction/materials when awareness is decision-relevant.
sp_84c36f8a1786,tally_311M4Q,scenario,JTBD map,JTBD map: Какие из следующих брендов в наращивании ресниц вы когда-либо покупали?,Use for B2B2C / construction/materials when scenario is decision-relevant.
sp_b58bea089b8a,tally_311M4Q,frequency,behavior baseline,behavior baseline: Ресницы для наращивания каких брендов вы покупали за последние 6 месяцев?,Use for B2B2C / construction/materials when frequency is decision-relevant.
sp_6e994939c115,tally_311M4Q,behavior,behavior baseline,behavior baseline: Ресницы для наращивания каких брендов вы покупаете чаще всего?,Use for B2B2C / construction/materials when behavior is decision-relevant.
sp_42ffaf0a3235,tally_311M4Q,frequency,behavior baseline,behavior baseline: Клей для наращивания каких брендов вы покупали за последние 6 месяцев?,Use for B2B2C / construction/materials when frequency is decision-relevant.
sp_ba411df0d92b,tally_311M4Q,behavior,behavior baseline,behavior baseline: Клей для наращивания каких брендов вы покупаете чаще всего?,Use for B2B2C / construction/materials when behavior is decision-relevant.
sp_3b30e9a4eec2,tally_311M4Q,frequency,behavior baseline,behavior baseline: Ремуверы для наращивания каких брендов вы покупали за последние 6 месяцев?,Use for B2B2C / construction/materials when frequency is decision-relevant.
sp_9d6f7d6371a4,tally_311M4Q,behavior,behavior baseline,behavior baseline: Ремуверы для наращивания каких брендов вы покупаете чаще всего?,Use for B2B2C / construction/materials when behavior is decision-relevant.
sp_7e0c8e661b5a,tally_311M4Q,frequency,behavior baseline,"behavior baseline: Препараты (обезжириватели, праймеры, гасители клея и тд) для наращивания каких б",Use for B2B2C / construction/materials when frequency is decision-relevant.
sp_4c8d7332c729,tally_311M4Q,behavior,behavior baseline,"behavior baseline: Препараты (обезжириватели, праймеры, гасители клея и тд) для наращивания каких б",Use for B2B2C / construction/materials when behavior is decision-relevant.
sp_aab13bb34c75,tally_311M4Q,barrier,barrier map,"barrier map: Какие бренды в наращивании ресниц вы покупали, но перестали?",Use for B2B2C / construction/materials when barrier is decision-relevant.
sp_25397b47e4b3,tally_311M4Q,barrier,barrier map,"barrier map: Укажите причины, по которым вы перестали их покупать:",Use for B2B2C / construction/materials when barrier is decision-relevant.
sp_9b085e98c1f3,tally_311M4Q,WTP,price ladder,"price ladder: Какие бренды материалов для наращивания ресниц, на ваш взгляд, продаются по дост",Use for B2B2C / construction/materials when WTP is decision-relevant.
sp_d992ccf7bb6f,tally_311M4Q,awareness,brand funnel,"brand funnel: Какие бренды продуктов для наращивания ресниц, на ваш взгляд, обладают самым шир",Use for B2B2C / construction/materials when awareness is decision-relevant.
sp_38ecb1148b58,tally_311M4Q,awareness,brand funnel,"brand funnel: Какие бренды продуктов для наращивания ресниц, на ваш взгляд обладают самыми инн",Use for B2B2C / construction/materials when awareness is decision-relevant.
sp_c4633266e628,tally_311M4Q,awareness,brand funnel,"brand funnel: Какие бренды материалов для наращивания ресниц, по вашему мнению, в большей степ",Use for B2B2C / construction/materials when awareness is decision-relevant.
sp_df5b5053864c,tally_311M4Q,awareness,brand funnel,brand funnel: Какие бренды в наращивании ресниц вы считаете премиальными?,Use for B2B2C / construction/materials when awareness is decision-relevant.
sp_051a05e7ef93,tally_311M4Q,channel,channel/trust map,"channel/trust map: Какие бренды продуктов для наращивания ресниц, на ваш взгляд, обладают наиболее ",Use for B2B2C / construction/materials when channel is decision-relevant.
sp_c86e4301979d,tally_311M4Q,trust,QFD,"QFD: Продукты каких брендов для наращивания ресниц, на ваш взгляд, обладают высоким к",Use for B2B2C / construction/materials when trust is decision-relevant.
sp_87ef5a0263b7,tally_311M4Q,awareness,brand funnel,"brand funnel: Какие бренды материалов для наращивания ресниц, на ваш взгляд, ялвяются популярн",Use for B2B2C / construction/materials when awareness is decision-relevant.
sp_42ddc2815a2f,tally_311M4Q,awareness,brand funnel,"brand funnel: Какие бренды в наращивании ресниц, по вашему мнению, выглядят современными?",Use for B2B2C / construction/materials when awareness is decision-relevant.
sp_8ab99d5d653b,tally_311M4Q,awareness,brand funnel,"brand funnel: Какие бренды, по вашему мнению, ассоциирются с экспертизой в наращивании ресниц?",Use for B2B2C / construction/materials when awareness is decision-relevant.
sp_d1cefe2c2de9,tally_311M4Q,behavior,behavior baseline,behavior baseline: Какой бренд в наращивании ресниц вы покупаете чаще всего?,Use for B2B2C / construction/materials when behavior is decision-relevant.
sp_30a60c0eb6c8,tally_311M4Q,behavior,behavior baseline,"behavior baseline: Пожалуйста, выберите высказывания, которые наилучшим образом описывают, почему в",Use for B2B2C / construction/materials when behavior is decision-relevant.
sp_4fd024682003,tally_311M4Q,scenario,JTBD map,"JTBD map: Представьте, что вы пришли покупать ресницы для наращивания и увидели, что друго",Use for B2B2C / construction/materials when scenario is decision-relevant.
sp_cafbb7242af7,tally_311M4Q,channel,channel/trust map,"channel/trust map: Укажите, пожалуйста,  ваш профиль в социальных сетях (где вы чаще всего бываете)",Use for B2B2C / construction/materials when channel is decision-relevant.
sp_2e6727869fad,tally_311M4Q,factor,factor hierarchy,factor hierarchy: Какие факторы при выборе составов для ламинирования для вас являются важными? (О,Use for B2B2C / construction/materials when factor is decision-relevant.
sp_d3c1f2010e1f,tally_311M4Q,factor,factor hierarchy,factor hierarchy: Какие факторы при выборе клея для ламинирования для вас являются важными? (Оцени,Use for B2B2C / construction/materials when factor is decision-relevant.
sp_a7e0c3d9141a,tally_311M4Q,WTP,price ladder,price ladder: Насколько часто вы покупаете продукцию для ламинирования ресниц,Use for B2B2C / construction/materials when WTP is decision-relevant.
sp_140fef40b964,tally_311M4Q,channel,channel/trust map,channel/trust map: Где вы приобретаете продукты для ламинирования ресниц?,Use for B2B2C / construction/materials when channel is decision-relevant.
sp_10fcca099fba,tally_311M4Q,awareness,brand funnel,brand funnel: Какие из следующих брендов в ламинирование ресниц вы знаете?,Use for B2B2C / construction/materials when awareness is decision-relevant.
sp_0e4c94f93b2c,tally_311M4Q,scenario,JTBD map,JTBD map: Какие из следующих брендов в ламинировании ресниц вы когда-либо покупали?,Use for B2B2C / construction/materials when scenario is decision-relevant.
sp_8261887f4746,tally_311M4Q,frequency,behavior baseline,behavior baseline: Составы для ламинирования каких брендов вы покупали за последние 6 месяцев?,Use for B2B2C / construction/materials when frequency is decision-relevant.
sp_59d874cbb7e8,tally_311M4Q,trust,QFD,QFD: Составы для ламинирования каких брендов вы покупаете чаще всего?,Use for B2B2C / construction/materials when trust is decision-relevant.
sp_56926337164a,tally_311M4Q,frequency,behavior baseline,behavior baseline: Клей для ламинирования каких брендов вы покупали за последние 6 месяцев?,Use for B2B2C / construction/materials when frequency is decision-relevant.
sp_77b3d80e481c,tally_311M4Q,behavior,behavior baseline,behavior baseline: Клей для ламинирования каких брендов вы покупаете чаще всего?,Use for B2B2C / construction/materials when behavior is decision-relevant.
sp_dd6b87f668e6,tally_311M4Q,barrier,barrier map,"barrier map: Какие бренды в ламинировании ресниц вы покупали, но перестали?",Use for B2B2C / construction/materials when barrier is decision-relevant.
sp_73ed4e1da1cb,tally_311M4Q,barrier,barrier map,"barrier map: Укажите причины, по которым вы перестали их покупать?",Use for B2B2C / construction/materials when barrier is decision-relevant.
sp_7bd085905f4d,tally_311M4Q,WTP,price ladder,"price ladder: Материалы каких брендов для ламинирования ресниц, на ваш взгляд, продаются по до",Use for B2B2C / construction/materials when WTP is decision-relevant.
sp_2ec123a28605,tally_311M4Q,awareness,brand funnel,"brand funnel: Какие бренды продуктов для ламинирования ресниц, на ваш взгляд, обладают самым ш",Use for B2B2C / construction/materials when awareness is decision-relevant.
sp_d8268373045a,tally_311M4Q,awareness,brand funnel,"brand funnel: Какие бренды продуктов для ламинирования ресниц, на ваш взгляд, обладают самым и",Use for B2B2C / construction/materials when awareness is decision-relevant.
sp_395e808cee24,tally_311M4Q,channel,channel/trust map,"channel/trust map: Какие бренды продуктов для ламинирования ресниц, на ваш взгляд, обладают наиболе",Use for B2B2C / construction/materials when channel is decision-relevant.
sp_10bbd3b8415b,tally_311M4Q,trust,QFD,"QFD: Продукты каких брендов для ламинирования ресниц, на ваш взгляд, обладают высоким",Use for B2B2C / construction/materials when trust is decision-relevant.
sp_a98e2f16ebad,tally_311M4Q,awareness,brand funnel,"brand funnel: Какие бренды в ламинировании ресниц, по вашему мнению, выглядят современными?",Use for B2B2C / construction/materials when awareness is decision-relevant.
sp_dc269730eb3c,tally_311M4Q,awareness,brand funnel,"brand funnel: Какие бренды, по вашему мнению, больше всего ассоциируются с экспертизой в ламин",Use for B2B2C / construction/materials when awareness is decision-relevant.
sp_6daa596e0aae,tally_311M4Q,awareness,brand funnel,"brand funnel: Какие бренды материалов для ламинирования ресниц, по вашему мнению, в большей ст",Use for B2B2C / construction/materials when awareness is decision-relevant.
sp_6c7c92bd5daf,tally_311M4Q,awareness,brand funnel,brand funnel: Какие бренды в ламинировании ресниц вы считаете премиальными?,Use for B2B2C / construction/materials when awareness is decision-relevant.
sp_4738f972ebf6,tally_311M4Q,scenario,JTBD map,"JTBD map: Представьте, что вы пришли покупать составы для ламинирования ресниц и увидели, ",Use for B2B2C / construction/materials when scenario is decision-relevant.
sp_8025d13f4713,tally_EkPbkr,scenario,JTBD map,JTBD map: 1. С какой целью вы обычно посещаете «Уйде»? (можно выбрать несколько),Use for B2C Choice / food/FMCG when scenario is decision-relevant.
sp_e7361b470cde,tally_EkPbkr,scenario,JTBD map,JTBD map: 2. Когда вы чаще всего выбираете «Уйде»? (можно выбрать несколько),Use for B2C Choice / food/FMCG when scenario is decision-relevant.
sp_61415e70e867,tally_EkPbkr,scenario,JTBD map,JTBD map: 4. (если в вопросе выше «очень редко» или «никогда») Почему вы не заказываете ед,Use for B2C Choice / food/FMCG when scenario is decision-relevant.
sp_a5bce6e079f1,tally_EkPbkr,WTP,price ladder,"price ladder: 6. Если представить, что в «Уйде» появится отдельная «баурсачная» логика (быстро",Use for B2C Choice / food/FMCG when WTP is decision-relevant.
sp_288e10afe871,tally_EkPbkr,WTP,price ladder,price ladder: 7. Какие варианты баурсаков/подачи были бы вам наиболее интересны? (можно выбрат,Use for B2C Choice / food/FMCG when WTP is decision-relevant.
sp_68503f00bb9e,tally_EkPbkr,WTP,price ladder,price ladder: 8. В какие дни недели вы обычно посещаете «Уйде»? (можно выбрать несколько),Use for B2C Choice / food/FMCG when WTP is decision-relevant.
sp_7b28d33fc1c4,tally_EkPbkr,scenario,JTBD map,JTBD map: 9. В какое время вы обычно приходите в «Уйде»?,Use for B2C Choice / food/FMCG when scenario is decision-relevant.
sp_4078213ed85d,tally_EkPbkr,frequency,behavior baseline,behavior baseline: 10. Как часто вы посещаете «Уйде»?,Use for B2C Choice / food/FMCG when frequency is decision-relevant.
sp_766513bf29cf,tally_EkPbkr,WTP,price ladder,"price ladder: 12. Что вы обычно делаете, если в «Уйде» нет мест? (можно выбрать несколько)",Use for B2C Choice / food/FMCG when WTP is decision-relevant.
sp_f3a8e14fbdf1,tally_EkPbkr,barrier,barrier map,barrier map: 13. Что чаще всего «тормозит» ваш визит в «Уйде» (если что-то тормозит)? (можно ,Use for B2C Choice / food/FMCG when barrier is decision-relevant.
sp_70f73a379ccf,tally_EkPbkr,WTP,price ladder,"price ladder: 15. Насколько для вас допустимо, что в «Уйде» бывает тесно и шумно, если напитки",Use for B2C Choice / food/FMCG when WTP is decision-relevant.
sp_7fa27da4e42f,tally_EkPbkr,behavior,behavior baseline,"behavior baseline: 16. Посещаете ли вы также «Второй» (по соседству, гастробар)?",Use for B2C Choice / food/FMCG when behavior is decision-relevant.
sp_97957f0e0312,tally_EkPbkr,behavior,behavior baseline,behavior baseline: 17. (если посещаете оба) Как вы для себя разделяете «Уйде» и «Второй»? Зачем идё,Use for B2C Choice / food/FMCG when behavior is decision-relevant.
sp_ca2c237ddcbf,tally_EkPbkr,awareness,brand funnel,brand funnel: 18. Какие бары кроме «Уйде» вы знаете в Астане?,Use for B2C Choice / food/FMCG when awareness is decision-relevant.
sp_01c1928e433c,tally_EkPbkr,behavior,behavior baseline,behavior baseline: 19. Какие бары вы посещаете помимо «Уйде»?,Use for B2C Choice / food/FMCG when behavior is decision-relevant.
sp_dfe40742af1f,tally_EkPbkr,barrier,barrier map,"barrier map: 21. Назовите 2–3 причины, почему вы выбираете именно «Уйде» (заведение №1).",Use for B2C Choice / food/FMCG when barrier is decision-relevant.
sp_ea433b05ddde,tally_EkPbkr,WTP,price ladder,price ladder: 31. Почему? (можно выбрать несколько),Use for B2C Choice / food/FMCG when WTP is decision-relevant.
sp_5bfa60e077fb,tally_EkPbkr,WTP,price ladder,price ladder: 32. Насколько вам понравился фирменный ассортимент пива/сидра?,Use for B2C Choice / food/FMCG when WTP is decision-relevant.
sp_05dd0e3fe7bf,tally_EkPbkr,WTP,price ladder,price ladder: 33. Что из перечисленных видов пива вы предпочитаете? (можно выбрать несколько),Use for B2C Choice / food/FMCG when WTP is decision-relevant.
sp_aae3bcc505dc,tally_EkPbkr,WTP,price ladder,price ladder: 34. Сколько вы готовы заплатить за бокал пива 450 мл?,Use for B2C Choice / food/FMCG when WTP is decision-relevant.
sp_8149291dc6a0,tally_wQg7B1,channel,channel/trust map,channel/trust map: Какой канал покупки вы предпочитаете?,Use for B2C Choice / food/FMCG when channel is decision-relevant.
sp_0700aca0df36,tally_wQg7B1,trust,QFD,QFD: Качество приготовления:,Use for B2C Choice / food/FMCG when trust is decision-relevant.
sp_8b0e6396a732,tally_wQg7B1,channel,channel/trust map,channel/trust map: При покупке на сайте/в приложении кофейни:,Use for B2C Choice / food/FMCG when channel is decision-relevant.
sp_41a5ed4eced9,tally_wQg7B1,awareness,brand funnel,brand funnel: В какие кофейни/какие бренды напитков покупаете?,Use for B2C Choice / food/FMCG when awareness is decision-relevant.
sp_2934e3df8656,tally_wQg7B1,channel,channel/trust map,channel/trust map: Где самая удобная система лояльности и бонусов?,Use for B2C Choice / food/FMCG when channel is decision-relevant.
sp_314d050a7ca8,tally_3Xq28g,factor,factor hierarchy,"factor hierarchy: Оцените, пожалуйста, насколько важны для Вас следующие факторы при выборе работо",Use for EVP Employer / HR/EVP when factor is decision-relevant.
sp_5cc2ad8c354f,tally_3Xq28g,consideration,brand funnel,brand funnel: Рассматривали ли Вы компанию Сибагро в качестве работодателя?,Use for EVP Employer / HR/EVP when consideration is decision-relevant.
sp_f57e26e611c0,tally_3Xq28g,barrier,barrier map,"barrier map: Расскажите, пожалуйста, почему нет",Use for EVP Employer / HR/EVP when barrier is decision-relevant.
sp_ed574cc957af,tally_wMajBk,behavior,behavior baseline,behavior baseline: Введите Ваш номер телефона,Use for B2C Choice / healthcare when behavior is decision-relevant.
sp_a768bff974e1,tally_wMajBk,channel,channel/trust map,"channel/trust map: Напишите, где",Use for B2C Choice / healthcare when channel is decision-relevant.
sp_06959a4190f3,tally_wMajBk,scenario,JTBD map,JTBD map: Какую цель Вы преследовали или преследуете при обращении к косметологическим усл,Use for B2C Choice / healthcare when scenario is decision-relevant.
sp_bb1be1ba7cdc,tally_wMajBk,factor,factor hierarchy,"factor hierarchy: Насколько для Вас важна проблема борьбы с проблемной кожей (акне, угревая сыпь, ",Use for B2C Choice / healthcare when factor is decision-relevant.
sp_b32d2f604c08,tally_wMajBk,factor,factor hierarchy,"factor hierarchy: Насколько для Вас важна коррекция тела (жиросжигание, устранение обвисаний, моде",Use for B2C Choice / healthcare when factor is decision-relevant.
sp_7e63c4fc3dd0,tally_wMajBk,factor,factor hierarchy,factor hierarchy: Какие виды коррекции тела были важны/важны для Вас больше всего?,Use for B2C Choice / healthcare when factor is decision-relevant.
sp_a44a8e3e6b86,tally_wMajBk,factor,factor hierarchy,"factor hierarchy: Насколько для Вас важно устранения последствия родов (растяжки, пигментация, уху",Use for B2C Choice / healthcare when factor is decision-relevant.
sp_515790276e9c,tally_wMajBk,frequency,behavior baseline,behavior baseline: Как часто Вы посещаете косметологические процедуры?,Use for B2C Choice / healthcare when frequency is decision-relevant.
sp_7c337adb1dec,tally_wMajBk,WTP,price ladder,price ladder: Сколько в среднем в год вы тратите на косметологические процедуры?,Use for B2C Choice / healthcare when WTP is decision-relevant.
sp_7463fc171aaa,tally_wMajBk,barrier,barrier map,"barrier map: Были ли косметологические клиники, которые Вы перестали посещать?",Use for B2C Choice / healthcare when barrier is decision-relevant.
sp_15f75d0774b1,tally_wMajBk,barrier,barrier map,barrier map: Почему Вы перестали посещать эти клиники?,Use for B2C Choice / healthcare when barrier is decision-relevant.
sp_e057db10c9e2,tally_wMajBk,factor,factor hierarchy,"factor hierarchy: Какие факторы Вам важны при выборе клиники? (Оцените от 1 до 5, где 1 - неважно ",Use for B2C Choice / healthcare when factor is decision-relevant.
sp_ddd77dbf1efe,tally_wMajBk,factor,factor hierarchy,factor hierarchy: Оцените качество предоставляемых услуг клиникой “Доктор Борменталь”  от 1 до 10,Use for B2C Choice / healthcare when factor is decision-relevant.
sp_e9da5d3ada34,tally_wMajBk,factor,factor hierarchy,factor hierarchy: Готовы ли Вы рекомендовать услуги  клиники “Доктор Борменталь” друзьям/родственн,Use for B2C Choice / healthcare when factor is decision-relevant.
sp_f0e159668268,tally_wQ0kPl,behavior,behavior baseline,behavior baseline: 2. Какие из перечисленных продуктов употребляете?,Use for B2C Choice / food/FMCG when behavior is decision-relevant.
sp_7f085af79e75,tally_wQ0kPl,behavior,behavior baseline,behavior baseline: 3. Почему вы не употребляете в пищу следующие продукты(если нет)?,Use for B2C Choice / food/FMCG when behavior is decision-relevant.
sp_3abb12b96a0b,tally_wQ0kPl,WTP,price ladder,price ladder: 4. Насколько часто вы покупаете следующие продукты?,Use for B2C Choice / food/FMCG when WTP is decision-relevant.
sp_a8311ca5ba77,tally_wQ0kPl,scenario,JTBD map,"JTBD map: 5. Для каких целей вы, как правило, покупаете следующие продукты?",Use for B2C Choice / food/FMCG when scenario is decision-relevant.
sp_cad5dc5959a5,tally_wQ0kPl,trust,QFD,QFD: 6. Часто ли вы обращаете внимание на состав следующих продуктов?,Use for B2C Choice / food/FMCG when trust is decision-relevant.
sp_ef1db9240685,tally_wQ0kPl,scenario,JTBD map,JTBD map: 7. С каким сроком годности вы бы никогда не стали приобретать следующие продукты,Use for B2C Choice / food/FMCG when scenario is decision-relevant.
sp_aef94bd23f37,tally_wQ0kPl,factor,factor hierarchy,"factor hierarchy: 8. Оцените от 1 до 5 важность факторов выбора хлеба, где 1 – это незначимый факт",Use for B2C Choice / food/FMCG when factor is decision-relevant.
sp_e74050f73aa3,tally_wQ0kPl,factor,factor hierarchy,"factor hierarchy: 9. Оцените от 1 до 5 важность факторов выбора пряников, где 1 – это незначимый ф",Use for B2C Choice / food/FMCG when factor is decision-relevant.
sp_2094f22747ec,tally_wQ0kPl,factor,factor hierarchy,"factor hierarchy: 10. Оцените от 1 до 5 важность факторов выбора тортов, где 1 – это незначимый фа",Use for B2C Choice / food/FMCG when factor is decision-relevant.
sp_7963d40d7db8,tally_wQ0kPl,factor,factor hierarchy,"factor hierarchy: 11. Оцените от 1 до 5 важность факторов выбора макарон, где 1 – это незначимый ф",Use for B2C Choice / food/FMCG when factor is decision-relevant.
sp_099bd19199d1,tally_wQ0kPl,frequency,behavior baseline,"behavior baseline: 16. Как Вы поступите, если в наличии не будет следующих продуктов, которые вы по",Use for B2C Choice / food/FMCG when frequency is decision-relevant.
sp_97da51a5ce1b,tally_wQ0kPl,WTP,price ladder,price ladder: 24. Какой процент от общей суммы вы тратите на покупку следующих продуктов?,Use for B2C Choice / food/FMCG when WTP is decision-relevant.
sp_0c947e25f25f,tally_wQ0kPl,channel,channel/trust map,channel/trust map: 25. Где вы приобретаете следующие продукты?,Use for B2C Choice / food/FMCG when channel is decision-relevant.
sp_34c9452cf132,tally_wQ0kPl,channel,channel/trust map,channel/trust map: 26. Через какие каналы коммуникации вы обычно узнаете информацию о продуктах пит,Use for B2C Choice / food/FMCG when channel is decision-relevant.
sp_2c36aca2773f,tally_wQ0kPl,behavior,behavior baseline,behavior baseline: 2. Вы употребляете хлеб?,Use for B2C Choice / food/FMCG when behavior is decision-relevant.
sp_0a162bc1bfe1,tally_wQ0kPl,behavior,behavior baseline,behavior baseline: 3. Вы употребляете пряники?,Use for B2C Choice / food/FMCG when behavior is decision-relevant.
sp_575c389b6b76,tally_wQ0kPl,behavior,behavior baseline,behavior baseline: 4. Вы употребляете торты?,Use for B2C Choice / food/FMCG when behavior is decision-relevant.
sp_3c9ce32c7385,tally_wQ0kPl,behavior,behavior baseline,behavior baseline: 5. Вы употребляете макароны?,Use for B2C Choice / food/FMCG when behavior is decision-relevant.
sp_700afa6bc04e,tally_mBdjeR,factor,factor hierarchy,factor hierarchy: Оцените насколько часто у вас возникают эти потребности,Use for B2C Choice / home/electronics when factor is decision-relevant.
sp_57b687d4fbe7,tally_mBdjeR,channel,channel/trust map,channel/trust map: Какие товарные категории Вы покупаете в магазинах хоз товаров,Use for B2C Choice / home/electronics when channel is decision-relevant.
sp_f8d0cf118c01,tally_mBdjeR,factor,factor hierarchy,"factor hierarchy: Оцените важность факторов при выборе магазина по 5-ти балльной шкале, где 1 балл",Use for B2C Choice / home/electronics when factor is decision-relevant.
sp_934c5b84bab8,tally_mBdjeR,channel,channel/trust map,"channel/trust map: Какие магазины для покупок товаров для дома, ремонта, дачи и сада вы знаете?",Use for B2C Choice / home/electronics when channel is decision-relevant.
sp_24d08ad5eadc,tally_mBdjeR,channel,channel/trust map,"channel/trust map: Какие магазины для покупок товаров для дома, ремонта, дачи и сада вы посещаете?",Use for B2C Choice / home/electronics when channel is decision-relevant.
sp_eea13b6df18c,tally_mBdjeR,channel,channel/trust map,"channel/trust map: Какие магазины для покупок товаров для дома, ремонта, дачи и сада вы считаете лу",Use for B2C Choice / home/electronics when channel is decision-relevant.
sp_f0dd9edb3b39,tally_mBdjeR,channel,channel/trust map,"channel/trust map: В какой магазин вы пойдете, чтобы купить самые дешевые хозяйственные товары?(Che",Use for B2C Choice / home/electronics when channel is decision-relevant.
sp_dc061c95474e,tally_mBdjeR,channel,channel/trust map,channel/trust map: Какой магазин имеет самый большой ассортимент? (Biggest),Use for B2C Choice / home/electronics when channel is decision-relevant.
sp_f6644f6bf995,tally_mBdjeR,channel,channel/trust map,channel/trust map: Какой магазин вы считаете самым современным и технологичным? (Hottest),Use for B2C Choice / home/electronics when channel is decision-relevant.
sp_1e65ca2cc020,tally_mBdjeR,channel,channel/trust map,"channel/trust map: В какой магазин вы пойдете, если хотите купить хозяйственные товары как можно бы",Use for B2C Choice / home/electronics when channel is decision-relevant.
sp_2d243c6b8063,tally_mBdjeR,channel,channel/trust map,channel/trust map: Какой магазин предоставляет экспертные консультации? (Easiest),Use for B2C Choice / home/electronics when channel is decision-relevant.
sp_fe8dce7e5fff,tally_mBdjeR,channel,channel/trust map,channel/trust map: В каком магазине наилучший опыт покупки? (Experiencest),Use for B2C Choice / home/electronics when channel is decision-relevant.
sp_f2c8ac448194,tally_mO0Gxg,WTP,price ladder,"price ladder: 7. Укажите стоимость последней покупки авто  Если не покупали, то на какой ценов",Use for B2C Choice / auto/mobility when WTP is decision-relevant.
sp_e00f3102b770,tally_mO0Gxg,awareness,brand funnel,brand funnel: 8. Какие автосервисы Вы знаете?,Use for B2C Choice / auto/mobility when awareness is decision-relevant.
sp_42865d975735,tally_mO0Gxg,WTP,price ladder,"price ladder: 12. Какой автосервис, на Ваш взгляд, с самыми доступными ценами?",Use for B2C Choice / auto/mobility when WTP is decision-relevant.
sp_bc524a188654,tally_mO0Gxg,factor,factor hierarchy,"factor hierarchy: 18. Оцените от 1 до 5 важность факторов при выборе автосервиса, где 1 - незначим",Use for B2C Choice / auto/mobility when factor is decision-relevant.
sp_679ffadadb1d,tally_mO0Gxg,factor,factor hierarchy,"factor hierarchy: 19. Оцените важность следующих пунктов в автосервисе, в котором Вы решили диагно",Use for B2C Choice / auto/mobility when factor is decision-relevant.
sp_9d653cc117af,tally_mO0Gxg,factor,factor hierarchy,"factor hierarchy: 20. Оцените важность пунктов в мобильном приложении автосервиса, в котором Вы ре",Use for B2C Choice / auto/mobility when factor is decision-relevant.
sp_e45c3e4dc775,tally_mO0Gxg,behavior,behavior baseline,behavior baseline: 21. Как давно Вы покупали б/у автомобиль?,Use for B2C Choice / auto/mobility when behavior is decision-relevant.
sp_ab23e0901e39,tally_mO0Gxg,awareness,brand funnel,brand funnel: 22. Каких дилеров Вы знаете?,Use for B2C Choice / auto/mobility when awareness is decision-relevant.
sp_dc63d224770d,tally_mO0Gxg,behavior,behavior baseline,behavior baseline: 22. У каких дилеров Вы покупали/купили бы авто?,Use for B2C Choice / auto/mobility when behavior is decision-relevant.
sp_31c7c52f1415,tally_mO0Gxg,behavior,behavior baseline,"behavior baseline: 24. У каких дилеров Вы покупали/планировали купить авто, но решили, что не будет",Use for B2C Choice / auto/mobility when behavior is decision-relevant.
sp_619e045665c9,tally_mO0Gxg,WTP,price ladder,"price ladder: 25. Какой дилер, на Ваш взгляд, с самыми доступными ценами?",Use for B2C Choice / auto/mobility when WTP is decision-relevant.
sp_317a84bb40f7,tally_mO0Gxg,factor,factor hierarchy,"factor hierarchy: 31. Оцените от 1 до 5 важность факторов в дилере при покупке авто, где 1 - незна",Use for B2C Choice / auto/mobility when factor is decision-relevant.
sp_ee2cd05ec0f5,tally_mO0Gxg,factor,factor hierarchy,"factor hierarchy: 32. Оцените важность следующих пунктов в дилере, в котором Вы решили покупать ав",Use for B2C Choice / auto/mobility when factor is decision-relevant.
sp_cda06f560f98,tally_mVbAdJ,channel,channel/trust map,channel/trust map: 6. Где (территориально) вам было бы удобнее посещать оздоровительный или SPA ком,Use for Event Conference / event/conference when channel is decision-relevant.
sp_e657501a63b3,tally_mVbAdJ,factor,factor hierarchy,"factor hierarchy: 6А. Укажите, пожалуйста, район вашего проживания (нам не нужен точный адрес, но ",Use for Event Conference / event/conference when factor is decision-relevant.
sp_c83ab3b3a4a1,tally_mVbAdJ,WTP,price ladder,"price ladder: 6Б. Укажите, пожалуйста, в какой локации вам было бы удобнее всего посещать оздо",Use for Event Conference / event/conference when WTP is decision-relevant.
sp_215294963292,tally_mVbAdJ,factor,factor hierarchy,"factor hierarchy: 9. Насколько для вас важно, чтобы в оздоровительном или SPA комплексе были следу",Use for Event Conference / event/conference when factor is decision-relevant.
sp_669dc922baeb,tally_mVbAdJ,factor,factor hierarchy,"factor hierarchy: 10. Насколько для вас важно, чтобы в оздоровительном или SPA комплексе были след",Use for Event Conference / event/conference when factor is decision-relevant.
sp_d4120295f111,tally_mVbAdJ,factor,factor hierarchy,"factor hierarchy: 11. Насколько для вас важно, чтобы в оздоровительном или SPA комплексе были след",Use for Event Conference / event/conference when factor is decision-relevant.
sp_bed9757b1a86,tally_mVbAdJ,factor,factor hierarchy,factor hierarchy: 15. Важно ли для вас соблюдение правил халяль сотрудниками оздоровительного или ,Use for Event Conference / event/conference when factor is decision-relevant.
sp_606ad417e0cf,tally_mVbAdJ,frequency,behavior baseline,"behavior baseline: 16. Укажите, пожалуйста, как часто вы посещаете оздоровительные или SPA комплекс",Use for Event Conference / event/conference when frequency is decision-relevant.
sp_5a1c76fa9698,tally_mVbAdJ,WTP,price ladder,"price ladder: 17. Укажите, пожалуйста, какую примерно сумму вы готовы заплатить в рамках одног",Use for Event Conference / event/conference when WTP is decision-relevant.
sp_8ccf34eedecb,tally_mVbAdJ,channel,channel/trust map,channel/trust map: 18. Через какие каналы коммуникации вы чаще узнаете информацию про новые оздоров,Use for Event Conference / event/conference when channel is decision-relevant.
sp_f6627bc9d68e,tally_mVbAdJ,barrier,barrier map,barrier map: Необязательный последний вопрос! 25. По какой причине вы впервые посетили оздоро,Use for Event Conference / event/conference when barrier is decision-relevant.
sp_dd67cf45221b,tally_mR5L8p,factor,factor hierarchy,"factor hierarchy: 1.6 Пожалуйста, оцените насколько важны для Вас следующие факторы при выборе раб",Use for Internal Employee / HR/EVP when factor is decision-relevant.
sp_a03deddb47fd,tally_mR5L8p,factor,factor hierarchy,"factor hierarchy: 1.7 Пожалуйста, оцените насколько эти факторы реализованы в компании «Главстрой ",Use for Internal Employee / HR/EVP when factor is decision-relevant.
sp_b6f772ad9be6,tally_mR5L8p,WTP,price ladder,price ladder: 2.1 Насколько Вы согласны с представленными ниже утверждениями об уровне ответст,Use for Internal Employee / HR/EVP when WTP is decision-relevant.
sp_30f14e57714c,tally_mR5L8p,WTP,price ladder,price ladder: 2.2 Насколько Вы согласны с представленными ниже утверждениями о понимании сотру,Use for Internal Employee / HR/EVP when WTP is decision-relevant.
sp_a5442d662557,tally_mR5L8p,WTP,price ladder,price ladder: 2.3  Насколько Вы согласны с представленными ниже утверждениями об уровне коорди,Use for Internal Employee / HR/EVP when WTP is decision-relevant.
sp_4a025657c32a,tally_mR5L8p,WTP,price ladder,price ladder: 2.4 Насколько Вы согласны с представленными ниже утверждениями об уровне ориента,Use for Internal Employee / HR/EVP when WTP is decision-relevant.
sp_06f12c1fcddd,tally_mR5L8p,WTP,price ladder,price ladder: 2.5 Насколько Вы согласны с представленными ниже утверждениями о характере руков,Use for Internal Employee / HR/EVP when WTP is decision-relevant.
sp_de082e312b71,tally_mR5L8p,WTP,price ladder,price ladder: 2.6 Насколько Вы согласны с представленными ниже утверждениями об отношении к ин,Use for Internal Employee / HR/EVP when WTP is decision-relevant.
sp_7d0b98dcf72b,tally_mR5L8p,WTP,price ladder,price ladder: 2.7 Насколько Вы согласны с представленными ниже утверждениями о корпоративных н,Use for Internal Employee / HR/EVP when WTP is decision-relevant.
sp_f16a742ba915,tally_mR5L8p,WTP,price ladder,price ladder: 2.8 Насколько Вы согласны с представленными ниже утверждениями о рабочей среде и,Use for Internal Employee / HR/EVP when WTP is decision-relevant.
sp_2de37afc65ac,tally_mR5L8p,factor,factor hierarchy,factor hierarchy: 2.9 Оцените степень Вашего согласия с представленными ниже утверждениями о систе,Use for Internal Employee / HR/EVP when factor is decision-relevant.
sp_ebdfac5ddc9e,tally_mR5L8p,scenario,JTBD map,JTBD map: 3.1 В компании «Главстрой Санкт-Петербург» решения принимаются всегда по всем из,Use for Internal Employee / HR/EVP when scenario is decision-relevant.
sp_0e7ef30389ef,tally_mR5L8p,factor,factor hierarchy,"factor hierarchy: 3.7 Пожалуйста, оцените насколько важны для Вас следующие ценности при выборе ра",Use for Internal Employee / HR/EVP when factor is decision-relevant.
sp_f6d05d7615e0,tally_mR5L8p,factor,factor hierarchy,factor hierarchy: 3.8 Оцените насколько эти ценности проявлены в компании «Главстрой Санкт-Петербу,Use for Internal Employee / HR/EVP when factor is decision-relevant.
sp_8e2e8334abb9,tally_mR5L8p,factor,factor hierarchy,"factor hierarchy: 3. 9 Оцените представленные ниже факторы по шкале от 1 до 5, где:",Use for Internal Employee / HR/EVP when factor is decision-relevant.
sp_3c4b060f94b9,tally_mR5L8p,factor,factor hierarchy,"factor hierarchy: Оцените, пожалуйста, по шкале от 1 до 10, насколько вы готовы рекомендовать нашу",Use for Internal Employee / HR/EVP when factor is decision-relevant.
sp_cbb728921b48,tally_GxKD0e,barrier,barrier map,barrier map: 3) Что чаще всего служит для Вас причиной посещения стоматологии?,Use for B2C Choice / healthcare when barrier is decision-relevant.
sp_15befba8a519,tally_GxKD0e,behavior,behavior baseline,"behavior baseline: 4) Выберите те услуги, которые Вы посещали в течение последнего года?",Use for B2C Choice / healthcare when behavior is decision-relevant.
sp_679c27d1f7dc,tally_GxKD0e,frequency,behavior baseline,behavior baseline: 5) Как часто посещаете стоматологическую клинику?,Use for B2C Choice / healthcare when frequency is decision-relevant.
sp_72b15d698deb,tally_GxKD0e,behavior,behavior baseline,behavior baseline: 5.1) Почему так редко посещаете стоматологию?,Use for B2C Choice / healthcare when behavior is decision-relevant.
sp_bf8338be6d8a,tally_GxKD0e,behavior,behavior baseline,behavior baseline: 6) Какие клиники вы посещаете?,Use for B2C Choice / healthcare when behavior is decision-relevant.
sp_7f4f441ef4b2,tally_GxKD0e,barrier,barrier map,barrier map: 6.1) По какой причине вы выбираете именно частные/государственные клиники?,Use for B2C Choice / healthcare when barrier is decision-relevant.
sp_307586cd4e94,tally_GxKD0e,barrier,barrier map,"barrier map: 9) Бывало ли у вас такое, что вы не завершили лечение или решили отказаться от у",Use for B2C Choice / healthcare when barrier is decision-relevant.
sp_633435a228c4,tally_GxKD0e,barrier,barrier map,barrier map: 9.1) С чем связан ваш отказ от дальнейшего лечения в клинике?,Use for B2C Choice / healthcare when barrier is decision-relevant.
sp_28ce891540df,tally_GxKD0e,factor,factor hierarchy,"factor hierarchy: 10) Оцените от 1 до 5 важность факторов выбора стоматологии, где 1 – это незначи",Use for B2C Choice / healthcare when factor is decision-relevant.
sp_80f7741b6306,tally_GxKD0e,behavior,behavior baseline,"behavior baseline: 11) Выберете условия, при которых вы готовы сменить клинику на новую:",Use for B2C Choice / healthcare when behavior is decision-relevant.
sp_b2c5528c14a4,tally_GxKD0e,trust,QFD,QFD: 16) Какая стоматология предлагает лучшее качество обслуживания?,Use for B2C Choice / healthcare when trust is decision-relevant.
sp_7244ed452c8b,tally_GxKD0e,awareness,brand funnel,brand funnel: 19) Какие стоматологии в Москве Вы знаете?,Use for B2C Choice / healthcare when awareness is decision-relevant.
sp_42de3077eba9,tally_GxKD0e,behavior,behavior baseline,behavior baseline: 20) Какие стоматологии в Москве Вы посещаете?,Use for B2C Choice / healthcare when behavior is decision-relevant.
sp_6dd0f0aa0569,tally_GxKD0e,factor,factor hierarchy,"factor hierarchy: 23) Оцените по 10-ти бальной шкале, с какой вероятностью Вы бы порекомендовали с",Use for B2C Choice / healthcare when factor is decision-relevant.
sp_acb607d3800a,tally_GxKD0e,trust,QFD,"QFD: Что мы можем улучшить, чтобы вы порекомендовали стоматологическую клинику «Докто",Use for B2C Choice / healthcare when trust is decision-relevant.
sp_21d8176735d8,tally_GxKD0e,scenario,JTBD map,"JTBD map: 12) Какие переживания или страхи возникают у вас, когда Вы обращаетесь в частную",Use for B2C Choice / healthcare when scenario is decision-relevant.
sp_bbd40b1cc72e,tally_Zj8dZ5,scenario,JTBD map,JTBD map: 6. Когда вы последний раз покупали камин/печь?,Use for B2C Choice / home/electronics when scenario is decision-relevant.
sp_10ead283e4e5,tally_Zj8dZ5,factor,factor hierarchy,factor hierarchy: 7. Что для вас было важнее на старте выбора?,Use for B2C Choice / home/electronics when factor is decision-relevant.
sp_12f0e37fb286,tally_Zj8dZ5,behavior,behavior baseline,behavior baseline: 8. На каком этапе вы находитесь?,Use for B2C Choice / home/electronics when behavior is decision-relevant.
sp_12ab6bf970e3,tally_Zj8dZ5,WTP,price ladder,price ladder: 10. Насколько неожиданной была цена дымохода?,Use for B2C Choice / home/electronics when WTP is decision-relevant.
sp_64152760834a,tally_Zj8dZ5,factor,factor hierarchy,"factor hierarchy: 11. Согласны ли вы с утверждением: «До покупки я недооценивал(а), насколько важе",Use for B2C Choice / home/electronics when factor is decision-relevant.
sp_6ce649654a34,tally_Zj8dZ5,scenario,JTBD map,JTBD map: 14. С какой целью покупался дымоход?,Use for B2C Choice / home/electronics when scenario is decision-relevant.
sp_ee88b5b10478,tally_Zj8dZ5,channel,channel/trust map,channel/trust map: 17. Где вы его приобрели?,Use for B2C Choice / home/electronics when channel is decision-relevant.
sp_23320534de96,tally_Zj8dZ5,WTP,price ladder,price ladder: 19. Сколько потратили на дымоход (без монтажа)?,Use for B2C Choice / home/electronics when WTP is decision-relevant.
sp_422392fe2bf3,tally_Zj8dZ5,factor,factor hierarchy,factor hierarchy: 20. Какие характеристики дымохода важны для вас? Выберите все подходящие (множес,Use for B2C Choice / home/electronics when factor is decision-relevant.
sp_8e127b58bbfc,tally_Zj8dZ5,awareness,brand funnel,brand funnel: 23. Какие бренды вам знакомы?,Use for B2C Choice / home/electronics when awareness is decision-relevant.
sp_196781490d45,tally_Zj8dZ5,awareness,brand funnel,brand funnel: 24. Какие бренды вы считаете лучшими?,Use for B2C Choice / home/electronics when awareness is decision-relevant.
sp_74bdd09209c7,tally_Zj8dZ5,switching,barrier map,"barrier map: 29. Я рассматривал альтернативы, так как искал (выберите все подходящие параметр",Use for B2C Choice / home/electronics when switching is decision-relevant.
sp_7c037a11cf57,tally_w2k0VA,behavior,behavior baseline,behavior baseline: 3. Посещал ли Ваш ребенок частный детский сад?,Use for B2C Choice / education when behavior is decision-relevant.
sp_b1dff41213c0,tally_w2k0VA,barrier,barrier map,barrier map: 4. По какой причине Вы перевели ребенка из одного частного детского сада в друго,Use for B2C Choice / education when barrier is decision-relevant.
sp_bb1291703424,tally_w2k0VA,barrier,barrier map,barrier map: 4. По какой причине Вы решили перевести Вашего ребенка из частного детского сада,Use for B2C Choice / education when barrier is decision-relevant.
sp_8498beb83bdd,tally_w2k0VA,behavior,behavior baseline,behavior baseline: 5. В какой частный детский сад ходит Ваш ребенок?,Use for B2C Choice / education when behavior is decision-relevant.
sp_10170bdedad3,tally_w2k0VA,scenario,JTBD map,JTBD map: 8. С какой целью Вы отдали ребенка в международный детский сад?,Use for B2C Choice / education when scenario is decision-relevant.
sp_5783746e62c1,tally_w2k0VA,awareness,brand funnel,brand funnel: 9. Слышали ли Вы про программу IB в детских садах?,Use for B2C Choice / education when awareness is decision-relevant.
sp_ebe9770b7076,tally_w2k0VA,channel,channel/trust map,channel/trust map: 12. Через какие каналы коммуникации Вы узнали о детском саде где учится ваш ребе,Use for B2C Choice / education when channel is decision-relevant.
sp_1f8428486e3f,tally_w2k0VA,WTP,price ladder,price ladder: 13. Какая цена за обучение в частном детском саду приемлема для Вас?,Use for B2C Choice / education when WTP is decision-relevant.
sp_b7401b6d0ab6,tally_w2k0VA,awareness,brand funnel,brand funnel: 15. Какие частные детские сады Вы знаете?,Use for B2C Choice / education when awareness is decision-relevant.
sp_25032112ff11,tally_w2k0VA,factor,factor hierarchy,"factor hierarchy: 18. Оцените от 1 до 5 важность факторов выбора частного детского сада, где 1 – э",Use for B2C Choice / education when factor is decision-relevant.
sp_137944620d60,tally_w2k0VA,WTP,price ladder,price ladder: 20. В каком частном детском саду самая низкая цена посещения по сравнению с похо,Use for B2C Choice / education when WTP is decision-relevant.
sp_d5ca66696238,tally_w2k0VA,frequency,behavior baseline,behavior baseline: 26. Как часто Вы бываете в детском саду?,Use for B2C Choice / education when frequency is decision-relevant.
sp_c016f906766e,tally_w2k0VA,barrier,barrier map,"barrier map: 27. По каким причинам Вы, как родитель, приходите в детский сад?",Use for B2C Choice / education when barrier is decision-relevant.
sp_d5761f87860e,tally_w2k0VA,factor,factor hierarchy,factor hierarchy: 28. По шкале от 1 до 10 оцените насколько Вы готовы рекомендовать Ваш детский са,Use for B2C Choice / education when factor is decision-relevant.
sp_89b1bfe5d3f9,tally_w2k0VA,WTP,price ladder,price ladder: 32. Через сколько лет Ваш ребенок пойдет в первый класс?,Use for B2C Choice / education when WTP is decision-relevant.
sp_827c4a926e76,tally_w2k0VA,behavior,behavior baseline,behavior baseline: 37. На каком расстоянии от дома находится Ваш детский сад?,Use for B2C Choice / education when behavior is decision-relevant.
sp_ed95d9696ef3,tally_w2k0VA,scenario,JTBD map,JTBD map: 40. В какое время Вам наиболее удобно забирать ребенка из сада?,Use for B2C Choice / education when scenario is decision-relevant.
sp_e3f2d3e3fd3a,tally_w2k0VA,channel,channel/trust map,channel/trust map: 41. Где Ваш ребенок проводит время во время каникул в детском саду?,Use for B2C Choice / education when channel is decision-relevant.
sp_e4dbfc5a1e4a,tally_n9o71Y,channel,channel/trust map,channel/trust map: Магазин,Use for B2C Choice / finance when channel is decision-relevant.
sp_d7b4ee4cf3cd,tally_n9o71Y,scenario,JTBD map,"JTBD map: 1. В каких ситуациях вы рассматриваете покупку товаров в займ (рассрочка, долг и",Use for B2C Choice / finance when scenario is decision-relevant.
sp_10e176455bc2,tally_n9o71Y,behavior,behavior baseline,behavior baseline: 2. На какие нужды вы чаще всего оформляете кредит или рассрочку?,Use for B2C Choice / finance when behavior is decision-relevant.
sp_edde22e1583d,tally_n9o71Y,frequency,behavior baseline,"behavior baseline: 3. Как часто и какой товар/услуги вы берете в займ (рассрочка, долг и др.) ?",Use for B2C Choice / finance when frequency is decision-relevant.
sp_07713d5d2356,tally_n9o71Y,factor,factor hierarchy,"factor hierarchy: 5. Оцените от 1 до 5 важность перечисленных факторов, где 1 - не важно, а 5 - оч",Use for B2C Choice / finance when factor is decision-relevant.
sp_ad5201018541,tally_n9o71Y,WTP,price ladder,price ladder: 7. На какую сумму вы брали или чаще всего берете займ/кредит?,Use for B2C Choice / finance when WTP is decision-relevant.
sp_eaf9d4b1cf95,tally_n9o71Y,frequency,behavior baseline,behavior baseline: 8. Как часто вы берете  займ/кредит?,Use for B2C Choice / finance when frequency is decision-relevant.
sp_e5d058187813,tally_n9o71Y,behavior,behavior baseline,behavior baseline: 8А. Как много кредитов/займов вы оформляли одновременно?,Use for B2C Choice / finance when behavior is decision-relevant.
sp_faee4eae33de,tally_n9o71Y,scenario,JTBD map,"JTBD map: 9. Возникали ли ситуации, когда по какой-то причине вы не могли сделать выплату ",Use for B2C Choice / finance when scenario is decision-relevant.
sp_2496b7d31608,tally_n9o71Y,channel,channel/trust map,"channel/trust map: 10. Какие финансовые организации или магазины, предоставляющие рассрочку, вы зна",Use for B2C Choice / finance when channel is decision-relevant.
sp_1163e468f4b6,tally_n9o71Y,scenario,JTBD map,JTBD map: 11. Где вы когда-либо оформляли рассрочку или кредит?,Use for B2C Choice / finance when scenario is decision-relevant.
sp_7e8a83d226fe,tally_n9o71Y,channel,channel/trust map,"channel/trust map: 12. Какие организации или магазины с рассрочкой вы рассматривали, но в итоге не ",Use for B2C Choice / finance when channel is decision-relevant.
sp_ae47acc57ffd,tally_n9o71Y,channel,channel/trust map,channel/trust map: 13. Какая компания (финансовая организация или магазин с рассрочкой) кажется вам,Use for B2C Choice / finance when channel is decision-relevant.
sp_c92385311259,tally_n9o71Y,channel,channel/trust map,channel/trust map: 14. Какая финансовая организация или магазин с рассрочкой предлагает самые выгод,Use for B2C Choice / finance when channel is decision-relevant.
sp_6e85118ffd23,tally_n9o71Y,channel,channel/trust map,channel/trust map: 15. Где представлен самый широкий выбор условий рассрочки? (разные модели выплат,Use for B2C Choice / finance when channel is decision-relevant.
sp_8133c85798db,tally_n9o71Y,channel,channel/trust map,channel/trust map: 16. Какая финансовая организация или магазин предлагает самые инновационные и уд,Use for B2C Choice / finance when channel is decision-relevant.
sp_6bc06f7215dc,tally_n9o71Y,channel,channel/trust map,channel/trust map: 17. Где самый простой процесс оформления рассрочки (минимум документов и лишних ,Use for B2C Choice / finance when channel is decision-relevant.
sp_0249fb5e547e,tally_n9o71Y,channel,channel/trust map,"channel/trust map: 19. Где предоставляется лучший сервис сопровождения займа (удобные платежи, подд",Use for B2C Choice / finance when channel is decision-relevant.
sp_41b81831356b,tally_n9o71Y,channel,channel/trust map,"channel/trust map: 21. Подскажите, пожалуйста, через какие источники Вы узнаете об товарах/услугах",Use for B2C Choice / finance when channel is decision-relevant.
sp_a0b35227f4c5,tally_n9o71Y,trust,QFD,QFD: 27. Порекомендуете ли вы нашу продукцию своим знакомым? Поставьте оценку от 1-10,Use for B2C Choice / finance when trust is decision-relevant.
sp_c8a3eb0e7128,tally_n9o71Y,consideration,brand funnel,brand funnel: 2. Почему вы не рассматриваете рассрочку или кредит при покупках?,Use for B2C Choice / finance when consideration is decision-relevant.
sp_13de15b3f818,tally_n9o71Y,scenario,JTBD map,JTBD map: 3. В каких ситуациях вы могли бы всё же рассмотреть вариант покупки в рассрочку?,Use for B2C Choice / finance when scenario is decision-relevant.
sp_5cbd2eddab5b,tally_3XKa5d,channel,channel/trust map,"channel/trust map: Подскажите, вы закупаете материалы для ресниц с какими целями (Вопрос подразумев",Use for B2B2C / auto/mobility when channel is decision-relevant.
sp_9078d182eb7a,tally_3XKa5d,awareness,brand funnel,"brand funnel: - Какие в основном закупаете бренды, у каких производителей?",Use for B2B2C / auto/mobility when awareness is decision-relevant.
sp_6bd9f146b31b,tally_3XKa5d,behavior,behavior baseline,behavior baseline: - Как вы ищите поставщика? (через что вы находите того или иного поставщика),Use for B2B2C / auto/mobility when behavior is decision-relevant.
sp_338138843524,tally_3XKa5d,factor,factor hierarchy,"factor hierarchy: Что для вас важно в выборе OEM-производителя? (производитель, который на своих м",Use for B2B2C / auto/mobility when factor is decision-relevant.
sp_6ab41f8f3d1c,tally_3XKa5d,switching,barrier map,barrier map: Какие материалы для вас наиболее критичны при закупках (если не будет этих позиц,Use for B2B2C / auto/mobility when switching is decision-relevant.
sp_937f64a2dc97,tally_3XKa5d,trust,QFD,QFD: Какие бренды и материалы вызывают наибольшее доверие?,Use for B2B2C / auto/mobility when trust is decision-relevant.
sp_38ee0398084d,tally_3XKa5d,channel,channel/trust map,channel/trust map: При закупке вы обращаетесь напрямую к менеджеру по продажам или хотели бы иметь ,Use for B2B2C / auto/mobility when channel is decision-relevant.
sp_51c3b2e65d04,tally_3XKa5d,barrier,barrier map,barrier map: Что может стать причиной смены поставщика?,Use for B2B2C / auto/mobility when barrier is decision-relevant.
sp_e7b62ec617db,tally_3XKa5d,barrier,barrier map,"barrier map: Какие виды материалов вы не покупаете у нас, а закупаете у других поставщиков/пр",Use for B2B2C / auto/mobility when barrier is decision-relevant.
sp_0e5395c3a6ef,tally_3XKa5d,behavior,behavior baseline,behavior baseline: Какие наши бренды вы не закупаете на текущий момент и почему? (наши бренды: 1) L,Use for B2B2C / auto/mobility when behavior is decision-relevant.
sp_3a32d9e6b288,tally_3XKa5d,channel,channel/trust map,"channel/trust map: Были бы интересны следующие сервисы - заказ на сайте, онлайн  остатки, API, авто",Use for B2B2C / auto/mobility when channel is decision-relevant.
sp_4230d87a660d,tally_3XKa5d,factor,factor hierarchy,"factor hierarchy: В процессе работы вам было бы удобно иметь личный кабинет на сайте, в котором вы",Use for B2B2C / auto/mobility when factor is decision-relevant.
sp_5ab4b0a3f943,tally_wvP1zl,frequency,behavior baseline,behavior baseline: 2. Как часто вы меняете клюшку?,Use for Event Conference / event/conference when frequency is decision-relevant.
sp_c78764793465,tally_wvP1zl,WTP,price ladder,price ladder: 3. Сколько в среднем вам требуется менять клюшек в год?,Use for Event Conference / event/conference when WTP is decision-relevant.
sp_7752422ae2e5,tally_wvP1zl,barrier,barrier map,barrier map: 4. Укажите наиболее частую причину смены хоккейной клюшки (открытый вопрос),Use for Event Conference / event/conference when barrier is decision-relevant.
sp_fa5e4ac5f20b,tally_wvP1zl,behavior,behavior baseline,behavior baseline: 5. Кто обычно покупает хоккейную клюшку для вас?,Use for Event Conference / event/conference when behavior is decision-relevant.
sp_3b54c404d9be,tally_wvP1zl,frequency,behavior baseline,behavior baseline: 11. Как часто приходится менять хоккейную клюшку ребенку?,Use for Event Conference / event/conference when frequency is decision-relevant.
sp_bb0095f766f8,tally_wvP1zl,WTP,price ladder,price ladder: 12. Сколько в среднем требуется менять клюшек ребенку в год?,Use for Event Conference / event/conference when WTP is decision-relevant.
sp_31427df0f69a,tally_wvP1zl,barrier,barrier map,barrier map: 13. Укажите наиболее частую причину смены хоккейной клюшки:,Use for Event Conference / event/conference when barrier is decision-relevant.
sp_cb44a0b2d6a3,tally_wvP1zl,behavior,behavior baseline,behavior baseline: 14. В какую организацию ходит ваш ребенок?,Use for Event Conference / event/conference when behavior is decision-relevant.
sp_44c7e118d753,tally_wvP1zl,factor,factor hierarchy,factor hierarchy: 15. Оцените от 1 до 5 важность факторов выбора хоккейной клюшки (где 1 - совсем ,Use for Event Conference / event/conference when factor is decision-relevant.
sp_b82c52a2cb0d,tally_wvP1zl,factor,factor hierarchy,"factor hierarchy: 16. Какие технические характеристики клюшки для вас наиболее важны? (прочность, ",Use for Event Conference / event/conference when factor is decision-relevant.
sp_79aa00f48d69,tally_wvP1zl,factor,factor hierarchy,factor hierarchy: 17. Важна ли для вас возможность кастомизации клюшки?,Use for Event Conference / event/conference when factor is decision-relevant.
sp_8de69c701129,tally_wvP1zl,awareness,brand funnel,brand funnel: 20. Какие бренды хоккейных клюшек вы знаете?,Use for Event Conference / event/conference when awareness is decision-relevant.
sp_d3e248ca19e9,tally_wvP1zl,factor,factor hierarchy,"factor hierarchy: 25. Оцените по 10-бальной шкале, с какой вероятностью вы бы порекомендовали хокк",Use for Event Conference / event/conference when factor is decision-relevant.
sp_cd08e2a5b521,tally_wvP1zl,channel,channel/trust map,channel/trust map: 26. Где вы обычно приобретаете клюшку?,Use for Event Conference / event/conference when channel is decision-relevant.
sp_42dfd0e05822,tally_wvP1zl,channel,channel/trust map,channel/trust map: 27. Через какие каналы информации вы узнаете о новостях в мире хоккея?,Use for Event Conference / event/conference when channel is decision-relevant.
sp_b0645e763a52,tally_w4rkpO,channel,channel/trust map,channel/trust map: Укажите эти каналы,Use for Internal Employee / HR/EVP when channel is decision-relevant.
sp_3b3988b8e7cc,tally_w4rkpO,factor,factor hierarchy,"factor hierarchy: Насколько для Вас это важно, в целом:",Use for Internal Employee / HR/EVP when factor is decision-relevant.
sp_db86d0e81ab4,tally_w4rkpO,WTP,price ladder,price ladder: Насколько это проявлено в компании «Главстрой Санкт-Петербург»,Use for Internal Employee / HR/EVP when WTP is decision-relevant.
sp_b93683a81066,tally_w4rkpO,WTP,price ladder,price ladder: 2. существует ясная стратегия развития,Use for Internal Employee / HR/EVP when WTP is decision-relevant.
sp_a2ffd7998cd3,tally_w4rkpO,switching,barrier map,"barrier map: 2. есть понимание, кто является основными конкурентами «Главстрой Санкт-Петербур",Use for Internal Employee / HR/EVP when switching is decision-relevant.
sp_a50183bb1d26,tally_w4rkpO,trust,QFD,"QFD: 2. консультативный стиль управления (даются не указания, а рекомендации)",Use for Internal Employee / HR/EVP when trust is decision-relevant.
sp_d5110f50364d,tally_w4rkpO,switching,barrier map,"barrier map: 3. налажен обмен знаниями внутри компании (о правилах работы в компании, о конку",Use for Internal Employee / HR/EVP when switching is decision-relevant.
sp_c3454f4a5e6f,tally_w4rkpO,switching,barrier map,barrier map: 4. внедряются идеи из внешней среды (перенимаем лучшие практики конкурентов),Use for Internal Employee / HR/EVP when switching is decision-relevant.
sp_2ca9aab45356,tally_w4rkpO,trust,QFD,QFD: 1. практикуется открытость и доверие,Use for Internal Employee / HR/EVP when trust is decision-relevant.
sp_44b0f2b66fc4,tally_w4rkpO,switching,barrier map,barrier map: 2. есть внутренняя соревновательность (внутренняя конкуренция),Use for Internal Employee / HR/EVP when switching is decision-relevant.
sp_e3c327d7e595,tally_w4rkpO,scenario,JTBD map,"JTBD map: В компании решения принимаются всегда по всем известным, общепринятым правилам И",Use for Internal Employee / HR/EVP when scenario is decision-relevant.
sp_51bc47d87a54,tally_w4rkpO,WTP,price ladder,price ladder: Насколько это проявлено в компании «Главстрой Санкт-Петербург»8.,Use for Internal Employee / HR/EVP when WTP is decision-relevant.
sp_443b9f012f98,tally_w4rkpO,WTP,price ladder,price ladder: Насколько это проявлено в компании «Главстрой Санкт-Петербург»:,Use for Internal Employee / HR/EVP when WTP is decision-relevant.
sp_4f6ead3c6c0e,tally_w4PRBA,factor,factor hierarchy,factor hierarchy: Что для вас важно в компании при выборе работы?,Use for B2C Choice / auto/mobility when factor is decision-relevant.
sp_c467458e0d54,tally_w4PRBA,behavior,behavior baseline,"behavior baseline: Какой способ оплаты труда, вам больше подходит?",Use for B2C Choice / auto/mobility when behavior is decision-relevant.
sp_efd7eed343b9,tally_w4p4er,scenario,JTBD map,"JTBD map: 1. В каких ситуациях вы рассматриваете покупку товаров в займ (рассрочка, долг и",Use for B2C Choice / finance when scenario is decision-relevant.
sp_d03daacd160c,tally_w4p4er,behavior,behavior baseline,behavior baseline: 2. На какие нужды вы чаще всего оформляете кредит или рассрочку?,Use for B2C Choice / finance when behavior is decision-relevant.
sp_820c893aa3dc,tally_w4p4er,frequency,behavior baseline,"behavior baseline: 3. Как часто и какой товар/услуги вы берете в займ (рассрочка, долг и др.) ?",Use for B2C Choice / finance when frequency is decision-relevant.
sp_5576961e1c50,tally_w4p4er,factor,factor hierarchy,"factor hierarchy: 5. Оцените от 1 до 5 важность перечисленных факторов, где 1 - не важно, а 5 - оч",Use for B2C Choice / finance when factor is decision-relevant.
sp_82acfd66fc9d,tally_w4p4er,WTP,price ladder,price ladder: 7. На какую сумму вы брали или чаще всего берете займ/кредит?,Use for B2C Choice / finance when WTP is decision-relevant.
sp_f5a12a25573e,tally_w4p4er,frequency,behavior baseline,behavior baseline: 8. Как часто вы берете  займ/кредит?,Use for B2C Choice / finance when frequency is decision-relevant.
sp_5967e799628d,tally_w4p4er,behavior,behavior baseline,behavior baseline: 8А. Как много кредитов/займов вы оформляли одновременно?,Use for B2C Choice / finance when behavior is decision-relevant.
sp_5ce63b99135e,tally_w4p4er,scenario,JTBD map,"JTBD map: 9. Возникали ли ситуации, когда по какой-то причине вы не могли сделать выплату ",Use for B2C Choice / finance when scenario is decision-relevant.
sp_7c123aa2809e,tally_w4p4er,channel,channel/trust map,"channel/trust map: 10. Какие финансовые организации или магазины, предоставляющие рассрочку, вы зна",Use for B2C Choice / finance when channel is decision-relevant.
sp_34fc9539dbea,tally_w4p4er,scenario,JTBD map,JTBD map: 11. Где вы когда-либо оформляли рассрочку или кредит?,Use for B2C Choice / finance when scenario is decision-relevant.
sp_584213c3ea48,tally_w4p4er,channel,channel/trust map,"channel/trust map: 12. Какие организации или магазины с рассрочкой вы рассматривали, но в итоге не ",Use for B2C Choice / finance when channel is decision-relevant.
sp_3ed9f681c0d0,tally_w4p4er,channel,channel/trust map,channel/trust map: 13. Какая компания (финансовая организация или магазин с рассрочкой) кажется вам,Use for B2C Choice / finance when channel is decision-relevant.
sp_1d37f2eeef99,tally_w4p4er,channel,channel/trust map,channel/trust map: 14. Какая финансовая организация или магазин с рассрочкой предлагает самые выгод,Use for B2C Choice / finance when channel is decision-relevant.
sp_8428cffdd441,tally_w4p4er,channel,channel/trust map,channel/trust map: 15. Где представлен самый широкий выбор условий рассрочки? (разные модели выплат,Use for B2C Choice / finance when channel is decision-relevant.
sp_de39773623b2,tally_w4p4er,channel,channel/trust map,channel/trust map: 16. Какая финансовая организация или магазин предлагает самые инновационные и уд,Use for B2C Choice / finance when channel is decision-relevant.
sp_42e69de7ba23,tally_w4p4er,channel,channel/trust map,channel/trust map: 17. Где самый простой процесс оформления рассрочки (минимум документов и лишних ,Use for B2C Choice / finance when channel is decision-relevant.
sp_b650ca3de798,tally_w4p4er,channel,channel/trust map,"channel/trust map: 19. Где предоставляется лучший сервис сопровождения займа (удобные платежи, подд",Use for B2C Choice / finance when channel is decision-relevant.
sp_7d44c2959f57,tally_w4p4er,channel,channel/trust map,"channel/trust map: 21. Подскажите, пожалуйста, через какие источники Вы узнаете об товарах/услугах",Use for B2C Choice / finance when channel is decision-relevant.
sp_0a06176acf5d,tally_w4p4er,trust,QFD,QFD: 27. Порекомендуете ли вы продукции ИнгСтрой своим знакомым? Поставьте оценку от ,Use for B2C Choice / finance when trust is decision-relevant.
sp_f5963a8ad36b,tally_w4p4er,consideration,brand funnel,brand funnel: 2. Почему вы не рассматриваете рассрочку или кредит при покупках?,Use for B2C Choice / finance when consideration is decision-relevant.
sp_d34ec31b3e20,tally_w4p4er,scenario,JTBD map,JTBD map: 3. В каких ситуациях вы могли бы всё же рассмотреть вариант покупки в рассрочку?,Use for B2C Choice / finance when scenario is decision-relevant.
sp_b2b19697d77a,tally_w4p4er,behavior,behavior baseline,behavior baseline: На кого чаще всего оформляются покупки в рассрочку или кредит?,Use for B2C Choice / finance when behavior is decision-relevant.
sp_d4f911e0be4b,tally_w2x8WM,scenario,JTBD map,JTBD map: 1. С какой целью вы обычно посещаете бар Уйде в разные дни недели?,Use for Event Conference / event/conference when scenario is decision-relevant.
sp_2127072f725f,tally_w2x8WM,scenario,JTBD map,JTBD map: 2. В какое время вам бы хотелось иметь возможность посетить бар?,Use for Event Conference / event/conference when scenario is decision-relevant.
sp_c2979bc964aa,tally_w2x8WM,frequency,behavior baseline,"behavior baseline: 3. Как часто вы посещаете бары, чтобы выпить крепкий и некрепкий алкоголь?",Use for Event Conference / event/conference when frequency is decision-relevant.
sp_b0353d62a7a8,tally_w2x8WM,frequency,behavior baseline,behavior baseline: 4. А как часто вы посещаете именно бар Уйде?,Use for Event Conference / event/conference when frequency is decision-relevant.
sp_489dcefbbb54,tally_w2x8WM,channel,channel/trust map,channel/trust map: 5. Где вы обычно покупаете крепкий и некрепкий алкоголь?,Use for Event Conference / event/conference when channel is decision-relevant.
sp_eeac67e78422,tally_w2x8WM,scenario,JTBD map,"JTBD map: 6. Когда вы посещаете бар, вы бы хотели иметь возможность также заказать еду или",Use for Event Conference / event/conference when scenario is decision-relevant.
sp_5e3fa184c107,tally_w2x8WM,channel,channel/trust map,channel/trust map: Где ещё узнаете инфо про бары?,Use for Event Conference / event/conference when channel is decision-relevant.
sp_07f85cac0fc3,tally_w2x8WM,WTP,price ladder,"price ladder: 10. Укажите, пожалуйста, сколько вы готовы заплатить за один вечер в баре? (толь",Use for Event Conference / event/conference when WTP is decision-relevant.
sp_2fde5f5c8a7b,tally_w2x8WM,factor,factor hierarchy,"factor hierarchy: 11. Оцените от 1 до 5 важность следующих факторов при выборе бара, где 1 – это н",Use for Event Conference / event/conference when factor is decision-relevant.
sp_a421abd03876,tally_w2x8WM,behavior,behavior baseline,behavior baseline: 12. Какие из перечисленных мероприятий вы бы стали посещать в баре?,Use for Event Conference / event/conference when behavior is decision-relevant.
sp_b11d32f568db,tally_w2x8WM,awareness,brand funnel,brand funnel: 13. Какие бары кроме Уйде вы знаете?,Use for Event Conference / event/conference when awareness is decision-relevant.
sp_309952f40870,tally_w2x8WM,behavior,behavior baseline,behavior baseline: 14. Какие бары кроме Уйде вы посещаете?,Use for Event Conference / event/conference when behavior is decision-relevant.
sp_ae50d7300500,tally_w2x8WM,barrier,barrier map,"barrier map: 16. Назовите пару причин, почему вы выбираете именно Уйде для посещения?",Use for Event Conference / event/conference when barrier is decision-relevant.
sp_cd7ea438dff8,tally_w2x8WM,barrier,barrier map,barrier map: 25. Почему не пробовали наш ассортимент фирменного пива UlyDala?,Use for Event Conference / event/conference when barrier is decision-relevant.
sp_d5096f830af1,tally_w2x8WM,WTP,price ladder,"price ladder: 26. Насколько вам понравился наш фирменный ассортимент пива/сидра? (укажите, пож",Use for Event Conference / event/conference when WTP is decision-relevant.
sp_3a4b03a178f6,tally_w2x8WM,WTP,price ladder,"price ladder: 29. Укажите, пожалуйста, сколько вы готовы заплатить за бокал пива в 450 мл?",Use for Event Conference / event/conference when WTP is decision-relevant.
sp_bbc70a0997af,tally_w2x8WM,factor,factor hierarchy,factor hierarchy: 30. Оцените от 1 до 5 важность следующих факторов при выборе слабоалкогольных на,Use for Event Conference / event/conference when factor is decision-relevant.
sp_4ead59a3bd81,tally_mJ0X24,scenario,JTBD map,JTBD map: С какими проблемами/ситуациями из перечисленных далее Вы сталкивались за последн,Use for B2C Choice / healthcare when scenario is decision-relevant.
sp_8d355cc9d0dd,tally_mJ0X24,WTP,price ladder,price ladder: Сколько вы обычно в среднем тратите на поход в спа/баню и другие оздоровительно-,Use for B2C Choice / healthcare when WTP is decision-relevant.
sp_1dd95dd4dda2,tally_mJ0X24,scenario,JTBD map,JTBD map: Как вы обычно ищете пути решения указанных выше ситуаций/проблем?,Use for B2C Choice / healthcare when scenario is decision-relevant.
sp_14a308223acd,tally_mJ0X24,behavior,behavior baseline,"behavior baseline: Как давно Вы посещали центры отдыха и оздоровления, в которых хотя бы одна из ук",Use for B2C Choice / healthcare when behavior is decision-relevant.
sp_102038694415,tally_mJ0X24,scenario,JTBD map,JTBD map: Приобретали ли вы когда-нибудь комплексный абонемент или пакетное предложение на,Use for B2C Choice / healthcare when scenario is decision-relevant.
sp_93fdec712e9a,tally_mJ0X24,behavior,behavior baseline,behavior baseline: С кем вы обычно посещаете центры отдыха и оздоровления?,Use for B2C Choice / healthcare when behavior is decision-relevant.
sp_fc36a2ec209b,tally_mJ0X24,scenario,JTBD map,"JTBD map: В какое время вы обычно посещаете или могли бы посещать процедуры и занятия, нап",Use for B2C Choice / healthcare when scenario is decision-relevant.
sp_dab7edf7526d,tally_mJ0X24,behavior,behavior baseline,"behavior baseline: В какой период  вы обычно посещаете или могли бы посещать процедуры и занятия, н",Use for B2C Choice / healthcare when behavior is decision-relevant.
sp_5ab205c3c28b,tally_mJ0X24,factor,factor hierarchy,"factor hierarchy: Оцените от 1 до 5 важность факторов выбора центра отдыха и оздоровления, где 1 -",Use for B2C Choice / healthcare when factor is decision-relevant.
sp_61e056e7dbca,tally_mJ0X24,WTP,price ladder,price ladder: Сколько времени готовы потратить на дорогу?,Use for B2C Choice / healthcare when WTP is decision-relevant.
sp_7fb3d05870c7,tally_mJ0X24,awareness,brand funnel,brand funnel: Какие места для отдыха и оздоровления вы знаете?,Use for B2C Choice / healthcare when awareness is decision-relevant.
sp_79cf6b8fcdd5,tally_mJ0X24,behavior,behavior baseline,"behavior baseline: Назовите места, которые вы уже хотя бы раз посещали, чтобы отдохнуть и восстанов",Use for B2C Choice / healthcare when behavior is decision-relevant.
sp_9ecbe1bd4b45,tally_mJ0X24,WTP,price ladder,price ladder: Какие из существующих вариантов являются наиболее доступным по стоимости? (Поста,Use for B2C Choice / healthcare when WTP is decision-relevant.
sp_485185e797b3,tally_mJ0X24,channel,channel/trust map,"channel/trust map: Визит, в каком центр отдыха и оздоровления Вы можете описать как самый запоминаю",Use for B2C Choice / healthcare when channel is decision-relevant.
sp_4e76ebed8f17,tally_mJ0X24,scenario,JTBD map,"JTBD map: Скажите, почему никогда не посещали Green Flow? И хотели бы посетить?",Use for B2C Choice / healthcare when scenario is decision-relevant.
sp_e9ceae67cbb0,tally_mJ0X24,factor,factor hierarchy,factor hierarchy: Оцените от 1 до 5 важность наличия одной из зоны для вас при выборе места для от,Use for B2C Choice / healthcare when factor is decision-relevant.
sp_038d4924f0a8,tally_mJ0X24,factor,factor hierarchy,factor hierarchy: Возможно для вас есть другие важные зоны? Укажите,Use for B2C Choice / healthcare when factor is decision-relevant.
sp_cb2d2ff7fe5f,tally_w2MeOg,scenario,JTBD map,JTBD map: В каких ситуациях вы чаще всего преедаете или едите без чувства голода? (выберит,Use for B2C Choice / food/FMCG when scenario is decision-relevant.
sp_873b74214a18,tally_w2MeOg,consideration,brand funnel,brand funnel: Какие подходы к снижению веса вы рассматриваете как возможные варианты? (выберит,Use for B2C Choice / food/FMCG when consideration is decision-relevant.
sp_770dadb5a44b,tally_w2MeOg,trust,QFD,QFD: Безопасность для здоровья,Use for B2C Choice / food/FMCG when trust is decision-relevant.
sp_5a93b1152039,tally_w2MeOg,barrier,barrier map,barrier map: Работа с психологическими причинами,Use for B2C Choice / food/FMCG when barrier is decision-relevant.
sp_ba39c5639a41,tally_w2MeOg,WTP,price ladder,price ladder: Стоимость программы,Use for B2C Choice / food/FMCG when WTP is decision-relevant.
sp_5f668e649c61,tally_w2MeOg,trust,QFD,QFD: Отзывы и истории реальных людей,Use for B2C Choice / food/FMCG when trust is decision-relevant.
sp_71d013350786,tally_w2MeOg,barrier,barrier map,barrier map: Что может помешать вам оплатить программу в течение недели после консультации? (,Use for B2C Choice / food/FMCG when barrier is decision-relevant.
sp_16bee48c213a,tally_w2MeOg,WTP,price ladder,price ladder: Насколько комфортно вам участвовать в групповых психологических сессиях?,Use for B2C Choice / food/FMCG when WTP is decision-relevant.
sp_a5769f89fd63,tally_w2MeOg,WTP,price ladder,price ladder: Готовы ли вы участвовать в платном клубе поддержки за 500-1000 рублей в месяц?,Use for B2C Choice / food/FMCG when WTP is decision-relevant.
sp_3dfcc67d22e7,tally_w2MeOg,trust,QFD,"QFD: Насколько вероятно, что вы порекомендуете эффективную программу друзьям? (по шка",Use for B2C Choice / food/FMCG when trust is decision-relevant.
sp_d29dcc1aebbc,tally_w2MeOg,factor,factor hierarchy,factor hierarchy: Что важнее для вас?,Use for B2C Choice / food/FMCG when factor is decision-relevant.
sp_d0d7817a2271,tally_w2MeOg,awareness,brand funnel,brand funnel: Слышали ли вы о следующих методах снижения веса? (выберите все знакомые),Use for B2C Choice / food/FMCG when awareness is decision-relevant.
sp_d752b5c4895b,tally_w2MeOg,consideration,brand funnel,"brand funnel: Если вы рассматривали медицинские инъекции, что вас останавливает?",Use for B2C Choice / food/FMCG when consideration is decision-relevant.
sp_13d0311a9a00,tally_w2MeOg,factor,factor hierarchy,"factor hierarchy: Какова вероятность того, что вы порекомендуете этот марафон друзьям или знакомым",Use for B2C Choice / food/FMCG when factor is decision-relevant.
sp_c87dc655e119,tally_w2MeOg,factor,factor hierarchy,"factor hierarchy: Оцените эффективность программы питания ( оцените по шкале от 1 до 10, где 1 - н",Use for B2C Choice / food/FMCG when factor is decision-relevant.
sp_613d90841ee7,tally_w2MeOg,factor,factor hierarchy,factor hierarchy: Оцените следующие элементы и виды занятий/сессий в рамках оценки от 1 до 5 (1 - ,Use for B2C Choice / food/FMCG when factor is decision-relevant.
sp_d5a882091297,tally_wveKg8,factor,factor hierarchy,factor hierarchy: Оцените по шкале от 1 до 5 важность следующих факторов выбора программы лояльнос,Use for B2C Choice / loyalty when factor is decision-relevant.
sp_e192d1706084,tally_wveKg8,factor,factor hierarchy,factor hierarchy: Оцените следующие функции и возможности сервиса (программы лояльности):,Use for B2C Choice / loyalty when factor is decision-relevant.
sp_a898282476db,tally_wveKg8,awareness,brand funnel,brand funnel: Какие вы знаете программы лояльности из представленных?,Use for B2C Choice / loyalty when awareness is decision-relevant.
sp_ab9d6d977a3d,tally_nPzgVe,factor,factor hierarchy,"factor hierarchy: 1.5 Пожалуйста, оцените насколько важны для Вас следующие факторы при выборе раб",Use for EVP Employer / HR/EVP when factor is decision-relevant.
sp_247af553bcee,tally_nPzgVe,factor,factor hierarchy,"factor hierarchy: 1.5 Пожалуйста, оцените насколько эти факторы реализованы в компании ""Вита"" от 1",Use for EVP Employer / HR/EVP when factor is decision-relevant.
sp_6adff6997138,tally_nPzgVe,WTP,price ladder,price ladder: 2.1 Насколько Вы согласны с представленными ниже утверждениями об уровне ответст,Use for EVP Employer / HR/EVP when WTP is decision-relevant.
sp_3fa7ab3fbd24,tally_nPzgVe,WTP,price ladder,price ladder: 2.2 Насколько Вы согласны с представленными ниже утверждениями о понимании сотру,Use for EVP Employer / HR/EVP when WTP is decision-relevant.
sp_6d9b4eb0bc18,tally_nPzgVe,WTP,price ladder,price ladder: 2.3  Насколько Вы согласны с представленными ниже утверждениями об уровне коорди,Use for EVP Employer / HR/EVP when WTP is decision-relevant.
sp_7ee44c700613,tally_nPzgVe,WTP,price ladder,price ladder: 2.4 Насколько Вы согласны с представленными ниже утверждениями об уровне ориента,Use for EVP Employer / HR/EVP when WTP is decision-relevant.
sp_ee5d0e5cb19f,tally_nPzgVe,WTP,price ladder,price ladder: 2.5 Насколько Вы согласны с представленными ниже утверждениями о характере руков,Use for EVP Employer / HR/EVP when WTP is decision-relevant.
sp_cf642b4bf651,tally_nPzgVe,WTP,price ladder,price ladder: 2.6 Насколько Вы согласны с представленными ниже утверждениями об отношении к ин,Use for EVP Employer / HR/EVP when WTP is decision-relevant.
sp_8fb82a21f980,tally_nPzgVe,WTP,price ladder,price ladder: 2.7 Насколько Вы согласны с представленными ниже утверждениями о корпоративных н,Use for EVP Employer / HR/EVP when WTP is decision-relevant.
sp_ea65eb5b5fc8,tally_nPzgVe,WTP,price ladder,price ladder: 2.8 Насколько Вы согласны с представленными ниже утверждениями о рабочей среде и,Use for EVP Employer / HR/EVP when WTP is decision-relevant.
sp_a6fd61e571b9,tally_nPzgVe,factor,factor hierarchy,factor hierarchy: 2.9 Оцените степень Вашего согласия с представленными ниже утверждениями о систе,Use for EVP Employer / HR/EVP when factor is decision-relevant.
sp_77804284e116,tally_nPzgVe,scenario,JTBD map,"JTBD map: 3.1 В компании решения принимаются всегда по всем известным, общепринятым правил",Use for EVP Employer / HR/EVP when scenario is decision-relevant.
sp_b4782ca68734,tally_nPzgVe,factor,factor hierarchy,factor hierarchy: 3.6 Оцените насколько в компании представлены следующие ценности от 1 до 5 (где ,Use for EVP Employer / HR/EVP when factor is decision-relevant.
sp_8408bc76f9ce,tally_lbBK7W,scenario,JTBD map,"JTBD map: С какой целью вы ищите/искали информацию (курсы, занятия и тд) об улучшении здор",Use for B2C Choice / healthcare when scenario is decision-relevant.
sp_371d0216436a,tally_lbBK7W,channel,channel/trust map,channel/trust map: Где вы обычно узнаёте о способах улучшить здоровье / питание?,Use for B2C Choice / healthcare when channel is decision-relevant.
sp_dde6257cf749,tally_lbBK7W,factor,factor hierarchy,factor hierarchy: Какие критерии для вас важны при выборе программы по здоровью / питанию? (где 1 ,Use for B2C Choice / healthcare when factor is decision-relevant.
sp_759539f2de4e,tally_lbBK7W,consideration,brand funnel,brand funnel: Какие типы экспертов вы бы рассматривали при выборе программы?,Use for B2C Choice / healthcare when consideration is decision-relevant.
sp_b42ff6eadeeb,tally_lbBK7W,trust,QFD,QFD: Какое описание программы вызывает у вас наибольшее доверие?,Use for B2C Choice / healthcare when trust is decision-relevant.
sp_b4bc5af440ec,tally_lbBK7W,WTP,price ladder,price ladder: Насколько вам актуальны программы по здоровью / питанию для детей?,Use for B2C Choice / healthcare when WTP is decision-relevant.
sp_d8b8df3960ab,tally_lbBK7W,behavior,behavior baseline,behavior baseline: Что для вас является ключевым моментом решения «покупать / не покупать»?,Use for B2C Choice / healthcare when behavior is decision-relevant.
sp_a75f11423c31,tally_lbBK7W,factor,factor hierarchy,factor hierarchy: Что вам важно увидеть на сайте перед покупкой?,Use for B2C Choice / healthcare when factor is decision-relevant.
sp_4cd4b39183b4,tally_lbBK7W,factor,factor hierarchy,"factor hierarchy: Насколько важно, чтобы программа легко вписывалась в ваш график?",Use for B2C Choice / healthcare when factor is decision-relevant.
sp_4b193ac397cd,tally_lbBK7W,WTP,price ladder,"price ladder: Что должно быть в сообществе, чтобы вы были готовы платить за него ежемесячно?",Use for B2C Choice / healthcare when WTP is decision-relevant.
sp_f9cc74576b17,tally_lbBK7W,barrier,barrier map,barrier map: Что чаще всего заставляет отказаться от продолжения участия?,Use for B2C Choice / healthcare when barrier is decision-relevant.
sp_669397d2a106,tally_nG9bOz,barrier,barrier map,barrier map: 3. Какова основная причина подключения к клиентскому сервису ФрешБэк?,Use for Internal Employee / HR/EVP when barrier is decision-relevant.
sp_1ab2f0c12e53,tally_nG9bOz,factor,factor hierarchy,factor hierarchy: Оцените следующие функции и возможности сервиса (программы лояльности):,Use for Internal Employee / HR/EVP when factor is decision-relevant.
sp_882cbbd928ff,tally_nG9bOz,awareness,brand funnel,brand funnel: 14. Какие программы лояльности Вы знаете?,Use for Internal Employee / HR/EVP when awareness is decision-relevant.
sp_1e233115b1fd,tally_nG9bOz,factor,factor hierarchy,"factor hierarchy: Оцените по 10-балльной шкале какова вероятность того, что Вы порекомендуете Фреш",Use for Internal Employee / HR/EVP when factor is decision-relevant.
sp_70481a4fb2ff,tally_mO0odR,factor,factor hierarchy,"factor hierarchy: Оцените, пожалуйста, насколько важны для Вас следующие факторы при выборе работо",Use for EVP Employer / HR/EVP when factor is decision-relevant.
sp_89ae932e9a4d,tally_mO0odR,consideration,brand funnel,brand funnel: Рассматривали ли Вы компанию Сибагро в качестве работодателя?,Use for EVP Employer / HR/EVP when consideration is decision-relevant.
sp_f3cf84f40d02,tally_mO0odR,barrier,barrier map,"barrier map: Расскажите, пожалуйста, почему нет",Use for EVP Employer / HR/EVP when barrier is decision-relevant.
sp_b1bb3de3f639,tally_mJzgbo,WTP,price ladder,price ladder: Сколько лет вашему автомобилю?,Use for B2C Choice / auto/mobility when WTP is decision-relevant.
sp_1486d02fd50b,tally_mJzgbo,frequency,behavior baseline,behavior baseline: Как часто Вы меняете запчасти/комплектующие автомобиля?,Use for B2C Choice / auto/mobility when frequency is decision-relevant.
sp_e9b8626aa8bf,tally_mJzgbo,channel,channel/trust map,channel/trust map: Где вы чаще всего закупаете автозапчасти?,Use for B2C Choice / auto/mobility when channel is decision-relevant.
sp_b119bdcb22eb,tally_mJzgbo,factor,factor hierarchy,factor hierarchy: Что вам важно при выборе магазина покупки автозапчастей? Оцените каждый фактор о,Use for B2C Choice / auto/mobility when factor is decision-relevant.
sp_ce70707f9bda,tally_mJzgbo,channel,channel/trust map,channel/trust map: Какой магазин предоставляет самые демократичные цены?,Use for B2C Choice / auto/mobility when channel is decision-relevant.
sp_2f133ac371ef,tally_mJzgbo,channel,channel/trust map,channel/trust map: Какой магазин предоставляет самый широкий ассортимент товаров?,Use for B2C Choice / auto/mobility when channel is decision-relevant.
sp_f71cb8d2a41d,tally_mJzgbo,channel,channel/trust map,channel/trust map: В каком магазине легче подобрать и приобрести товары?,Use for B2C Choice / auto/mobility when channel is decision-relevant.
sp_ca5633ac1531,tally_mJzgbo,channel,channel/trust map,channel/trust map: В каком магазине наиболее компетентные консультанты/менеджеры?,Use for B2C Choice / auto/mobility when channel is decision-relevant.
sp_2188a91b893e,tally_mJzgbo,channel,channel/trust map,channel/trust map: В каком магазине больше всего уникального товара?,Use for B2C Choice / auto/mobility when channel is decision-relevant.
sp_cf9435a1e6c4,tally_mJzgbo,channel,channel/trust map,channel/trust map: В каком магазине самое быстрое обслуживание/доставка?,Use for B2C Choice / auto/mobility when channel is decision-relevant.
sp_73cb511e6400,tally_mJzgbo,factor,factor hierarchy,factor hierarchy: Оцените важность факторов при выборе моторного масла от 1 до 5,Use for B2C Choice / auto/mobility when factor is decision-relevant.
sp_cfe224e35f3d,tally_mJzgbo,frequency,behavior baseline,behavior baseline: Как часто Вы меняете масло?,Use for B2C Choice / auto/mobility when frequency is decision-relevant.
sp_7e84767b800f,tally_mJzgbo,factor,factor hierarchy,factor hierarchy: Оцените по шкале от 1 до 10 на сколько вы готовы рекомендовать СпортАвто?,Use for B2C Choice / auto/mobility when factor is decision-relevant.
sp_b88e2846ac4f,tally_mJzgbo,WTP,price ladder,price ladder: Оставьте ваш номер телефона чтобы мы могли начислить вам 500 бонусов за прохожде,Use for B2C Choice / auto/mobility when WTP is decision-relevant.
sp_77415c238b9f,tally_mDkWEq,barrier,barrier map,barrier map: 2. По каким причинам Вы выбрали эту сферу для карьеры?,Use for EVP Employer / HR/EVP when barrier is decision-relevant.
sp_42d7e8a240cc,tally_mDkWEq,factor,factor hierarchy,"factor hierarchy: 6. Оцените от 1 до 5, насколько важны для Вас следующие факторы при выбора работ",Use for EVP Employer / HR/EVP when factor is decision-relevant.
sp_a17f11e0e0b0,tally_mDkWEq,scenario,JTBD map,JTBD map: 7. Какие компании Вы когда-нибудь рассматривали (рассматриваете сейчас) в качест,Use for EVP Employer / HR/EVP when scenario is decision-relevant.
sp_93bf164733cd,tally_mDkWEq,awareness,brand funnel,brand funnel: 8. Слышали ли Вы о компании «Банк Хлынов»?,Use for EVP Employer / HR/EVP when awareness is decision-relevant.
sp_bfa2c187cb26,tally_mDkWEq,consideration,brand funnel,brand funnel: 9. Рассматриваете ли Вы «Банк Хлынов» в качестве потенциального работодателя?,Use for EVP Employer / HR/EVP when consideration is decision-relevant.
sp_7bfa382d9c13,tally_mDkWEq,barrier,barrier map,barrier map: 9.1 Почему не рассматриваете?,Use for EVP Employer / HR/EVP when barrier is decision-relevant.
sp_ccdb0bf490e2,tally_w7DzMR,factor,factor hierarchy,"factor hierarchy: 5. Оцените, насколько Вы согласны с представленными ниже тезисами по шкале от 1 ",Use for EVP Employer / HR/EVP when factor is decision-relevant.
sp_6d2c88a4e0c6,tally_w7DzMR,scenario,JTBD map,JTBD map: d. Цель:,Use for EVP Employer / HR/EVP when scenario is decision-relevant.
sp_aadc95cb402a,tally_w7DzMR,WTP,price ladder,price ladder: 7. Насколько Вы согласны с представленными ниже утверждениями об уровне ответств,Use for EVP Employer / HR/EVP when WTP is decision-relevant.
sp_d4f9abdbd1e5,tally_w7DzMR,WTP,price ladder,price ladder: 8. Насколько Вы согласны с представленными ниже утверждениями о понимании сотруд,Use for EVP Employer / HR/EVP when WTP is decision-relevant.
sp_d58d22e8cfd1,tally_w7DzMR,WTP,price ladder,price ladder: 9. Насколько Вы согласны с представленными ниже утверждениями об уровне координа,Use for EVP Employer / HR/EVP when WTP is decision-relevant.
sp_e7632ca0b0bc,tally_w7DzMR,WTP,price ladder,price ladder: 10. Насколько Вы согласны с представленными ниже утверждениями об уровне ориента,Use for EVP Employer / HR/EVP when WTP is decision-relevant.
sp_bb12dda74d42,tally_w7DzMR,WTP,price ladder,price ladder: 11. Насколько Вы согласны с представленными ниже утверждениями о характере руков,Use for EVP Employer / HR/EVP when WTP is decision-relevant.
sp_fc8bfa5c521a,tally_w7DzMR,WTP,price ladder,price ladder: 12. Насколько Вы согласны с представленными ниже утверждениями об отношении к ин,Use for EVP Employer / HR/EVP when WTP is decision-relevant.
sp_a1247e1bd8fa,tally_w7DzMR,WTP,price ladder,price ladder: 13. Насколько Вы согласны с представленными ниже утверждениями о корпоративных н,Use for EVP Employer / HR/EVP when WTP is decision-relevant.
sp_9bcb37ceae8b,tally_w7DzMR,WTP,price ladder,price ladder: 14. Насколько Вы согласны с представленными ниже утверждениями о рабочей среде и,Use for EVP Employer / HR/EVP when WTP is decision-relevant.
sp_8029d45af9be,tally_w7DzMR,factor,factor hierarchy,factor hierarchy: 15. Оцените степень Вашего согласия с представленными ниже утверждениями о систе,Use for EVP Employer / HR/EVP when factor is decision-relevant.
sp_6c9ba54fae80,tally_w7DzMR,scenario,JTBD map,"JTBD map: 16. В компании Ника-Дент решения принимаются по известным, общепринятым правилам",Use for EVP Employer / HR/EVP when scenario is decision-relevant.
sp_a09d8b1357f8,tally_w7DzMR,factor,factor hierarchy,"factor hierarchy: 24. Оцените, пожалуйста, по шкале от 1 до 10, насколько Вы готовы рекомендовать ",Use for EVP Employer / HR/EVP when factor is decision-relevant.
sp_ef5e74198188,tally_wQAZpG,WTP,price ladder,"price ladder: Укажите, пожалуйста, источник личных трат",Use for B2C Choice / finance when WTP is decision-relevant.
sp_9684e3193e92,tally_wQAZpG,channel,channel/trust map,channel/trust map: У каких банков лучшее мобильное приложение по функционалу и удобству интерфейса?,Use for B2C Choice / finance when channel is decision-relevant.
sp_4bfe4ca62e50,tally_wQAZpG,scenario,JTBD map,JTBD map: Когда перед вами стоит задача сделать перевод вы скорее,Use for B2C Choice / finance when scenario is decision-relevant.
sp_1b7688590a6f,tally_wQAZpG,channel,channel/trust map,"channel/trust map: Готовы ли вы сменить банк, ради возможности делать валютные переводы через прило",Use for B2C Choice / finance when channel is decision-relevant.
sp_d27f09c30317,tally_wQAZpG,WTP,price ladder,price ladder: Сколько у вас кредитных карт?,Use for B2C Choice / finance when WTP is decision-relevant.
sp_0a9d556a8656,tally_wQAZpG,WTP,price ladder,"price ladder: Между тем, чтобы открыть кредитную карту в банке (не потребительский кредит, а и",Use for B2C Choice / finance when WTP is decision-relevant.
sp_f7fc39023738,tally_wQAZpG,scenario,JTBD map,JTBD map: Для каких задач вы брали займ в МФО (микрокредитной организации)?,Use for B2C Choice / finance when scenario is decision-relevant.
sp_f4d0413f360f,tally_wQAZpG,channel,channel/trust map,channel/trust map: Было бы вам интересно иметь возможность взять рассрочку в приложении вашего банк,Use for B2C Choice / finance when channel is decision-relevant.
sp_944bdb46e6ac,tally_wQAZpG,scenario,JTBD map,JTBD map: В каком сценарии вы прибегаете к рассрочкам:,Use for B2C Choice / finance when scenario is decision-relevant.
sp_96b6238320d0,tally_wQAZpG,behavior,behavior baseline,"behavior baseline: Кредитку оформляли в то же банке, что и дебетовую карту или специально пошли на ",Use for B2C Choice / finance when behavior is decision-relevant.
sp_12b2fa2bc314,tally_wQAZpG,WTP,price ladder,price ladder: Сколько у вас вкладов,Use for B2C Choice / finance when WTP is decision-relevant.
sp_588d021eb575,tally_wQAZpG,scenario,JTBD map,JTBD map: С какой целью вы открывали вклады?,Use for B2C Choice / finance when scenario is decision-relevant.
sp_a92e3013afc0,tally_wQAZpG,channel,channel/trust map,channel/trust map: Осуществляете ли вы инвестиционную деятельность через приложение вашего банка?,Use for B2C Choice / finance when channel is decision-relevant.
sp_2bcd65b761fb,tally_wQAZpG,channel,channel/trust map,channel/trust map: Интересует ли вас инвестиционная деятельность внутри приложения банка?,Use for B2C Choice / finance when channel is decision-relevant.
sp_a885b7e9c00d,tally_wQAZpG,channel,channel/trust map,channel/trust map: Было бы вам интересно оформлять страхование прямо внутри приложения банка?,Use for B2C Choice / finance when channel is decision-relevant.
sp_e3c261eb63b3,tally_wQAZpG,channel,channel/trust map,channel/trust map: Оформлена ли у Вас подписка в приложении банка?,Use for B2C Choice / finance when channel is decision-relevant.
sp_a2910a237e78,tally_wQAZpG,factor,factor hierarchy,"factor hierarchy: Оцените от 1 до 5 важность факторов выбора Х, где 1 – это незначимый фактор, а 5",Use for B2C Choice / finance when factor is decision-relevant.
sp_f50c90732a33,tally_wQAZpG,awareness,brand funnel,brand funnel: Какие Банки вы знаете?,Use for B2C Choice / finance when awareness is decision-relevant.
sp_bff9647ffa3a,tally_wQAZpG,WTP,price ladder,"price ladder: Какие банки, на ваш взгляд, предоставляют услуги по доступным ценам?",Use for B2C Choice / finance when WTP is decision-relevant.
sp_dc44b1063962,tally_wQAZpG,frequency,behavior baseline,"behavior baseline: Как часто в месяц Вы обращаетесь к поддержке банка для того, чтобы обсудить/зада",Use for B2C Choice / finance when frequency is decision-relevant.
sp_b73e64884473,tally_w4KYOk,factor,factor hierarchy,factor hierarchy: Оцени по шкале от 1 до 5 важность следующих факторов выбора программы лояльности,Use for B2C Choice / loyalty when factor is decision-relevant.
sp_71f33ae7867b,tally_w4KYOk,factor,factor hierarchy,"factor hierarchy: Насколько для вас важно выбирать направление благотворительности, в которое попа",Use for B2C Choice / loyalty when factor is decision-relevant.
sp_e986ba4980a9,tally_woREgN,barrier,barrier map,barrier map: 2. По каким причинам Вы выбрали эту сферу для карьеры?,Use for EVP Employer / HR/EVP when barrier is decision-relevant.
sp_9b10f8bc3375,tally_woREgN,factor,factor hierarchy,"factor hierarchy: 6. Оцените от 1 до 5, насколько важны для Вас следующие факторы при выбора работ",Use for EVP Employer / HR/EVP when factor is decision-relevant.
sp_c125a5a7ae1e,tally_woREgN,scenario,JTBD map,JTBD map: 7. Какие компании Вы когда-нибудь рассматривали (рассматриваете сейчас) в качест,Use for EVP Employer / HR/EVP when scenario is decision-relevant.
sp_02829ec4ebaa,tally_woREgN,awareness,brand funnel,brand funnel: 8. Слышали ли Вы о компании «Банк Хлынов»?,Use for EVP Employer / HR/EVP when awareness is decision-relevant.
sp_681df5e109b1,tally_woREgN,consideration,brand funnel,brand funnel: 9. Рассматриваете ли Вы «Банк Хлынов» в качестве потенциального работодателя?,Use for EVP Employer / HR/EVP when consideration is decision-relevant.
sp_400c059415c8,tally_woREgN,barrier,barrier map,barrier map: 9.1 Почему не рассматриваете?,Use for EVP Employer / HR/EVP when barrier is decision-relevant.
sp_8d0d0517c8dd,tally_meaGo0,frequency,behavior baseline,behavior baseline: 2. Как часто вы меняете клюшку?,Use for Event Conference / event/conference when frequency is decision-relevant.
sp_35f093d674db,tally_meaGo0,WTP,price ladder,price ladder: 3. Сколько в среднем вам требуется менять клюшек в год?,Use for Event Conference / event/conference when WTP is decision-relevant.
sp_91af92166188,tally_meaGo0,barrier,barrier map,barrier map: 4. Укажите наиболее частую причину смены хоккейной клюшки (открытый вопрос),Use for Event Conference / event/conference when barrier is decision-relevant.
sp_79b85383b983,tally_meaGo0,behavior,behavior baseline,behavior baseline: 5. Кто обычно покупает хоккейную клюшку для вас?,Use for Event Conference / event/conference when behavior is decision-relevant.
sp_a0b7afec6217,tally_meaGo0,frequency,behavior baseline,behavior baseline: 11. Как часто приходится менять хоккейную клюшку ребенку?,Use for Event Conference / event/conference when frequency is decision-relevant.
sp_0b169035daca,tally_meaGo0,WTP,price ladder,price ladder: 12. Сколько в среднем требуется менять клюшек ребенку в год?,Use for Event Conference / event/conference when WTP is decision-relevant.
sp_d1e4f71f2b38,tally_meaGo0,barrier,barrier map,barrier map: 13. Укажите наиболее частую причину смены хоккейной клюшки:,Use for Event Conference / event/conference when barrier is decision-relevant.
sp_818381ee8418,tally_meaGo0,behavior,behavior baseline,behavior baseline: 14. В какую организацию ходит ваш ребенок?,Use for Event Conference / event/conference when behavior is decision-relevant.
sp_b23dc40e78fe,tally_meaGo0,factor,factor hierarchy,factor hierarchy: 15. Оцените от 1 до 5 важность факторов выбора хоккейной клюшки (где 1 - совсем ,Use for Event Conference / event/conference when factor is decision-relevant.
sp_e7e1fad68047,tally_meaGo0,factor,factor hierarchy,"factor hierarchy: 16. Какие технические характеристики клюшки для вас наиболее важны? (прочность, ",Use for Event Conference / event/conference when factor is decision-relevant.
sp_e31badc9e404,tally_meaGo0,factor,factor hierarchy,factor hierarchy: 17. Важна ли для вас возможность кастомизации клюшки?,Use for Event Conference / event/conference when factor is decision-relevant.
sp_17bfc3e6de3e,tally_meaGo0,awareness,brand funnel,brand funnel: 20. Какие бренды хоккейных клюшек вы знаете?,Use for Event Conference / event/conference when awareness is decision-relevant.
sp_329a5e6271b2,tally_meaGo0,factor,factor hierarchy,"factor hierarchy: 25. Оцените по 10-бальной шкале, с какой вероятностью вы бы порекомендовали хокк",Use for Event Conference / event/conference when factor is decision-relevant.
sp_bd79fd46531a,tally_meaGo0,channel,channel/trust map,channel/trust map: 26. Где вы обычно приобретаете клюшку?,Use for Event Conference / event/conference when channel is decision-relevant.
sp_0bc292c092f8,tally_meaGo0,channel,channel/trust map,channel/trust map: 27. Через какие каналы информации вы узнаете о новостях в мире хоккея?,Use for Event Conference / event/conference when channel is decision-relevant.
sp_9a7e6b943d9b,tally_w2a66e,barrier,barrier map,barrier map: 2. По каким причинам Вы выбрали эту сферу для карьеры?,Use for EVP Employer / HR/EVP when barrier is decision-relevant.
sp_513d78eb6308,tally_w2a66e,factor,factor hierarchy,"factor hierarchy: 6. Оцените от 1 до 5, насколько важны для Вас следующие факторы при выбора работ",Use for EVP Employer / HR/EVP when factor is decision-relevant.
sp_875c9175f24f,tally_w2a66e,scenario,JTBD map,JTBD map: 7. Какие компании Вы когда-нибудь рассматривали (рассматриваете сейчас) в качест,Use for EVP Employer / HR/EVP when scenario is decision-relevant.
sp_dbe5e905e543,tally_w2a66e,awareness,brand funnel,brand funnel: 8. Слышали ли Вы о компании «Банк Хлынов»?,Use for EVP Employer / HR/EVP when awareness is decision-relevant.
sp_6f7cf429ca5d,tally_w2a66e,consideration,brand funnel,brand funnel: 9. Рассматриваете ли Вы «Банк Хлынов» в качестве потенциального работодателя?,Use for EVP Employer / HR/EVP when consideration is decision-relevant.
sp_fece3bc6e91f,tally_w2a66e,barrier,barrier map,barrier map: 9.1 Почему не рассматриваете?,Use for EVP Employer / HR/EVP when barrier is decision-relevant.
sp_1fed254e92ac,tally_wkExVM,scenario,JTBD map,JTBD map: В каких ситуациях вы употребляете водку?,Use for B2C Choice / food/FMCG when scenario is decision-relevant.
sp_f2af2af0ad30,tally_wkExVM,behavior,behavior baseline,"behavior baseline: Какую водку вы употребляете, при общении с друзьями?",Use for B2C Choice / food/FMCG when behavior is decision-relevant.
sp_0cf2fc427d2c,tally_wkExVM,behavior,behavior baseline,behavior baseline: Марку какой водки вы стали бы употреблять по случаю праздника?,Use for B2C Choice / food/FMCG when behavior is decision-relevant.
sp_03d4a907bd4e,tally_wkExVM,behavior,behavior baseline,behavior baseline: Водку какой марки вы бы стали употреблять чтобы снять стресс?,Use for B2C Choice / food/FMCG when behavior is decision-relevant.
sp_0c7412b5eacf,tally_3NlZZ0,barrier,barrier map,barrier map: 2. По каким причинам Вы выбрали эту сферу для карьеры?,Use for EVP Employer / HR/EVP when barrier is decision-relevant.
sp_59fd9c49928e,tally_3NlZZ0,factor,factor hierarchy,"factor hierarchy: 6. Оцените от 1 до 5, насколько важны для Вас следующие факторы при выбора работ",Use for EVP Employer / HR/EVP when factor is decision-relevant.
sp_db01e3a4e8c4,tally_3NlZZ0,scenario,JTBD map,JTBD map: 7. Какие компании Вы когда-нибудь рассматривали (рассматриваете сейчас) в качест,Use for EVP Employer / HR/EVP when scenario is decision-relevant.
sp_e4f8b31b0966,tally_3NlZZ0,awareness,brand funnel,brand funnel: 8. Слышали ли Вы о компании «Банк Хлынов»?,Use for EVP Employer / HR/EVP when awareness is decision-relevant.
sp_70bd1eefc3f0,tally_3NlZZ0,consideration,brand funnel,brand funnel: 9. Рассматриваете ли Вы «Банк Хлынов» в качестве потенциального работодателя?,Use for EVP Employer / HR/EVP when consideration is decision-relevant.
sp_f8b5ca507cbc,tally_3NlZZ0,barrier,barrier map,barrier map: 9.1 Почему не рассматриваете?,Use for EVP Employer / HR/EVP when barrier is decision-relevant.
sp_cfb9ff1ec223,tally_wQeQQY,barrier,barrier map,barrier map: 2. По каким причинам Вы выбрали эту сферу для карьеры?,Use for EVP Employer / HR/EVP when barrier is decision-relevant.
sp_ee62e714b945,tally_wQeQQY,factor,factor hierarchy,"factor hierarchy: 6. Оцените от 1 до 5, насколько важны для Вас следующие факторы при выбора работ",Use for EVP Employer / HR/EVP when factor is decision-relevant.
sp_0bd8f6de457e,tally_wQeQQY,scenario,JTBD map,JTBD map: 7. Какие компании Вы когда-нибудь рассматривали (рассматриваете сейчас) в качест,Use for EVP Employer / HR/EVP when scenario is decision-relevant.
sp_7fbeeb594347,tally_wQeQQY,awareness,brand funnel,brand funnel: 8. Слышали ли Вы о компании «Банк Хлынов»?,Use for EVP Employer / HR/EVP when awareness is decision-relevant.
sp_7e831a1a3f82,tally_wQeQQY,consideration,brand funnel,brand funnel: 9. Рассматриваете ли Вы «Банк Хлынов» в качестве потенциального работодателя?,Use for EVP Employer / HR/EVP when consideration is decision-relevant.
sp_f2b93b5718e1,tally_wQeQQY,barrier,barrier map,barrier map: 9.1 Почему не рассматриваете?,Use for EVP Employer / HR/EVP when barrier is decision-relevant.
sp_0f07b7e31664,tally_mK19eM,behavior,behavior baseline,behavior baseline: 1. Посещаете ли вы заведения общественного питания?,Use for B2C Choice / food/FMCG when behavior is decision-relevant.
sp_edba99c9393b,tally_mK19eM,WTP,price ladder,price ladder: 3. Какую сумму вы обычно тратите в ресторанах ?,Use for B2C Choice / food/FMCG when WTP is decision-relevant.
sp_e7ac8049148b,tally_31dDqg,barrier,barrier map,barrier map: 1.1 Что чаще всего служит для вас причиной посещения клиники? (Ответы не перечис,Use for B2C Choice / healthcare when barrier is decision-relevant.
sp_e3c89112290d,tally_31dDqg,frequency,behavior baseline,behavior baseline: 1.2 Как часто вы посещаете частные клиники?,Use for B2C Choice / healthcare when frequency is decision-relevant.
sp_44122a20a8e5,tally_31dDqg,behavior,behavior baseline,behavior baseline: 2.1 Какой тип частных клиник вы чаще всего посещаете? (Отвечают только по выбран,Use for B2C Choice / healthcare when behavior is decision-relevant.
sp_642190b1a24a,tally_31dDqg,behavior,behavior baseline,behavior baseline: 2.2 Каких врачей в частных клиниках вы посещали в течение последнего года? (Отве,Use for B2C Choice / healthcare when behavior is decision-relevant.
sp_44c870b38e60,tally_31dDqg,factor,factor hierarchy,"factor hierarchy: 2.3 Оцените от 1 до 5 важность для вас факторов выбора клиники, где 1 – это совс",Use for B2C Choice / healthcare when factor is decision-relevant.
sp_3ea0d52fb1b1,tally_31dDqg,awareness,brand funnel,brand funnel: 2.4 Какие клиники вы знаете? (Перечислить через запятую),Use for B2C Choice / healthcare when awareness is decision-relevant.
sp_309f6c390022,tally_31dDqg,behavior,behavior baseline,behavior baseline: 2.5 Какие клиники вы посещаете? (Перечислить через запятую),Use for B2C Choice / healthcare when behavior is decision-relevant.
sp_50be4578468b,tally_31dDqg,behavior,behavior baseline,behavior baseline: 2.7 Каким образом вы чаще всего приходите к пониманию необходимостипосетить врач,Use for B2C Choice / healthcare when behavior is decision-relevant.
sp_4eaf83e2e54b,tally_31dDqg,scenario,JTBD map,"JTBD map: 2.8 Какие переживания или страхи возникают у вас, когда вы обращаетесь в частную",Use for B2C Choice / healthcare when scenario is decision-relevant.
sp_75b6281fa178,tally_31dDqg,behavior,behavior baseline,"behavior baseline: 2.10 Посещаете ли вы еще какие-то медицинские центры, кроме клиники Доктора Макс",Use for B2C Choice / healthcare when behavior is decision-relevant.
sp_13a733301067,tally_31dDqg,behavior,behavior baseline,"behavior baseline: 2.11 Посещаете ли вы еще какие-то медицинские центры, кроме клиники Доктора Макс",Use for B2C Choice / healthcare when behavior is decision-relevant.
sp_c529ea614d53,tally_31dDqg,scenario,JTBD map,JTBD map: 2.12 В каких ситуациях вы бы обратились в другую клинику?,Use for B2C Choice / healthcare when scenario is decision-relevant.
sp_eb33e9a42cb4,tally_31dDqg,scenario,JTBD map,"JTBD map: 2.13 В каких ситуациях, связанных с офтальмологией вы бы обратились в другую кли",Use for B2C Choice / healthcare when scenario is decision-relevant.
sp_b5754dbada61,tally_31dDqg,frequency,behavior baseline,behavior baseline: 3.1 Как часто вы обращаетесь к офтальмологу?,Use for B2C Choice / healthcare when frequency is decision-relevant.
sp_80bead0bcf11,tally_31dDqg,scenario,JTBD map,"JTBD map: 3.2 При каких сценариях вы понимаете, что необходимо идти к врачу?",Use for B2C Choice / healthcare when scenario is decision-relevant.
sp_f0213dc6ebef,tally_31dDqg,behavior,behavior baseline,"behavior baseline: 3.5 Приходите ли вы на прием ко врачу после того, как пройдете курс лечения?",Use for B2C Choice / healthcare when behavior is decision-relevant.
sp_22f1b95b56c2,tally_31dDqg,factor,factor hierarchy,"factor hierarchy: 5.4 Оцените по 10-бальной шкале, с какой вероятностью вы бы порекомендовали клин",Use for B2C Choice / healthcare when factor is decision-relevant.
sp_f4f1fbd399ce,tally_nWvWrQ,channel,channel/trust map,"channel/trust map: Подскажите, вы закупаете материалы для ресниц с какими целями (Вопрос подразумев",Use for B2B2C / construction/materials when channel is decision-relevant.
sp_a79d0cd501ca,tally_nWvWrQ,awareness,brand funnel,"brand funnel: - Какие в основном закупаете бренды, у каких производителей?",Use for B2B2C / construction/materials when awareness is decision-relevant.
sp_3db598baa088,tally_nWvWrQ,behavior,behavior baseline,behavior baseline: - Как вы ищите поставщика? (через что вы находите того или иного поставщика),Use for B2B2C / construction/materials when behavior is decision-relevant.
sp_ccb69a6d7a66,tally_nWvWrQ,switching,barrier map,barrier map: Какие материалы для вас наиболее критичны при закупках (если не будет этих позиц,Use for B2B2C / construction/materials when switching is decision-relevant.
sp_c705a90d8f1b,tally_nWvWrQ,trust,QFD,QFD: Какие бренды и материалы вызывают наибольшее доверие?,Use for B2B2C / construction/materials when trust is decision-relevant.
sp_e57880be075a,tally_nWvWrQ,channel,channel/trust map,channel/trust map: При закупке вы обращаетесь напрямую к менеджеру по продажам или хотели бы иметь ,Use for B2B2C / construction/materials when channel is decision-relevant.
sp_d1e22a951e00,tally_nWvWrQ,barrier,barrier map,barrier map: Что может стать причиной смены поставщика?,Use for B2B2C / construction/materials when barrier is decision-relevant.
sp_0e98b030d52c,tally_m6d4Qk,barrier,barrier map,barrier map: 1. Какие основные причины привели Вас к поиску решения для помощи в трейдинге?,Use for B2C Choice / food/FMCG when barrier is decision-relevant.
sp_aca168db8f2a,tally_m6d4Qk,WTP,price ladder,price ladder: 2. Сколько Вы уже торгуете? Как давно инетересуетесь инвестициями?,Use for B2C Choice / food/FMCG when WTP is decision-relevant.
sp_d9ba5ccc5010,tally_m6d4Qk,factor,factor hierarchy,factor hierarchy: 4. Какие наиболее важные функции нашего решения можете выделить?,Use for B2C Choice / food/FMCG when factor is decision-relevant.
sp_0e0499516ffc,tally_m6d4Qk,behavior,behavior baseline,behavior baseline: 6. Почему Вы предпочли не покупать терминал от Buy or Sell?,Use for B2C Choice / food/FMCG when behavior is decision-relevant.
sp_d565018ee995,tally_mJOVB7,frequency,behavior baseline,"behavior baseline: 1.2 Оцените, как часто вы водите ребенка к следующим врачам. (1 - не посещаю, 5 ",Use for B2C Choice / healthcare when frequency is decision-relevant.
sp_845f0bf87d27,tally_mJOVB7,behavior,behavior baseline,"behavior baseline: 1.3 Водите ли Вы детей в клиники, куда ходите сами?",Use for B2C Choice / healthcare when behavior is decision-relevant.
sp_cdc6533709f0,tally_mJOVB7,WTP,price ladder,price ladder: 1.8 Через сколько после возникновения симптомов Вы приводите ребенка к врачу?,Use for B2C Choice / healthcare when WTP is decision-relevant.
sp_2aa557ce166a,tally_mJOVB7,frequency,behavior baseline,behavior baseline: 1.9. Как часто Вы водите ребенка в клиники?,Use for B2C Choice / healthcare when frequency is decision-relevant.
sp_8cf6ac90a7aa,tally_mJOVB7,behavior,behavior baseline,behavior baseline: 2.1 Какой тип частных клиник Вы чаще всего выбираете для своих детей?,Use for B2C Choice / healthcare when behavior is decision-relevant.
sp_34e348417428,tally_mJOVB7,scenario,JTBD map,"JTBD map: 2.3 Отметьте, пожалуйста, какую клинику Вы выбрали, когда водили ребенка к врачу",Use for B2C Choice / healthcare when scenario is decision-relevant.
sp_4bba48d8d20b,tally_mJOVB7,factor,factor hierarchy,factor hierarchy: 2.4 Оцените важность следующих характеристик при выборе частной клиники для Ваше,Use for B2C Choice / healthcare when factor is decision-relevant.
sp_c9f3dd56b30a,tally_mJOVB7,awareness,brand funnel,brand funnel: 2.5 Какие клиники Вы знаете (Перечислите через запятую),Use for B2C Choice / healthcare when awareness is decision-relevant.
sp_1cf21ff5396c,tally_mJOVB7,scenario,JTBD map,"JTBD map: 2.8 Какие переживания или страхи возникают у Вас, когда выбираете частную клиник",Use for B2C Choice / healthcare when scenario is decision-relevant.
sp_ad970b9fb150,tally_mJOVB7,trust,QFD,QFD: 3.3 Какую детскую клинику Вы бы порекомендовали своим друзьям/знакомым?,Use for B2C Choice / healthcare when trust is decision-relevant.
sp_444fdeed4374,tally_mJOVB7,trust,QFD,"QFD: 3.4 Насколько вероятно (от 1 до 10), что Вы порекомендуете клинику DFC для детей",Use for B2C Choice / healthcare when trust is decision-relevant.
sp_31990d9a7789,tally_mJOVB7,WTP,price ladder,price ladder: 5.1 Сколько у Вас детей?,Use for B2C Choice / healthcare when WTP is decision-relevant.
sp_ab9384c17389,tally_mJOVB7,behavior,behavior baseline,"behavior baseline: Что на ваш взгляд должно входить в такой абонемент? (например, осмотр на дому, э",Use for B2C Choice / healthcare when behavior is decision-relevant.
sp_3282e66f4b3f,tally_nGNppz,frequency,behavior baseline,behavior baseline: Как часто вы обслуживаете автомобиль в автосервисе?,Use for B2C Choice / auto/mobility when frequency is decision-relevant.
sp_e3b196513e0f,tally_nGNppz,WTP,price ladder,price ladder: Какой тип автомобиля вы водите? (можно выбрать несколько),Use for B2C Choice / auto/mobility when WTP is decision-relevant.
sp_ffc42c461814,tally_nGNppz,channel,channel/trust map,channel/trust map: Какие обстоятельства побудили вас обратиться в наш автосервис или магазин? (можн,Use for B2C Choice / auto/mobility when channel is decision-relevant.
sp_fa239c5b54e4,tally_nGNppz,barrier,barrier map,barrier map: Что послужило основной причиной для первого обращения в наш автосервис или магаз,Use for B2C Choice / auto/mobility when barrier is decision-relevant.
sp_389112a9db6d,tally_nGNppz,channel,channel/trust map,channel/trust map: Как вы узнаете информацию об автосервисах или магазинах автозапчастей? (можно вы,Use for B2C Choice / auto/mobility when channel is decision-relevant.
sp_0887252ee539,tally_nGNppz,WTP,price ladder,price ladder: Кто чаще всего обслуживание ваш автомобиль? (можно выбрать несколько),Use for B2C Choice / auto/mobility when WTP is decision-relevant.
sp_869ea6ab1507,tally_nGNppz,channel,channel/trust map,channel/trust map: Покупаете ли вы запчасти в нашем магазине?,Use for B2C Choice / auto/mobility when channel is decision-relevant.
sp_1d48384e8466,tally_nGNppz,channel,channel/trust map,channel/trust map: Какие товары и запчасти вы покупали в нашем магазине?,Use for B2C Choice / auto/mobility when channel is decision-relevant.
sp_b445a6849a55,tally_nGNppz,barrier,barrier map,barrier map: Почему вы не покупаете запчасти в нашем магазине?,Use for B2C Choice / auto/mobility when barrier is decision-relevant.
sp_9e8c3e81b32a,tally_nGNppz,WTP,price ladder,price ladder: Какие марки и типы запчастей вы обычно ищите? (можно выбрать несколько),Use for B2C Choice / auto/mobility when WTP is decision-relevant.
sp_92c841146b33,tally_nGNppz,factor,factor hierarchy,"factor hierarchy: Оцените по шкале от 1 до 5 следующие факторы выбора магазина или автосервиса, гд",Use for B2C Choice / auto/mobility when factor is decision-relevant.
sp_cd4f5dadfdab,tally_nGNppz,channel,channel/trust map,channel/trust map: Что бы вы улучшили в нашем магазине/автосервисе? (можно выбрать несколько),Use for B2C Choice / auto/mobility when channel is decision-relevant.
sp_e5f2f38bd743,tally_nGNppz,channel,channel/trust map,channel/trust map: Какой автосервис и магазин автозапчастей вам кажется самым доступным по цене?,Use for B2C Choice / auto/mobility when channel is decision-relevant.
sp_48623b33c57e,tally_nGNppz,channel,channel/trust map,"channel/trust map: Какой автосервис и магазин, на ваш взгляд, предлагает самый широкий спектр услуг",Use for B2C Choice / auto/mobility when channel is decision-relevant.
sp_9e2702e353c3,tally_nGNppz,channel,channel/trust map,"channel/trust map: Какой автосервис и магазин, на ваш взгляд, предлагает самый широкий выбор запчас",Use for B2C Choice / auto/mobility when channel is decision-relevant.
sp_de4b947656d6,tally_nGNppz,channel,channel/trust map,"channel/trust map: Какой автосервис и магазин, на ваш взгляд, предлагает самое большое количество в",Use for B2C Choice / auto/mobility when channel is decision-relevant.
sp_0f353b181129,tally_nGNppz,channel,channel/trust map,channel/trust map: Какой автосервис и магазин вам кажется самым быстрым в обслуживании?,Use for B2C Choice / auto/mobility when channel is decision-relevant.
sp_a10eeca80a0b,tally_nGNppz,channel,channel/trust map,"channel/trust map: В каком автосервисе и магазине вам лучше всего помогают подобрать товар, благода",Use for B2C Choice / auto/mobility when channel is decision-relevant.
sp_406129fd974b,tally_nGNppz,channel,channel/trust map,channel/trust map: В каком автосервисе и магазине вам комфортнее всего ожидать завершения работ?,Use for B2C Choice / auto/mobility when channel is decision-relevant.
sp_a75a37b53441,tally_nGNppz,channel,channel/trust map,"channel/trust map: В каком автосервисе и магазине наиболее удобные цифровые сервисы (онлайн-запись,",Use for B2C Choice / auto/mobility when channel is decision-relevant.
sp_2670278bdadb,tally_nGNppz,barrier,barrier map,barrier map: Почему вы перестали обращаться в наш автосервис и магазин?,Use for B2C Choice / auto/mobility when barrier is decision-relevant.
sp_d1884c37925c,tally_nGNppz,channel,channel/trust map,channel/trust map: Какие другие автосервисы и магазины автозапчастей вы знаете?,Use for B2C Choice / auto/mobility when channel is decision-relevant.
sp_fc80e271100c,tally_nGNppz,channel,channel/trust map,channel/trust map: В какие автосервисы и магазины вы обращаетесь?,Use for B2C Choice / auto/mobility when channel is decision-relevant.
sp_9364c8782579,tally_wkRWzd,scenario,JTBD map,JTBD map: 1. С какой целью вы обычно посещаете пекарню «Румяный каравай» в указанное время,Use for B2C Choice / food/FMCG when scenario is decision-relevant.
sp_2a5ffd4a91a4,tally_wkRWzd,frequency,behavior baseline,behavior baseline: 2. Как часто вы посещаете пекарни?,Use for B2C Choice / food/FMCG when frequency is decision-relevant.
sp_da2e0b1e5718,tally_wkRWzd,frequency,behavior baseline,behavior baseline: 3. А как часто вы посещаете именно пекарню «Румяный каравай»?,Use for B2C Choice / food/FMCG when frequency is decision-relevant.
sp_2900867b92cb,tally_wkRWzd,channel,channel/trust map,channel/trust map: 4. Где вы чаще всего покупаете следующие продукты,Use for B2C Choice / food/FMCG when channel is decision-relevant.
sp_2ca6eb6b7831,tally_wkRWzd,channel,channel/trust map,channel/trust map: 5. Из каких источников информации вы узнаете про пекарни?,Use for B2C Choice / food/FMCG when channel is decision-relevant.
sp_91033d96c50e,tally_wkRWzd,WTP,price ladder,price ladder: 6. Сколько вы готовы потратить на покупки в пекарне?,Use for B2C Choice / food/FMCG when WTP is decision-relevant.
sp_c03d167cb403,tally_wkRWzd,factor,factor hierarchy,"factor hierarchy: 7. Оцените от 1 до 5 важность факторов выбора в пекарне, где 1 - это незначимый ",Use for B2C Choice / food/FMCG when factor is decision-relevant.
sp_8ca1849e81ca,tally_wkRWzd,awareness,brand funnel,brand funnel: 8. Какие пекарни вы знаете?,Use for B2C Choice / food/FMCG when awareness is decision-relevant.
sp_348da15a235c,tally_wkRWzd,behavior,behavior baseline,behavior baseline: 9. Какие пекарни вы посещаете?,Use for B2C Choice / food/FMCG when behavior is decision-relevant.
sp_37e8dab7c68c,tally_wkRWzd,WTP,price ladder,price ladder: 17. Готовы ли вы тратить время на дорогу до пекарни с лучшим ассортиментом выпеч,Use for B2C Choice / food/FMCG when WTP is decision-relevant.
sp_637a02d8a0e1,tally_wkRWzd,factor,factor hierarchy,"factor hierarchy: 21.Оцените по 10-балльной шкале, с какой вероятностью Вы бы порекомендовали пека",Use for B2C Choice / food/FMCG when factor is decision-relevant.
sp_b6cf0d0412af,tally_wkRWzd,scenario,JTBD map,JTBD map: 1. С какой целью вы обычно посещаете пекарню «Румяный каравай»?,Use for B2C Choice / food/FMCG when scenario is decision-relevant.
sp_ed8926f04b07,tally_wkRWzd,behavior,behavior baseline,behavior baseline: 2. В какие дни недели вы обычно посещаете пекарню?,Use for B2C Choice / food/FMCG when behavior is decision-relevant.
sp_0d76c60305c9,tally_wkRWzd,channel,channel/trust map,channel/trust map: 5. Где вы чаще всего покупаете следующие продукты,Use for B2C Choice / food/FMCG when channel is decision-relevant.
sp_e2db217c52ad,tally_wkRWzd,barrier,barrier map,"barrier map: 12. Назовите 2-3 причины, почему вы выбираете именно Румяный каравай для посещен",Use for B2C Choice / food/FMCG when barrier is decision-relevant.
sp_211073f4d1b5,tally_wkRWzd,factor,factor hierarchy,"factor hierarchy: 21. Оцените по 10-балльной шкале, с какой вероятностью Вы бы порекомендовали пек",Use for B2C Choice / food/FMCG when factor is decision-relevant.
sp_319dea4ce00a,tally_mYGqV5,channel,channel/trust map,"channel/trust map: В каких сервисах/заведениях/магазинах ты привык копить баллы или бонусы, а в как",Use for B2C Choice / loyalty when channel is decision-relevant.
sp_5eda012fb6e8,tally_mYGqV5,factor,factor hierarchy,factor hierarchy: Оцени по шкале от 1 до 5 важность следующих факторов выбора программы лояльности,Use for B2C Choice / loyalty when factor is decision-relevant.
sp_103efbfa8631,tally_mYGqV5,factor,factor hierarchy,factor hierarchy: На сколько важна для тебя безопасность личных данных при выборе программы лояльн,Use for B2C Choice / loyalty when factor is decision-relevant.
sp_e4607be41aa3,tally_mYGqV5,trust,QFD,QFD: Кому ты больше доверяешь хранение личных данных?,Use for B2C Choice / loyalty when trust is decision-relevant.
sp_c622aaa826f8,tally_mYGqV5,factor,factor hierarchy,factor hierarchy: Важна ли для тебя благотворительная деятельность платформы для программы лояльно,Use for B2C Choice / loyalty when factor is decision-relevant.
sp_acf9f6dad596,tally_mYGqV5,trust,QFD,"QFD: По шкале от 1 до 10 насколько вы готовы рекомендовать ""Фрешбэк""?",Use for B2C Choice / loyalty when trust is decision-relevant.
sp_9a0974dfd806,tally_mYGqV5,WTP,price ladder,price ladder: Ты бы хотел иметь возможность тратить бонусы на блатворительность?,Use for B2C Choice / loyalty when WTP is decision-relevant.
sp_b29b94e73c70,tally_n9lko4,factor,factor hierarchy,"factor hierarchy: Оцените, пожалуйста, насколько важны для Вас следующие факторы при выборе работо",Use for EVP Employer / HR/EVP when factor is decision-relevant.
sp_e80d00a01d4e,tally_n9lko4,consideration,brand funnel,brand funnel: Рассматривали ли Вы компанию Сибагро в качестве работодателя?,Use for EVP Employer / HR/EVP when consideration is decision-relevant.
sp_03f2ad241046,tally_n9lko4,barrier,barrier map,"barrier map: Расскажите, пожалуйста, почему нет",Use for EVP Employer / HR/EVP when barrier is decision-relevant.
sp_896f3520a442,tally_3jlB04,channel,channel/trust map,"channel/trust map: Напишите, где",Use for B2C Choice / healthcare when channel is decision-relevant.
sp_e8a34dd738d9,tally_3jlB04,scenario,JTBD map,JTBD map: Какую цель Вы преследовали или преследуете при обращении к косметологическим усл,Use for B2C Choice / healthcare when scenario is decision-relevant.
sp_a90dd6805d1c,tally_3jlB04,factor,factor hierarchy,"factor hierarchy: Насколько для Вас важна проблема борьбы с проблемной кожей (акне, угревая сыпь, ",Use for B2C Choice / healthcare when factor is decision-relevant.
sp_97cd5bbb1bb5,tally_3jlB04,factor,factor hierarchy,"factor hierarchy: Насколько для Вас важна коррекция тела (жиросжигание, устранение обвисаний, моде",Use for B2C Choice / healthcare when factor is decision-relevant.
sp_7ab59762aee5,tally_3jlB04,factor,factor hierarchy,factor hierarchy: Какие виды коррекции тела были важны/важны для Вас больше всего?,Use for B2C Choice / healthcare when factor is decision-relevant.
sp_104a3ddc34cf,tally_3jlB04,factor,factor hierarchy,"factor hierarchy: Насколько для Вас важно устранения последствия родов (растяжки, пигментация, уху",Use for B2C Choice / healthcare when factor is decision-relevant.
sp_e384fabb9ced,tally_3jlB04,frequency,behavior baseline,behavior baseline: Как часто Вы посещаете косметологические процедуры?,Use for B2C Choice / healthcare when frequency is decision-relevant.
sp_ab1e3b583902,tally_3jlB04,WTP,price ladder,price ladder: Сколько в среднем в год вы тратите на косметологические процедуры?,Use for B2C Choice / healthcare when WTP is decision-relevant.
sp_3b3babb4712d,tally_3jlB04,barrier,barrier map,"barrier map: Были ли косметологические клиники, которые Вы перестали посещать?",Use for B2C Choice / healthcare when barrier is decision-relevant.
sp_f048007ae101,tally_3jlB04,barrier,barrier map,barrier map: Почему Вы перестали посещать эти клиники?,Use for B2C Choice / healthcare when barrier is decision-relevant.
sp_3768184cf40d,tally_3jlB04,factor,factor hierarchy,"factor hierarchy: Какие факторы Вам важны при выборе клиники? (Оцените от 1 до 5, где 1 - неважно ",Use for B2C Choice / healthcare when factor is decision-relevant.
sp_65cc802a3a3c,tally_nP2XDV,barrier,barrier map,barrier map: 3) Что чаще всего служит для Вас причиной посещения стоматологии?,Use for B2C Choice / healthcare when barrier is decision-relevant.
sp_9111343d1a55,tally_nP2XDV,behavior,behavior baseline,"behavior baseline: 4) Выберите те услуги, которые Вы посещали в течение последнего года?",Use for B2C Choice / healthcare when behavior is decision-relevant.
sp_bc5a2ff400a9,tally_nP2XDV,frequency,behavior baseline,behavior baseline: 5) Как часто посещаете стоматологическую клинику?,Use for B2C Choice / healthcare when frequency is decision-relevant.
sp_3662be9bb4f0,tally_nP2XDV,behavior,behavior baseline,behavior baseline: 5.1) Почему так редко посещаете стоматологию?,Use for B2C Choice / healthcare when behavior is decision-relevant.
sp_10e21a5947d7,tally_nP2XDV,behavior,behavior baseline,behavior baseline: 6) Какие клиники вы посещаете?,Use for B2C Choice / healthcare when behavior is decision-relevant.
sp_9068c237563a,tally_nP2XDV,barrier,barrier map,barrier map: 6.1) По какой причине вы выбираете именно частные/государственные клиники?,Use for B2C Choice / healthcare when barrier is decision-relevant.
sp_bdf8dfbc9c09,tally_nP2XDV,barrier,barrier map,"barrier map: 9) Бывало ли у вас такое, что вы не завершили лечение или решили отказаться от у",Use for B2C Choice / healthcare when barrier is decision-relevant.
sp_eb26e2e13d3e,tally_nP2XDV,barrier,barrier map,barrier map: 9.1) С чем связан ваш отказ от дальнейшего лечения в клинике?,Use for B2C Choice / healthcare when barrier is decision-relevant.
sp_24e142192124,tally_nP2XDV,factor,factor hierarchy,"factor hierarchy: 10) Оцените от 1 до 5 важность факторов выбора стоматологии, где 1 – это незначи",Use for B2C Choice / healthcare when factor is decision-relevant.
sp_77ca2d90e3c1,tally_nP2XDV,behavior,behavior baseline,"behavior baseline: 11) Выберете условия, при которых вы готовы сменить клинику на новую:",Use for B2C Choice / healthcare when behavior is decision-relevant.
sp_634604bd3aa3,tally_nP2XDV,trust,QFD,QFD: 16) Какая стоматология предлагает лучшее качество обслуживания?,Use for B2C Choice / healthcare when trust is decision-relevant.
sp_d3e44cb2aea2,tally_nP2XDV,awareness,brand funnel,brand funnel: 19) Какие стоматологии в Москве Вы знаете?,Use for B2C Choice / healthcare when awareness is decision-relevant.
sp_eecdccd24d7a,tally_nP2XDV,behavior,behavior baseline,behavior baseline: 20) Какие стоматологии в Москве Вы посещаете?,Use for B2C Choice / healthcare when behavior is decision-relevant.
sp_4bcc45548a40,tally_nP2XDV,factor,factor hierarchy,"factor hierarchy: 23) Оцените по 10-ти бальной шкале, с какой вероятностью Вы бы порекомендовали с",Use for B2C Choice / healthcare when factor is decision-relevant.
sp_70694e0c0ee6,tally_nP2XDV,trust,QFD,"QFD: Что мы можем улучшить, чтобы вы порекомендовали стоматологическую клинику «Менде",Use for B2C Choice / healthcare when trust is decision-relevant.
sp_24eb0e06f73a,tally_nP2XDV,scenario,JTBD map,"JTBD map: 12) Какие переживания или страхи возникают у вас, когда Вы обращаетесь в частную",Use for B2C Choice / healthcare when scenario is decision-relevant.
sp_54ce33acb9d8,tally_mV5Kd6,behavior,behavior baseline,behavior baseline: 2. Следите ли вы за своим питанием?,Use for B2C Choice / fitness/wellness when behavior is decision-relevant.
sp_d1ae0c937e02,tally_mV5Kd6,frequency,behavior baseline,behavior baseline: 3. Как часто вы занимаетесь физической активностью?,Use for B2C Choice / fitness/wellness when frequency is decision-relevant.
sp_c4e18953e3a4,tally_mV5Kd6,behavior,behavior baseline,"behavior baseline: 4. Посещаете ли вы оздоровительные центры (SPA, wellness)?",Use for B2C Choice / fitness/wellness when behavior is decision-relevant.
sp_82ea4d667de1,tally_mV5Kd6,behavior,behavior baseline,behavior baseline: 6. Какие bath-house (бани) вы посещаете?,Use for B2C Choice / fitness/wellness when behavior is decision-relevant.
sp_342daad081dd,tally_mV5Kd6,behavior,behavior baseline,behavior baseline: 9. Посещаете ли вы другие виды водных процедур (сауны/хамамы)?,Use for B2C Choice / fitness/wellness when behavior is decision-relevant.
sp_d575659c16ff,tally_mV5Kd6,behavior,behavior baseline,behavior baseline: 11. В какой компании вы обычно посещаете оздоровительные и банные комплексы?,Use for B2C Choice / fitness/wellness when behavior is decision-relevant.
sp_9536a158843d,tally_mV5Kd6,scenario,JTBD map,"JTBD map: 12. Для каких целей вы, как правило, посещаете оздоровительные и банные комплекс",Use for B2C Choice / fitness/wellness when scenario is decision-relevant.
sp_5b4517eed63f,tally_mV5Kd6,frequency,behavior baseline,behavior baseline: 13. Как часто вы посещаете оздоровительные и банные комплексы?,Use for B2C Choice / fitness/wellness when frequency is decision-relevant.
sp_6beb1179fb20,tally_mV5Kd6,WTP,price ladder,price ladder: 14. Сколько вы готовы заплатить за разовое посещение оздоровительного комплекса ,Use for B2C Choice / fitness/wellness when WTP is decision-relevant.
sp_1b91fc34186b,tally_mV5Kd6,WTP,price ladder,price ladder: 20. За какие услуги при посещении банно-оздоровительного комплекса вы были бы го,Use for B2C Choice / fitness/wellness when WTP is decision-relevant.
sp_5aee10e53984,tally_mV5Kd6,barrier,barrier map,barrier map: 21. По какой причине вы могли бы попробовать охлаждающие услуги (снежная комната,Use for B2C Choice / fitness/wellness when barrier is decision-relevant.
sp_9cab6042afe3,tally_mV5Kd6,factor,factor hierarchy,factor hierarchy: 23. Важно ли для вас соблюдение правил халяла при посещении банно-оздоровительно,Use for B2C Choice / fitness/wellness when factor is decision-relevant.
sp_1b7e6e834553,tally_mV5Kd6,channel,channel/trust map,channel/trust map: 24. Через какие каналы коммуникации вы узнаете информацию пробанно-оздоровительн,Use for B2C Choice / fitness/wellness when channel is decision-relevant.
sp_fced993e55eb,tally_mV5Kd6,behavior,behavior baseline,behavior baseline: 26. Какие банно-оздоровительные комплексы вы посещаете?,Use for B2C Choice / fitness/wellness when behavior is decision-relevant.
sp_f8dcfe639e6a,tally_mV5Kd6,behavior,behavior baseline,"behavior baseline: 28. Какие 3 вещи вам нравятся больше всего в банно-оздоровительных комплексах, к",Use for B2C Choice / fitness/wellness when behavior is decision-relevant.
sp_8753b1061375,tally_mV5Kd6,behavior,behavior baseline,behavior baseline: 29. Какие 3 вещи вам не нравятся больше всего/не хватает в банно-оздоровительных,Use for B2C Choice / fitness/wellness when behavior is decision-relevant.
sp_0cbe9f38d960,tally_mV5Kd6,channel,channel/trust map,channel/trust map: 9. Как вы бы отнеслись если бы в магазинах на территориибанно-оздоровительного к,Use for B2C Choice / fitness/wellness when channel is decision-relevant.
sp_d6c2e7da3d8f,tally_mV5Kd6,channel,channel/trust map,"channel/trust map: 10. Давайте представим, что в магазинах на территории банно-оздоровительного ко",Use for B2C Choice / fitness/wellness when channel is decision-relevant.
sp_1adc579ec87e,tally_3ENl5X,scenario,JTBD map,"JTBD map: 1. В каких ситуациях вы рассматриваете покупку товаров в займ (рассрочка, долг и",Use for B2C Choice / finance when scenario is decision-relevant.
sp_f1e324f404a5,tally_3ENl5X,behavior,behavior baseline,behavior baseline: 2. На какие нужды вы чаще всего оформляете кредит или рассрочку?,Use for B2C Choice / finance when behavior is decision-relevant.
sp_324f9175e470,tally_3ENl5X,frequency,behavior baseline,"behavior baseline: 3. Как часто и какой товар/услуги вы берете в займ (рассрочка, долг и др.) ?",Use for B2C Choice / finance when frequency is decision-relevant.
sp_2a4fe69a3d08,tally_3ENl5X,factor,factor hierarchy,"factor hierarchy: 5. Оцените от 1 до 5 важность перечисленных факторов, где 1 - не важно, а 5 - оч",Use for B2C Choice / finance when factor is decision-relevant.
sp_9f907a6887bd,tally_3ENl5X,WTP,price ladder,price ladder: 7. На какую сумму вы брали или чаще всего берете займ/кредит?,Use for B2C Choice / finance when WTP is decision-relevant.
sp_52403486dbdd,tally_3ENl5X,frequency,behavior baseline,behavior baseline: 8. Как часто вы берете  займ/кредит?,Use for B2C Choice / finance when frequency is decision-relevant.
sp_562582a8eeda,tally_3ENl5X,behavior,behavior baseline,behavior baseline: 8А. Как много кредитов/займов вы оформляли одновременно?,Use for B2C Choice / finance when behavior is decision-relevant.
sp_8623691d6c13,tally_3ENl5X,scenario,JTBD map,"JTBD map: 9. Возникали ли ситуации, когда по какой-то причине вы не могли сделать выплату ",Use for B2C Choice / finance when scenario is decision-relevant.
sp_3e0ca33750d3,tally_3ENl5X,channel,channel/trust map,"channel/trust map: 10. Какие финансовые организации или магазины, предоставляющие рассрочку, вы зна",Use for B2C Choice / finance when channel is decision-relevant.
sp_449cf63606eb,tally_3ENl5X,scenario,JTBD map,JTBD map: 11. Где вы когда-либо оформляли рассрочку или кредит?,Use for B2C Choice / finance when scenario is decision-relevant.
sp_9e33398935db,tally_3ENl5X,channel,channel/trust map,"channel/trust map: 12. Какие организации или магазины с рассрочкой вы рассматривали, но в итоге не ",Use for B2C Choice / finance when channel is decision-relevant.
sp_4e0c06ab7079,tally_3ENl5X,channel,channel/trust map,channel/trust map: 13. Какая компания (финансовая организация или магазин с рассрочкой) кажется вам,Use for B2C Choice / finance when channel is decision-relevant.
sp_e4ba0378782b,tally_3ENl5X,channel,channel/trust map,channel/trust map: 14. Какая финансовая организация или магазин с рассрочкой предлагает самые выгод,Use for B2C Choice / finance when channel is decision-relevant.
sp_f0444aade690,tally_3ENl5X,channel,channel/trust map,channel/trust map: 15. Где представлен самый широкий выбор условий рассрочки? (разные модели выплат,Use for B2C Choice / finance when channel is decision-relevant.
sp_b3741991b2ad,tally_3ENl5X,channel,channel/trust map,channel/trust map: 16. Какая финансовая организация или магазин предлагает самые инновационные и уд,Use for B2C Choice / finance when channel is decision-relevant.
sp_d9ff03364157,tally_3ENl5X,channel,channel/trust map,channel/trust map: 17. Где самый простой процесс оформления рассрочки (минимум документов и лишних ,Use for B2C Choice / finance when channel is decision-relevant.
sp_7619d4401f28,tally_3ENl5X,channel,channel/trust map,"channel/trust map: 19. Где предоставляется лучший сервис сопровождения займа (удобные платежи, подд",Use for B2C Choice / finance when channel is decision-relevant.
sp_66d1c58f14b9,tally_3ENl5X,channel,channel/trust map,"channel/trust map: 21. Подскажите, пожалуйста, через какие источники Вы узнаете об товарах/услугах",Use for B2C Choice / finance when channel is decision-relevant.
sp_27d93fe5b551,tally_3ENl5X,trust,QFD,QFD: 27. Порекомендуете ли вы продукции ИНГАВТО своим знакомым? Поставьте оценку от 1,Use for B2C Choice / finance when trust is decision-relevant.
sp_4dd2a40064d4,tally_3ENl5X,consideration,brand funnel,brand funnel: 2. Почему вы не рассматриваете рассрочку или кредит при покупках?,Use for B2C Choice / finance when consideration is decision-relevant.
sp_6841f91bb85d,tally_3ENl5X,scenario,JTBD map,JTBD map: 3. В каких ситуациях вы могли бы всё же рассмотреть вариант покупки в рассрочку?,Use for B2C Choice / finance when scenario is decision-relevant.
sp_f915e5cacedf,tally_0QEjbP,frequency,behavior baseline,behavior baseline: 1. Как часто вы ходите в заведения «на ужин/вечер» (рестораны/гастробары) в Аста,Use for B2C Choice / food/FMCG when frequency is decision-relevant.
sp_05d6939c42ca,tally_0QEjbP,scenario,JTBD map,JTBD map: 2. В каких ситуациях вы чаще всего выбираете место «про ужин/свидание/встречу с ,Use for B2C Choice / food/FMCG when scenario is decision-relevant.
sp_0224924b76f6,tally_0QEjbP,factor,factor hierarchy,factor hierarchy: 3. Что для вас ключевое при выборе места для ужина/свидания? Оцените по шкале 1–,Use for B2C Choice / food/FMCG when factor is decision-relevant.
sp_c2bb6f118c94,tally_0QEjbP,WTP,price ladder,price ladder: 5. Какие напитки вы бы хотели видеть в таком формате? (можно выбрать несколько),Use for B2C Choice / food/FMCG when WTP is decision-relevant.
sp_94eac285e68c,tally_0QEjbP,WTP,price ladder,price ladder: 7. Какой тип кухни/меню вы ожидаете от места «про ужины»? (можно выбрать несколь,Use for B2C Choice / food/FMCG when WTP is decision-relevant.
sp_0927323beded,tally_0QEjbP,WTP,price ladder,price ladder: 8. Сколько вы обычно готовы потратить за один вечер в заведении такого формата (,Use for B2C Choice / food/FMCG when WTP is decision-relevant.
sp_0ae58eeffc95,tally_0QEjbP,factor,factor hierarchy,"factor hierarchy: 10. Что для вас важнее, если выбирать одно? (выберите один вариант)",Use for B2C Choice / food/FMCG when factor is decision-relevant.
sp_8ed622e9b810,tally_mVza4g,frequency,behavior baseline,behavior baseline: 2. Как часто вы меняете клюшку?,Use for Event Conference / event/conference when frequency is decision-relevant.
sp_c168e5a18bc6,tally_mVza4g,WTP,price ladder,price ladder: 3. Сколько в среднем вам требуется менять клюшек в год?,Use for Event Conference / event/conference when WTP is decision-relevant.
sp_41175dd01b11,tally_mVza4g,barrier,barrier map,barrier map: 4. Укажите наиболее частую причину смены хоккейной клюшки (открытый вопрос),Use for Event Conference / event/conference when barrier is decision-relevant.
sp_dc1d4197746c,tally_mVza4g,behavior,behavior baseline,behavior baseline: 5. Кто обычно покупает хоккейную клюшку для вас?,Use for Event Conference / event/conference when behavior is decision-relevant.
sp_ff976ac0ad89,tally_mVza4g,frequency,behavior baseline,behavior baseline: 11. Как часто приходится менять хоккейную клюшку ребенку?,Use for Event Conference / event/conference when frequency is decision-relevant.
sp_ef57402622ca,tally_mVza4g,WTP,price ladder,price ladder: 12. Сколько в среднем требуется менять клюшек ребенку в год?,Use for Event Conference / event/conference when WTP is decision-relevant.
sp_46740486f1e8,tally_mVza4g,barrier,barrier map,barrier map: 13. Укажите наиболее частую причину смены хоккейной клюшки:,Use for Event Conference / event/conference when barrier is decision-relevant.
sp_67a4c6040f93,tally_mVza4g,behavior,behavior baseline,behavior baseline: 14. В какую организацию ходит ваш ребенок?,Use for Event Conference / event/conference when behavior is decision-relevant.
sp_ae4820b80cdf,tally_mVza4g,factor,factor hierarchy,factor hierarchy: 15. Оцените от 1 до 5 важность факторов выбора хоккейной клюшки (где 1 - совсем ,Use for Event Conference / event/conference when factor is decision-relevant.
sp_34b3b241c013,tally_mVza4g,factor,factor hierarchy,"factor hierarchy: 16. Какие технические характеристики клюшки для вас наиболее важны? (прочность, ",Use for Event Conference / event/conference when factor is decision-relevant.
sp_22bfa1d6000a,tally_mVza4g,factor,factor hierarchy,factor hierarchy: 17. Важна ли для вас возможность кастомизации клюшки?,Use for Event Conference / event/conference when factor is decision-relevant.
sp_599ddf2b4aba,tally_mVza4g,awareness,brand funnel,brand funnel: 20. Какие бренды хоккейных клюшек вы знаете?,Use for Event Conference / event/conference when awareness is decision-relevant.
sp_76fdaa6a617d,tally_mVza4g,factor,factor hierarchy,"factor hierarchy: 25. Оцените по 10-бальной шкале, с какой вероятностью вы бы порекомендовали хокк",Use for Event Conference / event/conference when factor is decision-relevant.
sp_c196c3f04e88,tally_mVza4g,channel,channel/trust map,channel/trust map: 26. Где вы обычно приобретаете клюшку?,Use for Event Conference / event/conference when channel is decision-relevant.
sp_f18e90e079b0,tally_mVza4g,channel,channel/trust map,channel/trust map: 27. Через какие каналы информации вы узнаете о новостях в мире хоккея?,Use for Event Conference / event/conference when channel is decision-relevant.
sp_dbc320e3f819,tally_nW0P8P,barrier,barrier map,barrier map: 1. Какова Ваша основная причина посещения сайтов и магазинов бытовой техники?,Use for B2C Choice / home/electronics when barrier is decision-relevant.
sp_cbe2d3d94518,tally_nW0P8P,channel,channel/trust map,channel/trust map: 2. При каких условиях Вы покупаете товар в магазине бытовой техники?,Use for B2C Choice / home/electronics when channel is decision-relevant.
sp_b4239d889da9,tally_nW0P8P,channel,channel/trust map,channel/trust map: Выберите в каком магазине Вы покупаете следующие товары:,Use for B2C Choice / home/electronics when channel is decision-relevant.
sp_1f8e76e539d3,tally_nW0P8P,channel,channel/trust map,"channel/trust map: Выберите, в каком магазине Вы покупаете следующие товары:",Use for B2C Choice / home/electronics when channel is decision-relevant.
sp_d3884c35ea11,tally_nW0P8P,channel,channel/trust map,channel/trust map: Укажите где,Use for B2C Choice / home/electronics when channel is decision-relevant.
sp_0ba45f954203,tally_nW0P8P,frequency,behavior baseline,behavior baseline: 4. Как часто вы посещаете магазины бытовой техники для приобретения следующих то,Use for B2C Choice / home/electronics when frequency is decision-relevant.
sp_f8af80bfd220,tally_nW0P8P,factor,factor hierarchy,"factor hierarchy: 6. Оцените от 1 до 5 важность факторов выбора магазинов бытовой техники, где 1 -",Use for B2C Choice / home/electronics when factor is decision-relevant.
sp_708e6f761a53,tally_nW0P8P,factor,factor hierarchy,factor hierarchy: 7. Оцените Ваш уровень осведомленности от 1 до 4,Use for B2C Choice / home/electronics when factor is decision-relevant.
sp_ebd2bff872cd,tally_nW0P8P,channel,channel/trust map,"channel/trust map: 8. В каком магазине, на Ваш взгляд, более широкий ассортимент ?",Use for B2C Choice / home/electronics when channel is decision-relevant.
sp_0a73acd4df43,tally_nW0P8P,channel,channel/trust map,channel/trust map: 9. Какой магазин ближе всего к Вашему дому ?,Use for B2C Choice / home/electronics when channel is decision-relevant.
sp_be029bd64ece,tally_nW0P8P,channel,channel/trust map,channel/trust map: 11. В каком магазине Вы видели самые необычные товары (уникальные бренды/ уникал,Use for B2C Choice / home/electronics when channel is decision-relevant.
sp_4eeaa58f67d7,tally_nW0P8P,channel,channel/trust map,channel/trust map: 12. Где на ваш взгляд предлагают самые доступные цены на бытовую технику?,Use for B2C Choice / home/electronics when channel is decision-relevant.
sp_9488a195ab44,tally_nW0P8P,channel,channel/trust map,"channel/trust map: 13. Какой магазин, на Ваш взгляд, оставляет наиболее приятные впечатления после ",Use for B2C Choice / home/electronics when channel is decision-relevant.
sp_cc9113eecc60,tally_nW0P8P,channel,channel/trust map,"channel/trust map: 14. В каком магазине, на Ваш взгляд, чаще всего обновляется ассортимент?",Use for B2C Choice / home/electronics when channel is decision-relevant.
sp_fdb32e7344c4,tally_nW0P8P,trust,QFD,QFD: насколько вероятно что вы порекомендуете,Use for B2C Choice / home/electronics when trust is decision-relevant.
sp_5fe1605e84a4,tally_nW0P8P,WTP,price ladder,"price ladder: Подскажите, чего не хватает компании ""Ценалом"" ?",Use for B2C Choice / home/electronics when WTP is decision-relevant.
sp_6dd39093846c,tally_nW0P8P,channel,channel/trust map,"channel/trust map: 16. Через какие источники Вы узнаете о новинках, скидках и акциях ?",Use for B2C Choice / home/electronics when channel is decision-relevant.
sp_62de527babee,tally_nW0P8P,channel,channel/trust map,"channel/trust map: 3. Выберите, в каком магазине Вы покупаете следующие товары:",Use for B2C Choice / home/electronics when channel is decision-relevant.
sp_2ef0364c8328,tally_nW0P8P,WTP,price ladder,price ladder: 5. Сколько вы готовы потратить на приобретение следующих товаров?,Use for B2C Choice / home/electronics when WTP is decision-relevant.
sp_eada38e58192,tally_nW0P8P,channel,channel/trust map,"channel/trust map: Насколько вероятно, что вы порекомендуете сеть магазинов бытовой техники ""Ценало",Use for B2C Choice / home/electronics when channel is decision-relevant.
sp_b516be01fdd4,tally_3yd4MB,scenario,JTBD map,"JTBD map: 1. В каких ситуациях вы рассматриваете покупку товаров в займ (рассрочка, долг и",Use for B2C Choice / finance when scenario is decision-relevant.
sp_58c94fb3271e,tally_3yd4MB,behavior,behavior baseline,behavior baseline: 2. На какие нужды вы чаще всего оформляете кредит или рассрочку?,Use for B2C Choice / finance when behavior is decision-relevant.
sp_b3b1ee79a7f7,tally_3yd4MB,frequency,behavior baseline,"behavior baseline: 3. Как часто и какой товар/услуги вы берете в займ (рассрочка, долг и др.) ?",Use for B2C Choice / finance when frequency is decision-relevant.
sp_401d89876db8,tally_3yd4MB,factor,factor hierarchy,"factor hierarchy: 5. Оцените от 1 до 5 важность перечисленных факторов, где 1 - не важно, а 5 - оч",Use for B2C Choice / finance when factor is decision-relevant.
sp_0e0ab0b9d307,tally_3yd4MB,WTP,price ladder,price ladder: 7. На какую сумму вы брали или чаще всего берете займ/кредит?,Use for B2C Choice / finance when WTP is decision-relevant.
sp_555cbbf267ff,tally_3yd4MB,frequency,behavior baseline,behavior baseline: 8. Как часто вы берете  займ/кредит?,Use for B2C Choice / finance when frequency is decision-relevant.
sp_8a623ca47e89,tally_3yd4MB,behavior,behavior baseline,behavior baseline: 8А. Как много кредитов/займов вы оформляли одновременно?,Use for B2C Choice / finance when behavior is decision-relevant.
sp_1ca9aa0596db,tally_3yd4MB,scenario,JTBD map,"JTBD map: 9. Возникали ли ситуации, когда по какой-то причине вы не могли сделать выплату ",Use for B2C Choice / finance when scenario is decision-relevant.
sp_1a5ce80d015a,tally_3yd4MB,channel,channel/trust map,"channel/trust map: 10. Какие финансовые организации или магазины, предоставляющие рассрочку, вы зна",Use for B2C Choice / finance when channel is decision-relevant.
sp_19e618c812ed,tally_3yd4MB,scenario,JTBD map,JTBD map: 11. Где вы когда-либо оформляли рассрочку или кредит?,Use for B2C Choice / finance when scenario is decision-relevant.
sp_6cbb9600d23b,tally_3yd4MB,channel,channel/trust map,"channel/trust map: 12. Какие организации или магазины с рассрочкой вы рассматривали, но в итоге не ",Use for B2C Choice / finance when channel is decision-relevant.
sp_a1ea9f016dc0,tally_3yd4MB,channel,channel/trust map,channel/trust map: 13. Какая компания (финансовая организация или магазин с рассрочкой) кажется вам,Use for B2C Choice / finance when channel is decision-relevant.
sp_8fe593e6362d,tally_3yd4MB,channel,channel/trust map,channel/trust map: 14. Какая финансовая организация или магазин с рассрочкой предлагает самые выгод,Use for B2C Choice / finance when channel is decision-relevant.
sp_6b01e816a91f,tally_3yd4MB,channel,channel/trust map,channel/trust map: 15. Где представлен самый широкий выбор условий рассрочки? (разные модели выплат,Use for B2C Choice / finance when channel is decision-relevant.
sp_9689763a9126,tally_3yd4MB,channel,channel/trust map,channel/trust map: 16. Какая финансовая организация или магазин предлагает самые инновационные и уд,Use for B2C Choice / finance when channel is decision-relevant.
sp_60f7715c4447,tally_3yd4MB,channel,channel/trust map,channel/trust map: 17. Где самый простой процесс оформления рассрочки (минимум документов и лишних ,Use for B2C Choice / finance when channel is decision-relevant.
sp_a9668ad51547,tally_3yd4MB,channel,channel/trust map,"channel/trust map: 19. Где предоставляется лучший сервис сопровождения займа (удобные платежи, подд",Use for B2C Choice / finance when channel is decision-relevant.
sp_928e9e690a27,tally_3yd4MB,channel,channel/trust map,"channel/trust map: 21. Подскажите, пожалуйста, через какие источники Вы узнаете об товарах/услугах",Use for B2C Choice / finance when channel is decision-relevant.
sp_e3d9315129eb,tally_3yd4MB,trust,QFD,QFD: 27. Порекомендуете ли вы продукции Моби Кинг своим знакомым? Поставьте оценку от,Use for B2C Choice / finance when trust is decision-relevant.
sp_9e2364a4bf07,tally_3yd4MB,consideration,brand funnel,brand funnel: 2. Почему вы не рассматриваете рассрочку или кредит при покупках?,Use for B2C Choice / finance when consideration is decision-relevant.
sp_030022ca65ae,tally_3yd4MB,scenario,JTBD map,JTBD map: 3. В каких ситуациях вы могли бы всё же рассмотреть вариант покупки в рассрочку?,Use for B2C Choice / finance when scenario is decision-relevant.
sp_f83a5f5de134,tally_wQ0ZOk,factor,factor hierarchy,"factor hierarchy: Оцените, пожалуйста, насколько важны для Вас следующие факторы при выборе работо",Use for EVP Employer / HR/EVP when factor is decision-relevant.
sp_9ecd3db5b1ad,tally_wQ0ZOk,consideration,brand funnel,brand funnel: Рассматривали ли Вы компанию Сибагро в качестве работодателя?,Use for EVP Employer / HR/EVP when consideration is decision-relevant.
sp_c196327278ee,tally_wQ0ZOk,barrier,barrier map,"barrier map: Расскажите, пожалуйста, почему нет",Use for EVP Employer / HR/EVP when barrier is decision-relevant.
sp_c951c0235bfe,tally_wbWM6L,frequency,behavior baseline,behavior baseline: 2. Как часто вы меняете клюшку?,Use for Event Conference / event/conference when frequency is decision-relevant.
sp_54bd6f1d82a3,tally_wbWM6L,WTP,price ladder,price ladder: 3. Сколько в среднем вам требуется менять клюшек в год?,Use for Event Conference / event/conference when WTP is decision-relevant.
sp_9929b9cfc3c2,tally_wbWM6L,barrier,barrier map,barrier map: 4. Укажите наиболее частую причину смены хоккейной клюшки (открытый вопрос),Use for Event Conference / event/conference when barrier is decision-relevant.
sp_d4036faeed4a,tally_wbWM6L,behavior,behavior baseline,behavior baseline: 5. Кто обычно покупает хоккейную клюшку для вас?,Use for Event Conference / event/conference when behavior is decision-relevant.
sp_27776b790260,tally_wbWM6L,frequency,behavior baseline,behavior baseline: 11. Как часто приходится менять хоккейную клюшку ребенку?,Use for Event Conference / event/conference when frequency is decision-relevant.
sp_a4ca19d58390,tally_wbWM6L,WTP,price ladder,price ladder: 12. Сколько в среднем требуется менять клюшек ребенку в год?,Use for Event Conference / event/conference when WTP is decision-relevant.
sp_258a5854bbea,tally_wbWM6L,barrier,barrier map,barrier map: 13. Укажите наиболее частую причину смены хоккейной клюшки:,Use for Event Conference / event/conference when barrier is decision-relevant.
sp_de4861da75f0,tally_wbWM6L,behavior,behavior baseline,behavior baseline: 14. В какую организацию ходит ваш ребенок?,Use for Event Conference / event/conference when behavior is decision-relevant.
sp_e2f2bb93626d,tally_wbWM6L,factor,factor hierarchy,factor hierarchy: 15. Оцените от 1 до 5 важность факторов выбора хоккейной клюшки (где 1 - совсем ,Use for Event Conference / event/conference when factor is decision-relevant.
sp_9d0bacce5772,tally_wbWM6L,factor,factor hierarchy,"factor hierarchy: 16. Какие технические характеристики клюшки для вас наиболее важны? (прочность, ",Use for Event Conference / event/conference when factor is decision-relevant.
sp_4c0a059be493,tally_wbWM6L,factor,factor hierarchy,factor hierarchy: 17. Важна ли для вас возможность кастомизации клюшки?,Use for Event Conference / event/conference when factor is decision-relevant.
sp_59caf469e6d6,tally_wbWM6L,awareness,brand funnel,brand funnel: 20. Какие бренды хоккейных клюшек вы знаете?,Use for Event Conference / event/conference when awareness is decision-relevant.
sp_15209fa35de6,tally_wbWM6L,factor,factor hierarchy,"factor hierarchy: 25. Оцените по 10-бальной шкале, с какой вероятностью вы бы порекомендовали хокк",Use for Event Conference / event/conference when factor is decision-relevant.
sp_022ae30ed19b,tally_wbWM6L,channel,channel/trust map,channel/trust map: 26. Где вы обычно приобретаете клюшку?,Use for Event Conference / event/conference when channel is decision-relevant.
sp_a50bfe185a70,tally_wbWM6L,channel,channel/trust map,channel/trust map: 27. Через какие каналы информации вы узнаете о новостях в мире хоккея?,Use for Event Conference / event/conference when channel is decision-relevant.
sp_4700692b1149,tally_mKL0gX,factor,factor hierarchy,"factor hierarchy: Пожалуйста, оцените насколько важны для Вас следующие факторы при выборе работод",Use for EVP Employer / HR/EVP when factor is decision-relevant.
sp_625fceb5b649,tally_mKL0gX,awareness,brand funnel,brand funnel: Каких работодателей Вы знаете?,Use for EVP Employer / HR/EVP when awareness is decision-relevant.
sp_508c083b75ff,tally_mKL0gX,consideration,brand funnel,brand funnel: Кого Вы рассматривали/рассматриваете в качестве работодателя?,Use for EVP Employer / HR/EVP when consideration is decision-relevant.
sp_a78ab87d8ee6,tally_mKL0gX,consideration,brand funnel,brand funnel: Рассматривали ли Вы компанию Rostic's в качестве работодателя?,Use for EVP Employer / HR/EVP when consideration is decision-relevant.
sp_b3294c9f051d,tally_3y4KB6,behavior,behavior baseline,behavior baseline: 9. Какие курсы планируете начать проходить в ближайшее время? В каком центре?,Use for B2C Choice / food/FMCG when behavior is decision-relevant.
sp_1e7eed573433,tally_3y4KB6,behavior,behavior baseline,behavior baseline: 13. Проходите ли Вы сейчас какие-то курсы по психологии?,Use for B2C Choice / food/FMCG when behavior is decision-relevant.
sp_ad11ebf8b908,tally_3y4KB6,behavior,behavior baseline,behavior baseline: 14. Какие курсы проходите?,Use for B2C Choice / food/FMCG when behavior is decision-relevant.
sp_4107a89b0370,tally_3y4KB6,frequency,behavior baseline,behavior baseline: 19. Как часто Вы посещаете онлайн курсы?,Use for B2C Choice / food/FMCG when frequency is decision-relevant.
sp_f455925a26b9,tally_3y4KB6,factor,factor hierarchy,factor hierarchy: 32. Оцените важность каждого из факторов выбора при выборе онлайн-курсов по псих,Use for B2C Choice / food/FMCG when factor is decision-relevant.
sp_c3929e21e6e1,tally_3y4KB6,channel,channel/trust map,channel/trust map: 33. Как вы обычно узнаете о психологических курсах?,Use for B2C Choice / food/FMCG when channel is decision-relevant.
sp_06b11de58042,tally_3y4KB6,awareness,brand funnel,brand funnel: 34. Какие онлайн курсы для психологов Вы знаете?,Use for B2C Choice / food/FMCG when awareness is decision-relevant.
sp_ab88ae52c784,tally_3y4KB6,behavior,behavior baseline,behavior baseline: 35. Какие онлайн курсы для психологов Вы покупаете чаще всего?,Use for B2C Choice / food/FMCG when behavior is decision-relevant.
sp_fba26523c5cd,tally_3y4KB6,trust,QFD,QFD: 38. Какие онлайн курсы для психологов Вы считаете наиболее выгодными с точки зре,Use for B2C Choice / food/FMCG when trust is decision-relevant.
sp_78eba87dc533,tally_3y4KB6,trust,QFD,QFD: 42. Какие онлайн курсы для психологов имеют самое самые короткие сроки обучения?,Use for B2C Choice / food/FMCG when trust is decision-relevant.
sp_77fad93bb7be,tally_3y4KB6,barrier,barrier map,barrier map: Назовите причину,Use for B2C Choice / food/FMCG when barrier is decision-relevant.
sp_998f7ea2f725,tally_3y4KB6,behavior,behavior baseline,"behavior baseline: 29. Как продвигаете свои услуги, находите клиентов на данный момент?",Use for B2C Choice / food/FMCG when behavior is decision-relevant.
sp_bb4b10ea5119,tally_wQ5W2Y,behavior,behavior baseline,behavior baseline: 2. Следите ли вы за своим питанием?,Use for B2C Choice / fitness/wellness when behavior is decision-relevant.
sp_d8a36e0761aa,tally_wQ5W2Y,frequency,behavior baseline,behavior baseline: 3. Как часто вы занимаетесь физической активностью?,Use for B2C Choice / fitness/wellness when frequency is decision-relevant.
sp_ffded1b5128e,tally_wQ5W2Y,behavior,behavior baseline,"behavior baseline: 4. Посещаете ли вы оздоровительные центры (SPA, wellness)?",Use for B2C Choice / fitness/wellness when behavior is decision-relevant.
sp_c0ffd1177610,tally_wQ5W2Y,behavior,behavior baseline,behavior baseline: 6. Какие bath-house (бани) вы посещаете?,Use for B2C Choice / fitness/wellness when behavior is decision-relevant.
sp_9aab84169059,tally_wQ5W2Y,behavior,behavior baseline,behavior baseline: 9. Посещаете ли вы другие виды водных процедур (сауны/хамамы)?,Use for B2C Choice / fitness/wellness when behavior is decision-relevant.
sp_e15d523f61f7,tally_wQ5W2Y,behavior,behavior baseline,behavior baseline: 11. В какой компании вы обычно посещаете оздоровительные и банные комплексы?,Use for B2C Choice / fitness/wellness when behavior is decision-relevant.
sp_a3be0e490ab4,tally_wQ5W2Y,scenario,JTBD map,"JTBD map: 12. Для каких целей вы, как правило, посещаете оздоровительные и банные комплекс",Use for B2C Choice / fitness/wellness when scenario is decision-relevant.
sp_a81c23fb3da9,tally_wQ5W2Y,frequency,behavior baseline,behavior baseline: 13. Как часто вы посещаете оздоровительные и банные комплексы?,Use for B2C Choice / fitness/wellness when frequency is decision-relevant.
sp_c8adde58d71d,tally_wQ5W2Y,WTP,price ladder,price ladder: 14. Сколько вы готовы заплатить за разовое посещение оздоровительного комплекса ,Use for B2C Choice / fitness/wellness when WTP is decision-relevant.
sp_7de1dac4a8ff,tally_wQ5W2Y,WTP,price ladder,price ladder: 20. За какие услуги при посещении банно-оздоровительного комплекса вы были бы го,Use for B2C Choice / fitness/wellness when WTP is decision-relevant.
sp_404023f65759,tally_wQ5W2Y,barrier,barrier map,barrier map: 21. По какой причине вы могли бы попробовать охлаждающие услуги (снежная комната,Use for B2C Choice / fitness/wellness when barrier is decision-relevant.
sp_aa301a08005c,tally_wQ5W2Y,factor,factor hierarchy,factor hierarchy: 23. Важно ли для вас соблюдение правил халяла при посещении банно-оздоровительно,Use for B2C Choice / fitness/wellness when factor is decision-relevant.
sp_76ba943ec8af,tally_wQ5W2Y,channel,channel/trust map,channel/trust map: 24. Через какие каналы коммуникации вы узнаете информацию пробанно-оздоровительн,Use for B2C Choice / fitness/wellness when channel is decision-relevant.
sp_4e5367142844,tally_wQ5W2Y,behavior,behavior baseline,behavior baseline: 26. Какие банно-оздоровительные комплексы вы посещаете?,Use for B2C Choice / fitness/wellness when behavior is decision-relevant.
sp_202d6dd806a2,tally_wQ5W2Y,behavior,behavior baseline,"behavior baseline: 28. Какие 3 вещи вам нравятся больше всего в банно-оздоровительных комплексах, к",Use for B2C Choice / fitness/wellness when behavior is decision-relevant.
sp_789b8763a37c,tally_wQ5W2Y,behavior,behavior baseline,behavior baseline: 29. Какие 3 вещи вам не нравятся больше всего/не хватает в банно-оздоровительных,Use for B2C Choice / fitness/wellness when behavior is decision-relevant.
sp_6a48e24fc988,tally_wQ5W2Y,channel,channel/trust map,channel/trust map: 9. Как вы бы отнеслись если бы в магазинах на территориибанно-оздоровительного к,Use for B2C Choice / fitness/wellness when channel is decision-relevant.
sp_5958cc9ef25a,tally_wQ5W2Y,channel,channel/trust map,"channel/trust map: 10. Давайте представим, что в магазинах на территории банно-оздоровительного ко",Use for B2C Choice / fitness/wellness when channel is decision-relevant.
sp_2d237c4b7fed,tally_wgGpyK,scenario,JTBD map,JTBD map: В каких ситуациях вы покупаете водку?,Use for B2C Choice / food/FMCG when scenario is decision-relevant.
sp_b75145ff1aa3,tally_w4N6dB,frequency,behavior baseline,behavior baseline: 2. Что из содержащей никотин продукции Вы употребляете? Как часто?,Use for B2C Choice / home/electronics when frequency is decision-relevant.
sp_d7c51e519332,tally_w4N6dB,behavior,behavior baseline,behavior baseline: 3. Как вы предпочитаете покупать табачную продукцию?,Use for B2C Choice / home/electronics when behavior is decision-relevant.
sp_9b3faf331d71,tally_w4N6dB,factor,factor hierarchy,"factor hierarchy: 4. Оцените от 1 до 5 важность факторов выбора офлайн-магазина, где 1 – это незна",Use for B2C Choice / home/electronics when factor is decision-relevant.
sp_61eb1ac911af,tally_w4N6dB,factor,factor hierarchy,"factor hierarchy: 5. Оцените от 1 до 5 важность факторов выбора онлайн-магазина, где 1 – это незна",Use for B2C Choice / home/electronics when factor is decision-relevant.
sp_353f4a40e71f,tally_w4N6dB,channel,channel/trust map,"channel/trust map: 6. Подскажите, пожалуйста, при помощи каких источников Вы узнаете о магазинах та",Use for B2C Choice / home/electronics when channel is decision-relevant.
sp_2679fb8d0053,tally_w4N6dB,channel,channel/trust map,channel/trust map: 7. Какие у вас бывают сложности при выборе магазина табачной продукции?(Множеств,Use for B2C Choice / home/electronics when channel is decision-relevant.
sp_67cb38f34e10,tally_w4N6dB,frequency,behavior baseline,behavior baseline: 10. Как часто Вы пробуете новые вкусы?,Use for B2C Choice / home/electronics when frequency is decision-relevant.
sp_e2cd502d56e9,tally_w4N6dB,channel,channel/trust map,"channel/trust map: 11. Табачные изделия каких категорий Вы бы согласились приобрести, если бы их пр",Use for B2C Choice / home/electronics when channel is decision-relevant.
sp_ed9599444556,tally_w4N6dB,channel,channel/trust map,channel/trust map: 12. Почему Вы бы хотели видеть именно эти товары в рамках собственных торговых м,Use for B2C Choice / home/electronics when channel is decision-relevant.
sp_d516daf58b73,tally_w4N6dB,channel,channel/trust map,channel/trust map: 13. В каких магазинах Вы покупаете никотиновую продукцию?,Use for B2C Choice / home/electronics when channel is decision-relevant.
sp_cfbee303ce8c,tally_w4N6dB,channel,channel/trust map,channel/trust map: 14. Какие еще товары Вы хотели бы покупать в табачном магазине?(Множественный вы,Use for B2C Choice / home/electronics when channel is decision-relevant.
sp_55b919f47fea,tally_w4N6dB,channel,channel/trust map,channel/trust map: 15. Какие бренды магазинов табачных изделий Вы знаете?(Множественный выбор),Use for B2C Choice / home/electronics when channel is decision-relevant.
sp_0d69e1bca6a3,tally_w4N6dB,channel,channel/trust map,channel/trust map: 16. Какие бренды магазинов табачных изделий Вы предпочитаете?(Множественный выбо,Use for B2C Choice / home/electronics when channel is decision-relevant.
sp_ca4e7b01f9ab,tally_w4N6dB,channel,channel/trust map,channel/trust map: 17. Какой бренд магазинов табачных изделий Вы считаете самым лучшим?(Множественн,Use for B2C Choice / home/electronics when channel is decision-relevant.
sp_4cd1ad98f406,tally_w4N6dB,channel,channel/trust map,channel/trust map: 18. Какой бренд табачных магазинов предоставляет самый дешевый ассортимент табач,Use for B2C Choice / home/electronics when channel is decision-relevant.
sp_6007b0f9871f,tally_w4N6dB,channel,channel/trust map,channel/trust map: 19. В магазинах какого бренда самый большой ассортимент товаров?,Use for B2C Choice / home/electronics when channel is decision-relevant.
sp_7250cb90a7a9,tally_w4N6dB,channel,channel/trust map,channel/trust map: 20. В магазинах какого бренда самое большое количество вкусов?,Use for B2C Choice / home/electronics when channel is decision-relevant.
sp_637733afe7fb,tally_w4N6dB,channel,channel/trust map,channel/trust map: 21. Магазины какого бренда чаще всего предлагают новые товары?,Use for B2C Choice / home/electronics when channel is decision-relevant.
sp_e7d3f391670f,tally_w4N6dB,channel,channel/trust map,channel/trust map: 22. Магазины какого бренда чаще всего предлагают новые вкусы?,Use for B2C Choice / home/electronics when channel is decision-relevant.
sp_5015dbb4a7c1,tally_w4N6dB,channel,channel/trust map,channel/trust map: 23. Магазины какого бренда легче всего найти?,Use for B2C Choice / home/electronics when channel is decision-relevant.
sp_4a6b1bd8cbfa,tally_w4N6dB,channel,channel/trust map,channel/trust map: 24. В магазинах какого бренда самое быстрое обслуживание?,Use for B2C Choice / home/electronics when channel is decision-relevant.
sp_75c395a54885,tally_w4N6dB,channel,channel/trust map,channel/trust map: 25. В магазинах табачных изделий какого бренда легче всего выбрать подходящий то,Use for B2C Choice / home/electronics when channel is decision-relevant.
sp_45f53a2d9a85,tally_w4N6dB,channel,channel/trust map,channel/trust map: 26. В магазинах какого бренда самый лучший сервис?,Use for B2C Choice / home/electronics when channel is decision-relevant.
sp_78dbeba78ea4,tally_w4N6dB,channel,channel/trust map,channel/trust map: 27. Какие виды брендированной продукции табачного магазина Вам было бы интересно,Use for B2C Choice / home/electronics when channel is decision-relevant.
sp_dc7ef75338b5,tally_w4N6dB,channel,channel/trust map,channel/trust map: 15. Что бы вы хотели видеть рядом с магазином?(Множественный выбор),Use for B2C Choice / home/electronics when channel is decision-relevant.
sp_5260e86ea0ee,tally_w4N6dB,channel,channel/trust map,channel/trust map: 17. В магазинах какого бренда Вы покупаете товары?(Множественный выбор),Use for B2C Choice / home/electronics when channel is decision-relevant.
sp_0e81cbe57174,tally_3yYaQB,WTP,price ladder,price ladder: Сколько Вам лет?,Use for Event Conference / event/conference when WTP is decision-relevant.
sp_3949581a48a0,tally_3yYaQB,WTP,price ladder,"price ladder: Какие, на Ваш взгляд, существуют проблемы с привлечением специалистов в компанию",Use for Event Conference / event/conference when WTP is decision-relevant.
sp_9c1f5f981ade,tally_3yYaQB,scenario,JTBD map,"JTBD map: Помните ли Вы какие инструменты привлечения сработали на Вас, когда Вы приходили",Use for Event Conference / event/conference when scenario is decision-relevant.
sp_bf258441c7ec,tally_3yYaQB,factor,factor hierarchy,"factor hierarchy: Специалисты с какими компетенциями - ключевые, целевые для компании? (кого нам в",Use for Event Conference / event/conference when factor is decision-relevant.
sp_d65c34695beb,tally_3yYaQB,switching,barrier map,barrier map: Какие конкурентные преимущества для потенциальных кандидатов есть у компании Эта,Use for Event Conference / event/conference when switching is decision-relevant.
sp_8fb19b27b9bf,tally_3yYaQB,consideration,brand funnel,brand funnel: Какие недостатки для потенциальных кандидатов есть у компании Этажи? Почему соис,Use for Event Conference / event/conference when consideration is decision-relevant.
sp_d5d271a22869,tally_3yYaQB,WTP,price ladder,price ladder: Насколько целевые кандидаты приходят в компанию на данный момент?,Use for Event Conference / event/conference when WTP is decision-relevant.
sp_ca4ec8c2d6e0,tally_3yYaQB,WTP,price ladder,price ladder: Проходят ли в компании какие-то обучающие мероприятия от внутренних и внешних сп,Use for Event Conference / event/conference when WTP is decision-relevant.
sp_62486ab6b9ef,tally_3yYaQB,behavior,behavior baseline,"behavior baseline: Проходит ли оценка систематически и всегда ли о ней известно заранее, чтобы была",Use for Event Conference / event/conference when behavior is decision-relevant.
sp_02fe509b43ed,tally_3yYaQB,WTP,price ladder,price ladder: Как сейчас выстроен процесс внутренних коммуникаций сотрудников? Насколько в это,Use for Event Conference / event/conference when WTP is decision-relevant.
sp_4ae993647bdf,tally_3yYaQB,factor,factor hierarchy,factor hierarchy: Что помогло бы Вам повысить Ваше восприятие непосредственного руководителя или р,Use for Event Conference / event/conference when factor is decision-relevant.
sp_025c20bae684,tally_3yYaQB,WTP,price ladder,"price ladder: Что, по Вашему мнению, следовало бы поменять в корпоративной культуре? Зачем? На",Use for Event Conference / event/conference when WTP is decision-relevant.
sp_40affd1d8062,tally_3yYaQB,barrier,barrier map,"barrier map: Как вы считаете, по каким причинам сотрудники покидают компанию? Как можно было ",Use for Event Conference / event/conference when barrier is decision-relevant.
sp_2d140d42fd72,tally_3yYaQB,WTP,price ladder,"price ladder: Насколько эффективно, на Ваш взгляд, сейчас работает с уволившимися целевыми сот",Use for Event Conference / event/conference when WTP is decision-relevant.
sp_25a591ba31e5,tally_kdNXoM,WTP,price ladder,price ladder: Сколько вам лет?,Use for B2C Choice / food/FMCG when WTP is decision-relevant.
sp_5ebf2a1b14dd,tally_kdNXoM,channel,channel/trust map,channel/trust map: Где вы живете сейчас?,Use for B2C Choice / food/FMCG when channel is decision-relevant.
sp_3bcebb01a892,tally_kdNXoM,scenario,JTBD map,"JTBD map: Какая ситуация со слухом у вас или у человека, которому вы помогаете?",Use for B2C Choice / food/FMCG when scenario is decision-relevant.
sp_ba3c5a860e28,tally_kdNXoM,scenario,JTBD map,JTBD map: Для чего вы покупаете слуховой аппарат?,Use for B2C Choice / food/FMCG when scenario is decision-relevant.
sp_1f7b4be6e54b,tally_kdNXoM,consideration,brand funnel,brand funnel: Перед тем как выбрать центр или аппарат какие варианты вы рассматривали?,Use for B2C Choice / food/FMCG when consideration is decision-relevant.
sp_09b8777b28ba,tally_kdNXoM,channel,channel/trust map,channel/trust map: Где вы обычно ищете информацию про слуховые аппараты или центры?,Use for B2C Choice / food/FMCG when channel is decision-relevant.
sp_d0e2c88dd5ab,tally_kdNXoM,factor,factor hierarchy,factor hierarchy: Насколько вам важны следующие факторы при выборе слухового аппарата? (1 — совсем,Use for B2C Choice / food/FMCG when factor is decision-relevant.
sp_f71464ad37cc,tally_kdNXoM,factor,factor hierarchy,factor hierarchy: Насколько вам важны следующие факторы при выборе центра настройки или покупки? (,Use for B2C Choice / food/FMCG when factor is decision-relevant.
sp_94525189a012,tally_kdNXoM,WTP,price ladder,price ladder: Какой бюджет вы в принципе рассматриваете на слуховой аппарат?,Use for B2C Choice / food/FMCG when WTP is decision-relevant.
sp_b60a68787fe4,tally_kdNXoM,channel,channel/trust map,channel/trust map: Где было удобнее всего общаться Деафон?,Use for B2C Choice / food/FMCG when channel is decision-relevant.
sp_06e3bbe438c5,tally_kdNXoM,barrier,barrier map,barrier map: Были ли у вас причины откладывать покупку или «передумать» на пути в центр?,Use for B2C Choice / food/FMCG when barrier is decision-relevant.
sp_a6596542bc94,tally_kdNXoM,frequency,behavior baseline,behavior baseline: Как часто вы покупаете расходники?,Use for B2C Choice / food/FMCG when frequency is decision-relevant.
sp_a975fa935b53,tally_kdNXoM,scenario,JTBD map,"JTBD map: Когда вы выбираете центр или салон слуховых аппаратов, что для вас важнее всего?",Use for B2C Choice / food/FMCG when scenario is decision-relevant.
sp_a8134d658a65,tally_kdNXoM,frequency,behavior baseline,behavior baseline: Как часто вы обычно меняете слуховой аппарат?,Use for B2C Choice / food/FMCG when frequency is decision-relevant.
sp_04025eabbc27,tally_kdNXoM,awareness,brand funnel,brand funnel: Какие центры или бренды слуховых аппаратов вы знаете?,Use for B2C Choice / food/FMCG when awareness is decision-relevant.
sp_ed1a7f104dd2,tally_kdNXoM,consideration,brand funnel,brand funnel: Какие из них вы рассматривали при выборе?,Use for B2C Choice / food/FMCG when consideration is decision-relevant.
sp_b23189ec0e62,tally_kdNXoM,trust,QFD,QFD: Насколько вы готовы порекомендовать Деафон (от 1  до 10)?,Use for B2C Choice / food/FMCG when trust is decision-relevant.
sp_68949590086f,tally_meagPx,trust,QFD,QFD: Срок существования вашего бизнеса:,Use for Internal Employee / HR/EVP when trust is decision-relevant.
sp_0dc66c129203,tally_meagPx,WTP,price ladder,price ladder: Сколько юридических лиц у вас открыто для ведения бизнеса?,Use for Internal Employee / HR/EVP when WTP is decision-relevant.
sp_4b488b8ca5f4,tally_meagPx,factor,factor hierarchy,factor hierarchy: Оцените важность следующих факторов при выборе банка от 1 до 5,Use for Internal Employee / HR/EVP when factor is decision-relevant.
sp_d7ca25852ce4,tally_meagPx,trust,QFD,QFD: Насколько вероятно вы порекомендуете следующие банки от 1 до 5?,Use for Internal Employee / HR/EVP when trust is decision-relevant.
sp_0d9c6afbb7bf,tally_meagPx,factor,factor hierarchy,factor hierarchy: На какие факторы опирались при выборе банка для расчетно-кассового обслуживания?,Use for Internal Employee / HR/EVP when factor is decision-relevant.
sp_0e9eeb2e9ff7,tally_meagPx,WTP,price ladder,price ladder: Какую сумму денег вы ежемесячно проводите через свой расчетный счет?,Use for Internal Employee / HR/EVP when WTP is decision-relevant.
sp_f8328b090d50,tally_meagPx,factor,factor hierarchy,factor hierarchy: Оцените от 1 до 5 насколько соответствует Ваш основной банк следующим факторам?,Use for Internal Employee / HR/EVP when factor is decision-relevant.
sp_3569aeac8423,tally_meagPx,factor,factor hierarchy,factor hierarchy: На какие факторы опирались при выборе банка для кредитования?,Use for Internal Employee / HR/EVP when factor is decision-relevant.
sp_452ce210176a,tally_meagPx,scenario,JTBD map,JTBD map: Для каких целей Вы брали кредиты?,Use for Internal Employee / HR/EVP when scenario is decision-relevant.
sp_471796d05c29,tally_meagPx,frequency,behavior baseline,behavior baseline: Как часто вы посещаете физические отделения банка?,Use for Internal Employee / HR/EVP when frequency is decision-relevant.
sp_e02a62461a5e,tally_meagPx,scenario,JTBD map,JTBD map: Для каких целей вы посещаете физические отделения банка?,Use for Internal Employee / HR/EVP when scenario is decision-relevant.
sp_466978da65cb,tally_meagPx,factor,factor hierarchy,factor hierarchy: Оцените от 1 до 5  насколько соответствует мобильное приложение / интернет банки,Use for Internal Employee / HR/EVP when factor is decision-relevant.
sp_3ee7ea533b6f,tally_meagPx,channel,channel/trust map,channel/trust map: Каких продуктов / услуг Вам не хватает в мобильном приложении или интернет банки,Use for Internal Employee / HR/EVP when channel is decision-relevant.
sp_5b58bed43d4e,tally_meagPx,factor,factor hierarchy,factor hierarchy: Оцените от 1 до 5 насколько важны для Вас следующие критерии поддержки банка?,Use for Internal Employee / HR/EVP when factor is decision-relevant.
sp_7de32c074ad8,tally_3xQAzv,behavior,behavior baseline,behavior baseline: 3. Посещал ли Ваш ребенок международную частную школу?,Use for B2C Choice / education when behavior is decision-relevant.
sp_617d0e4bedcc,tally_3xQAzv,barrier,barrier map,barrier map: 4. По какой причине Вы перевели ребенка из одной частной школы в другую?,Use for B2C Choice / education when barrier is decision-relevant.
sp_99e0e89781bb,tally_3xQAzv,barrier,barrier map,barrier map: 4. По какой причине Вы решили перевести Вашего ребенка из частной школы в госуда,Use for B2C Choice / education when barrier is decision-relevant.
sp_5dbcad293b04,tally_3xQAzv,scenario,JTBD map,JTBD map: 8. С какой целью Вы отдали ребенка в частную школу?,Use for B2C Choice / education when scenario is decision-relevant.
sp_494896beb29c,tally_3xQAzv,channel,channel/trust map,channel/trust map: 12. Через какие каналы коммуникации Вы узнали о школе где учится ваш ребенок?,Use for B2C Choice / education when channel is decision-relevant.
sp_223e2ba8a3a6,tally_3xQAzv,WTP,price ladder,price ladder: 13. Какая цена за обучение в частной школе приемлема для Вас?,Use for B2C Choice / education when WTP is decision-relevant.
sp_62e8da64821e,tally_3xQAzv,awareness,brand funnel,brand funnel: 15. Какие частные школы Вы знаете?,Use for B2C Choice / education when awareness is decision-relevant.
sp_5b3b2a334252,tally_3xQAzv,factor,factor hierarchy,"factor hierarchy: 18. Оцените от 1 до 5 важность факторов выбора частной школы, где 1 – это незнач",Use for B2C Choice / education when factor is decision-relevant.
sp_7aa26133e66b,tally_3xQAzv,WTP,price ladder,price ladder: 20. В какой частной школе самая низкая цена обучения по сравнению с похожими час,Use for B2C Choice / education when WTP is decision-relevant.
sp_6c893e92ad62,tally_3xQAzv,frequency,behavior baseline,behavior baseline: 26. Как часто Вы бываете в школе?,Use for B2C Choice / education when frequency is decision-relevant.
sp_b8e1c676a486,tally_3xQAzv,barrier,barrier map,"barrier map: 27. По каким причинам Вы, как родитель, приходите в школу?",Use for B2C Choice / education when barrier is decision-relevant.
sp_7e3d2b12f3bf,tally_3xQAzv,factor,factor hierarchy,factor hierarchy: 28. По шкале от 1 до 10 оцените насколько вы готовы рекомендовать эту школу друг,Use for B2C Choice / education when factor is decision-relevant.
sp_4b14399f091b,tally_3xQAzv,behavior,behavior baseline,behavior baseline: 38. На каком расстоянии от дома находится Ваша школа?,Use for B2C Choice / education when behavior is decision-relevant.
sp_accff1a483aa,tally_Y5jV7N,scenario,JTBD map,"JTBD map: С какой целью вы ищите/искали информацию (курсы, занятия и тд) об улучшении здор",Use for B2C Choice / healthcare when scenario is decision-relevant.
sp_e62d1a37f16f,tally_Y5jV7N,channel,channel/trust map,channel/trust map: Где вы обычно узнаёте о способах улучшить здоровье / питание?,Use for B2C Choice / healthcare when channel is decision-relevant.
sp_c2132a6069cd,tally_Y5jV7N,factor,factor hierarchy,factor hierarchy: Какие критерии для вас важны при выборе программы по здоровью / питанию? (где 1 ,Use for B2C Choice / healthcare when factor is decision-relevant.
sp_23d0406950e4,tally_Y5jV7N,consideration,brand funnel,brand funnel: Какие типы экспертов вы бы рассматривали при выборе программы?,Use for B2C Choice / healthcare when consideration is decision-relevant.
sp_247616295bba,tally_Y5jV7N,trust,QFD,QFD: Какое описание программы вызывает у вас наибольшее доверие?,Use for B2C Choice / healthcare when trust is decision-relevant.
sp_078147c222d9,tally_Y5jV7N,WTP,price ladder,price ladder: Насколько вам актуальны программы по здоровью / питанию для детей?,Use for B2C Choice / healthcare when WTP is decision-relevant.
sp_7aaa4261391c,tally_Y5jV7N,behavior,behavior baseline,behavior baseline: Что для вас является ключевым моментом решения «покупать / не покупать»?,Use for B2C Choice / healthcare when behavior is decision-relevant.
sp_8425149c8515,tally_Y5jV7N,factor,factor hierarchy,factor hierarchy: Что вам важно увидеть на сайте перед покупкой?,Use for B2C Choice / healthcare when factor is decision-relevant.
sp_4268d74e69be,tally_Y5jV7N,factor,factor hierarchy,"factor hierarchy: Насколько важно, чтобы программа легко вписывалась в ваш график?",Use for B2C Choice / healthcare when factor is decision-relevant.
sp_2d8dd896c6a3,tally_Y5jV7N,WTP,price ladder,"price ladder: Что должно быть в сообществе, чтобы вы были готовы платить за него ежемесячно?",Use for B2C Choice / healthcare when WTP is decision-relevant.
sp_6275f7ecdb86,tally_Y5jV7N,barrier,barrier map,barrier map: Что чаще всего заставляет отказаться от продолжения участия?,Use for B2C Choice / healthcare when barrier is decision-relevant.
sp_e652dea43e2f,tally_woMYJO,scenario,JTBD map,JTBD map: 3. Предпринимали ли вы попытки самостоятельно выйти из сложившейся ситуации? Про,Use for B2C Choice / finance when scenario is decision-relevant.
sp_fb8871eea61d,tally_woMYJO,scenario,JTBD map,"JTBD map: 4. Что стало для Вас переломным моментом, когда вы стали рассматривать банкротст",Use for B2C Choice / finance when scenario is decision-relevant.
sp_03e1ada13c35,tally_woMYJO,scenario,JTBD map,"JTBD map: 7. Когда списали кредиты, то начали ли повышать искать возможные способы предотв",Use for B2C Choice / finance when scenario is decision-relevant.
sp_9385b715172a,tally_woMYJO,consideration,brand funnel,brand funnel: 8. Рассматривали ли Вы возможность посещения курсов фин. грамотности?,Use for B2C Choice / finance when consideration is decision-relevant.
sp_9d20fd8eac3c,tally_n0epJ0,factor,factor hierarchy,factor hierarchy: Оцените важность следующих факторов при выборе банка:,Use for B2C Choice / food/FMCG when factor is decision-relevant.
sp_8b68a51f7a9b,tally_n0epJ0,channel,channel/trust map,channel/trust map: У какого банка лучшее мобильное приложение по функционалу и удобству интерфейса?,Use for B2C Choice / food/FMCG when channel is decision-relevant.
sp_11464c7f9855,tally_n0epJ0,trust,QFD,QFD: Насколько вероятно вы порекомендуете банк от 1 до 5?,Use for B2C Choice / food/FMCG when trust is decision-relevant.
sp_8d697da2cf40,tally_n0epJ0,WTP,price ladder,price ladder: Насколько Вам были бы интересны следующие предложения от банка?,Use for B2C Choice / food/FMCG when WTP is decision-relevant.
sp_c70a98545eec,tally_n0epJ0,WTP,price ladder,price ladder: Сколько у вас дебетовых карт?,Use for B2C Choice / food/FMCG when WTP is decision-relevant.
sp_045381493cc3,tally_n0epJ0,WTP,price ladder,price ladder: Сколько у вас кредитных карт?,Use for B2C Choice / food/FMCG when WTP is decision-relevant.
sp_2998077199c3,tally_n0epJ0,scenario,JTBD map,JTBD map: Для каких целей оформляли вклад?,Use for B2C Choice / food/FMCG when scenario is decision-relevant.
sp_3674a0405b45,tally_n0epJ0,WTP,price ladder,price ladder: Сколько у вас кредитов?,Use for B2C Choice / food/FMCG when WTP is decision-relevant.
sp_a21a1bb6c439,tally_n0epJ0,frequency,behavior baseline,behavior baseline: Как часто вы посещаете физические отделения банка?,Use for B2C Choice / food/FMCG when frequency is decision-relevant.
sp_61c0a61f7fa2,tally_n0epJ0,scenario,JTBD map,JTBD map: Для каких целей вы посещаете физические отделения банка?,Use for B2C Choice / food/FMCG when scenario is decision-relevant.
sp_fa2f0b08905f,tally_n0epJ0,channel,channel/trust map,channel/trust map: Каких продуктов или услуг в мобильном приложении Вам не хватает?,Use for B2C Choice / food/FMCG when channel is decision-relevant.
sp_2b2e380d79bb,tally_n0epJ0,frequency,behavior baseline,behavior baseline: С какими запросами обращаетесь в поддержку банка и как часто?,Use for B2C Choice / food/FMCG when frequency is decision-relevant.
sp_d97dd29a28a4,tally_n0epJ0,channel,channel/trust map,channel/trust map: Через какие каналы вы узнаете информацию о банковских продуктах и услугах?,Use for B2C Choice / food/FMCG when channel is decision-relevant.
sp_6654ff391382,tally_mKaxzA,scenario,JTBD map,"JTBD map: 1. В каких ситуациях вы рассматриваете покупку товаров в займ (рассрочка, долг и",Use for B2C Choice / finance when scenario is decision-relevant.
sp_37cd5a73b63d,tally_mKaxzA,behavior,behavior baseline,behavior baseline: 2. На какие нужды вы чаще всего оформляете кредит или рассрочку?,Use for B2C Choice / finance when behavior is decision-relevant.
sp_b00906f79c7a,tally_mKaxzA,frequency,behavior baseline,"behavior baseline: 3. Как часто и какой товар/услуги вы берете в займ (рассрочка, долг и др.) ?",Use for B2C Choice / finance when frequency is decision-relevant.
sp_36941a0a8edd,tally_mKaxzA,factor,factor hierarchy,"factor hierarchy: 5. Оцените от 1 до 5 важность перечисленных факторов, где 1 - не важно, а 5 - оч",Use for B2C Choice / finance when factor is decision-relevant.
sp_6c1d92e21795,tally_mKaxzA,WTP,price ladder,price ladder: 7. На какую сумму вы брали или чаще всего берете займ/кредит?,Use for B2C Choice / finance when WTP is decision-relevant.
sp_13be551c56da,tally_mKaxzA,frequency,behavior baseline,behavior baseline: 8. Как часто вы берете  займ/кредит?,Use for B2C Choice / finance when frequency is decision-relevant.
sp_3e888cc4d7a8,tally_mKaxzA,behavior,behavior baseline,behavior baseline: 8А. Как много кредитов/займов вы оформляли одновременно?,Use for B2C Choice / finance when behavior is decision-relevant.
sp_92799d5b9927,tally_mKaxzA,scenario,JTBD map,"JTBD map: 9. Возникали ли ситуации, когда по какой-то причине вы не могли сделать выплату ",Use for B2C Choice / finance when scenario is decision-relevant.
sp_3d8158976a92,tally_mKaxzA,channel,channel/trust map,"channel/trust map: 10. Какие финансовые организации или магазины, предоставляющие рассрочку, вы зна",Use for B2C Choice / finance when channel is decision-relevant.
sp_b4e15662b4a6,tally_mKaxzA,scenario,JTBD map,JTBD map: 11. Где вы когда-либо оформляли рассрочку или кредит?,Use for B2C Choice / finance when scenario is decision-relevant.
sp_c80d32983b2b,tally_mKaxzA,channel,channel/trust map,"channel/trust map: 12. Какие организации или магазины с рассрочкой вы рассматривали, но в итоге не ",Use for B2C Choice / finance when channel is decision-relevant.
sp_0673c4db1fac,tally_mKaxzA,channel,channel/trust map,channel/trust map: 13. Какая компания (финансовая организация или магазин с рассрочкой) кажется вам,Use for B2C Choice / finance when channel is decision-relevant.
sp_22ac9fe8234f,tally_mKaxzA,channel,channel/trust map,channel/trust map: 14. Какая финансовая организация или магазин с рассрочкой предлагает самые выгод,Use for B2C Choice / finance when channel is decision-relevant.
sp_5e6ae12c3c04,tally_mKaxzA,channel,channel/trust map,channel/trust map: 15. Где представлен самый широкий выбор условий рассрочки? (разные модели выплат,Use for B2C Choice / finance when channel is decision-relevant.
sp_503e2ae4ec63,tally_mKaxzA,channel,channel/trust map,channel/trust map: 16. Какая финансовая организация или магазин предлагает самые инновационные и уд,Use for B2C Choice / finance when channel is decision-relevant.
sp_1e6e3d00d871,tally_mKaxzA,channel,channel/trust map,channel/trust map: 17. Где самый простой процесс оформления рассрочки (минимум документов и лишних ,Use for B2C Choice / finance when channel is decision-relevant.
sp_d1b1d7680a3f,tally_mKaxzA,channel,channel/trust map,"channel/trust map: 19. Где предоставляется лучший сервис сопровождения займа (удобные платежи, подд",Use for B2C Choice / finance when channel is decision-relevant.
sp_79bda95c2c4f,tally_mKaxzA,channel,channel/trust map,"channel/trust map: 21. Подскажите, пожалуйста, через какие источники Вы узнаете об товарах/услугах",Use for B2C Choice / finance when channel is decision-relevant.
sp_f03afbbeb513,tally_mKaxzA,trust,QFD,QFD: 27. Порекомендуете ли вы продукции ИНГ-СТРОЙ своим знакомым? Поставьте оценку от,Use for B2C Choice / finance when trust is decision-relevant.
sp_5b26eeb88c0a,tally_mKaxzA,consideration,brand funnel,brand funnel: 2. Почему вы не рассматриваете рассрочку или кредит при покупках?,Use for B2C Choice / finance when consideration is decision-relevant.
sp_e808f1742039,tally_mKaxzA,scenario,JTBD map,JTBD map: 3. В каких ситуациях вы могли бы всё же рассмотреть вариант покупки в рассрочку?,Use for B2C Choice / finance when scenario is decision-relevant.
sp_a9af69026d2f,tally_3xaZ9G,factor,factor hierarchy,"factor hierarchy: 1.6 Пожалуйста, оцените насколько важны для Вас следующие факторы при выборе раб",Use for Internal Employee / HR/EVP when factor is decision-relevant.
sp_586783407d8e,tally_3xaZ9G,factor,factor hierarchy,"factor hierarchy: 1.7 Пожалуйста, оцените насколько эти факторы реализованы в компании «Главстрой ",Use for Internal Employee / HR/EVP when factor is decision-relevant.
sp_c66bff7a0f95,tally_3xaZ9G,WTP,price ladder,price ladder: 2.1 Насколько Вы согласны с представленными ниже утверждениями об уровне ответст,Use for Internal Employee / HR/EVP when WTP is decision-relevant.
sp_d1c4f2e7d41e,tally_3xaZ9G,WTP,price ladder,price ladder: 2.2 Насколько Вы согласны с представленными ниже утверждениями о понимании сотру,Use for Internal Employee / HR/EVP when WTP is decision-relevant.
sp_b3326f8ceadc,tally_3xaZ9G,WTP,price ladder,price ladder: 2.3  Насколько Вы согласны с представленными ниже утверждениями об уровне коорди,Use for Internal Employee / HR/EVP when WTP is decision-relevant.
sp_395e03ad649e,tally_3xaZ9G,WTP,price ladder,price ladder: 2.4 Насколько Вы согласны с представленными ниже утверждениями об уровне ориента,Use for Internal Employee / HR/EVP when WTP is decision-relevant.
sp_335b1377559b,tally_3xaZ9G,WTP,price ladder,price ladder: 2.5 Насколько Вы согласны с представленными ниже утверждениями о характере руков,Use for Internal Employee / HR/EVP when WTP is decision-relevant.
sp_367fce579bcb,tally_3xaZ9G,WTP,price ladder,price ladder: 2.6 Насколько Вы согласны с представленными ниже утверждениями об отношении к ин,Use for Internal Employee / HR/EVP when WTP is decision-relevant.
sp_7ba646d43bb2,tally_3xaZ9G,WTP,price ladder,price ladder: 2.7 Насколько Вы согласны с представленными ниже утверждениями о корпоративных н,Use for Internal Employee / HR/EVP when WTP is decision-relevant.
sp_81c9a093330c,tally_3xaZ9G,WTP,price ladder,price ladder: 2.8 Насколько Вы согласны с представленными ниже утверждениями о рабочей среде и,Use for Internal Employee / HR/EVP when WTP is decision-relevant.
sp_98aafb7cb1ba,tally_3xaZ9G,factor,factor hierarchy,factor hierarchy: 2.9 Оцените степень Вашего согласия с представленными ниже утверждениями о систе,Use for Internal Employee / HR/EVP when factor is decision-relevant.
sp_c7fac61967b9,tally_3xaZ9G,scenario,JTBD map,JTBD map: 3.1 В компании «Главстрой Санкт-Петербург» решения принимаются всегда по всем из,Use for Internal Employee / HR/EVP when scenario is decision-relevant.
sp_d45474337319,tally_3xaZ9G,factor,factor hierarchy,"factor hierarchy: 3.7 Пожалуйста, оцените насколько важны для Вас следующие ценности при выборе ра",Use for Internal Employee / HR/EVP when factor is decision-relevant.
sp_6732685ec856,tally_3xaZ9G,factor,factor hierarchy,factor hierarchy: 3.8 Оцените насколько эти ценности проявлены в компании «Главстрой Санкт-Петербу,Use for Internal Employee / HR/EVP when factor is decision-relevant.
sp_8d45b266cf9c,tally_3xaZ9G,factor,factor hierarchy,"factor hierarchy: 3. 9 Оцените представленные ниже факторы по шкале от 1 до 5, где:",Use for Internal Employee / HR/EVP when factor is decision-relevant.
sp_3f61b2d838c5,tally_3xaZ9G,factor,factor hierarchy,"factor hierarchy: Оцените, пожалуйста, по шкале от 1 до 10, насколько вы готовы рекомендовать нашу",Use for Internal Employee / HR/EVP when factor is decision-relevant.
sp_80ef3a71f456,tally_wvANe4,channel,channel/trust map,channel/trust map: 1. Где вы чаще всего покупаете хлеб?,Use for B2C Choice / food/FMCG when channel is decision-relevant.
sp_1a172e24db7a,tally_wvANe4,frequency,behavior baseline,behavior baseline: 2. Как часто вы покупаете хлеб в пекарне при следующих сценариях?,Use for B2C Choice / food/FMCG when frequency is decision-relevant.
sp_ac01f1c78bcd,tally_wvANe4,WTP,price ladder,price ladder: 3. Сколько вы готовы потратить на покупку хлеба?,Use for B2C Choice / food/FMCG when WTP is decision-relevant.
sp_0949436a5a0f,tally_wvANe4,WTP,price ladder,price ladder: 4. Готовы ли вы тратить время на дорогу до пекарни с лучшим ассортиментом хлебоб,Use for B2C Choice / food/FMCG when WTP is decision-relevant.
sp_83821508b44f,tally_wvANe4,factor,factor hierarchy,"factor hierarchy: 5. Оцените от 1 до 5 важность факторов выбора хлеба, где 1 - это незначимый факт",Use for B2C Choice / food/FMCG when factor is decision-relevant.
sp_889ddfb53310,tally_wvANe4,awareness,brand funnel,brand funnel: 6. Какие пекарни кроме Печорин вы знаете?,Use for B2C Choice / food/FMCG when awareness is decision-relevant.
sp_69d8af1fc184,tally_wvANe4,channel,channel/trust map,"channel/trust map: 8. Где, по вашему мнению, продается самая свежая выпечка?",Use for B2C Choice / food/FMCG when channel is decision-relevant.
sp_b62ebf2d7ae0,tally_wvANe4,channel,channel/trust map,"channel/trust map: 9. Где, по вашему мнению, самый широкий выбор свежей выпечки?",Use for B2C Choice / food/FMCG when channel is decision-relevant.
sp_276fe194ea43,tally_wvANe4,awareness,brand funnel,brand funnel: 13. Какие кофейни вы знаете?,Use for B2C Choice / food/FMCG when awareness is decision-relevant.
sp_ae6ce4f79caa,tally_wvANe4,awareness,brand funnel,brand funnel: 14. Какие city-кафе вы знаете?,Use for B2C Choice / food/FMCG when awareness is decision-relevant.
sp_c78559ec7ba7,tally_mRZVav,behavior,behavior baseline,"behavior baseline: 0. Введите свой номер телефона, начиная с 8, чтобы по итогу прохождения анкеты, ",Use for B2C Choice / healthcare when behavior is decision-relevant.
sp_3433e4c35325,tally_mRZVav,scenario,JTBD map,"JTBD map: 1. Когда Вы столкнулись с вопросом или проблемой со здоровьем, в каких источника",Use for B2C Choice / healthcare when scenario is decision-relevant.
sp_2bb72cdf8044,tally_mRZVav,scenario,JTBD map,"JTBD map: 2. Что послужило мотивом, когда Вы впервые обратились за профессиональной помощь",Use for B2C Choice / healthcare when scenario is decision-relevant.
sp_b08473ff7679,tally_mRZVav,WTP,price ladder,price ladder: 3. В какой момент Вы приходите к пониманию необходимости посетить врача?(Выберит,Use for B2C Choice / healthcare when WTP is decision-relevant.
sp_a9fc0281d27c,tally_mRZVav,barrier,barrier map,barrier map: 4. По какой причине вы обращались к мануальному терапевту?,Use for B2C Choice / healthcare when barrier is decision-relevant.
sp_f5d843226db5,tally_mRZVav,behavior,behavior baseline,behavior baseline: 5. При каком из типов лечения какую клинику Вы выберете?,Use for B2C Choice / healthcare when behavior is decision-relevant.
sp_110bbe0fcc95,tally_mRZVav,WTP,price ladder,price ladder: 6. Почему Вы посещаете клинику Свобода движения?(Выберите несколько вариантов),Use for B2C Choice / healthcare when WTP is decision-relevant.
sp_27e428b281a3,tally_mRZVav,factor,factor hierarchy,"factor hierarchy: 7. Оцените от 1 до 5 важность факторов выбора клиники, где 1 – это незначительны",Use for B2C Choice / healthcare when factor is decision-relevant.
sp_767af363d110,tally_mRZVav,WTP,price ladder,"price ladder: 8. Перечислите профильные специализированные клиники, которые Вы знаете.(Выберит",Use for B2C Choice / healthcare when WTP is decision-relevant.
sp_e0087abde699,tally_mRZVav,behavior,behavior baseline,"behavior baseline: 9. Перечислите профильные специализированные клиники, которые Вы посещали в тече",Use for B2C Choice / healthcare when behavior is decision-relevant.
sp_791003f6f1b5,tally_mRZVav,WTP,price ladder,price ladder: 18. Откуда Вы узнали про клинику Свобода движения?(Выберите несколько вариантов),Use for B2C Choice / healthcare when WTP is decision-relevant.
sp_3c1923ac7612,tally_mRZVav,barrier,barrier map,barrier map: 21.1 По какой причине Вы решили продолжить лечение в другой клинике?(Выберите не,Use for B2C Choice / healthcare when barrier is decision-relevant.
sp_c3706df678d9,tally_mRZVav,WTP,price ladder,"price ladder: 21. Что влияет на принятие решения и снижение опасений, которые у Вас были при в",Use for B2C Choice / healthcare when WTP is decision-relevant.
sp_5b372f1c48b8,tally_mRZVav,WTP,price ladder,price ladder: 22. Вам было бы удобнее посещать клинику.(Выберите несколько вариантов),Use for B2C Choice / healthcare when WTP is decision-relevant.
sp_c5f3c628de82,tally_mRZVav,WTP,price ladder,price ladder: 23. Почему Вы могли бы прервать план лечения?(Выберите несколько вариантов),Use for B2C Choice / healthcare when WTP is decision-relevant.
sp_88808ae81de5,tally_mRZVav,factor,factor hierarchy,factor hierarchy: 25. Готовы ли Вы рекомендовать услуги клиники “Свободу Движения” друзьям/родстве,Use for B2C Choice / healthcare when factor is decision-relevant.
sp_9e1a10a063d7,tally_mRZVav,factor,factor hierarchy,factor hierarchy: 26. Оцените качество сервиса в клинике Свобода Движения от 1 до 10,Use for B2C Choice / healthcare when factor is decision-relevant.
sp_648614c7b159,tally_mRZVav,factor,factor hierarchy,factor hierarchy: 27. Оцените работу менеджера колл-центра в клинике Свобода Движения от 1 до 10,Use for B2C Choice / healthcare when factor is decision-relevant.
sp_38eb57197224,tally_mRZVav,factor,factor hierarchy,factor hierarchy: 28. Оцените работу администратора в клинике  Свобода Движения от 1 до 10,Use for B2C Choice / healthcare when factor is decision-relevant.
sp_cb3a799d887f,tally_mRZVav,factor,factor hierarchy,factor hierarchy: 29. Оцените работу координатора в клинике Свобода Движения от 1 до 10,Use for B2C Choice / healthcare when factor is decision-relevant.
sp_62abeff4dde7,tally_mRZVav,factor,factor hierarchy,factor hierarchy: 30. Оцените работу врача в клинике Свобода Движения от 1 до 10,Use for B2C Choice / healthcare when factor is decision-relevant.
sp_382ccc4d9a91,tally_mRZVav,frequency,behavior baseline,behavior baseline: 33. Как часто Вы посещаете частные клиники?,Use for B2C Choice / healthcare when frequency is decision-relevant.
sp_e140a5c01525,tally_w4xjPb,factor,factor hierarchy,"factor hierarchy: 1.7 Пожалуйста, оцените насколько важны для Вас следующие факторы при выборе раб",Use for Internal Employee / HR/EVP when factor is decision-relevant.
sp_7c8963901295,tally_w4xjPb,factor,factor hierarchy,"factor hierarchy: 1.8 Пожалуйста, оцените насколько эти факторы реализованы в компании «Главстрой ",Use for Internal Employee / HR/EVP when factor is decision-relevant.
sp_e5ca40cf08f8,tally_w4xjPb,WTP,price ladder,price ladder: 2.1 Насколько Вы согласны с представленными ниже утверждениями об уровне ответст,Use for Internal Employee / HR/EVP when WTP is decision-relevant.
sp_4fb4211e7977,tally_w4xjPb,WTP,price ladder,price ladder: 2.2 Насколько Вы согласны с представленными ниже утверждениями о понимании сотру,Use for Internal Employee / HR/EVP when WTP is decision-relevant.
sp_12b3b3547b65,tally_w4xjPb,WTP,price ladder,price ladder: 2.3  Насколько Вы согласны с представленными ниже утверждениями об уровне коорди,Use for Internal Employee / HR/EVP when WTP is decision-relevant.
sp_7792c64ba941,tally_w4xjPb,WTP,price ladder,price ladder: 2.4 Насколько Вы согласны с представленными ниже утверждениями об уровне ориента,Use for Internal Employee / HR/EVP when WTP is decision-relevant.
sp_ecd66ac7cba0,tally_w4xjPb,WTP,price ladder,price ladder: 2.5 Насколько Вы согласны с представленными ниже утверждениями о характере руков,Use for Internal Employee / HR/EVP when WTP is decision-relevant.
sp_153c6b35f430,tally_w4xjPb,WTP,price ladder,price ladder: 2.6 Насколько Вы согласны с представленными ниже утверждениями об отношении к ин,Use for Internal Employee / HR/EVP when WTP is decision-relevant.
sp_43861f0b4438,tally_w4xjPb,WTP,price ladder,price ladder: 2.7 Насколько Вы согласны с представленными ниже утверждениями о корпоративных н,Use for Internal Employee / HR/EVP when WTP is decision-relevant.
sp_31939d9d6249,tally_w4xjPb,WTP,price ladder,price ladder: 2.8 Насколько Вы согласны с представленными ниже утверждениями о рабочей среде и,Use for Internal Employee / HR/EVP when WTP is decision-relevant.
sp_d1b790a639dd,tally_w4xjPb,factor,factor hierarchy,factor hierarchy: 2.9 Оцените степень Вашего согласия с представленными ниже утверждениями о систе,Use for Internal Employee / HR/EVP when factor is decision-relevant.
sp_690560b64de9,tally_w4xjPb,scenario,JTBD map,JTBD map: 3.1 В компании «Главстрой Санкт-Петербург» решения принимаются всегда по всем из,Use for Internal Employee / HR/EVP when scenario is decision-relevant.
sp_4abdc115ccc3,tally_w4xjPb,factor,factor hierarchy,"factor hierarchy: 3.7 Пожалуйста, оцените насколько важны для Вас следующие ценности при выборе ра",Use for Internal Employee / HR/EVP when factor is decision-relevant.
sp_61fad41d6eaa,tally_w4xjPb,factor,factor hierarchy,factor hierarchy: 3.8 Оцените насколько эти ценности проявлены в компании «Главстрой Санкт-Петербу,Use for Internal Employee / HR/EVP when factor is decision-relevant.
sp_7858613cc9c7,tally_w4xjPb,factor,factor hierarchy,"factor hierarchy: 3. 9 Оцените представленные ниже факторы по шкале от 1 до 5, где:",Use for Internal Employee / HR/EVP when factor is decision-relevant.
sp_b289092f338f,tally_w4xjPb,factor,factor hierarchy,"factor hierarchy: Оцените, пожалуйста, по шкале от 1 до 10, насколько вы готовы рекомендовать нашу",Use for Internal Employee / HR/EVP when factor is decision-relevant.
sp_5037afd24e36,tally_3XX5yY,channel,channel/trust map,"channel/trust map: Где вы чаще всего берёте пончики, пирожки, чебуреки?",Use for B2C Choice / food/FMCG when channel is decision-relevant.
sp_5e56d441c5de,tally_3XX5yY,scenario,JTBD map,JTBD map: Какая основная цель вашего визита?,Use for B2C Choice / food/FMCG when scenario is decision-relevant.
sp_ea519e2d02e6,tally_3XX5yY,frequency,behavior baseline,"behavior baseline: Как часто вы покупаете пончики, пирожки, чебуреки в закусочной?",Use for B2C Choice / food/FMCG when frequency is decision-relevant.
sp_a0f252ad2e5d,tally_3XX5yY,WTP,price ladder,price ladder: Сколько вы готовы потратить на покупку пончиков (за 1 поход в точку)?,Use for B2C Choice / food/FMCG when WTP is decision-relevant.
sp_47938e50c6f5,tally_3XX5yY,WTP,price ladder,price ladder: Сколько вы готовы потратить на покупку чебуреков (за 1 посещение)?,Use for B2C Choice / food/FMCG when WTP is decision-relevant.
sp_b1985506fc2d,tally_3XX5yY,WTP,price ladder,price ladder: Готовы ли вы тратить время на дорогу до закусочной с лучшим ассортиментом пончик,Use for B2C Choice / food/FMCG when WTP is decision-relevant.
sp_60e706d7ba39,tally_3XX5yY,frequency,behavior baseline,behavior baseline: Как часто вы едите представленные продукты?,Use for B2C Choice / food/FMCG when frequency is decision-relevant.
sp_732debfdf98e,tally_3XX5yY,factor,factor hierarchy,"factor hierarchy: Оцените от 1 до 5 важность факторов выбора пончиков, пирожков, чебуреков, где 1 ",Use for B2C Choice / food/FMCG when factor is decision-relevant.
sp_1f41dba801d6,tally_3XX5yY,awareness,brand funnel,"brand funnel: Какие закусочные формата пончиков, пирожков и чебуреков вы знаете, кроме Ringo?",Use for B2C Choice / food/FMCG when awareness is decision-relevant.
sp_fa15f825fb7f,tally_3XX5yY,behavior,behavior baseline,behavior baseline: Какие из таких закусочных вы посещаете?,Use for B2C Choice / food/FMCG when behavior is decision-relevant.
sp_a441ac94df3d,tally_3XX5yY,channel,channel/trust map,"channel/trust map: Где, по вашему мнению, самые доступные цены на пончики, пирожки и чебуреки?",Use for B2C Choice / food/FMCG when channel is decision-relevant.
sp_d8630c1d785c,tally_3XX5yY,channel,channel/trust map,"channel/trust map: Где, по вашему мнению, продаются самые свежие изделия (пончики, пирожки, чебурек",Use for B2C Choice / food/FMCG when channel is decision-relevant.
sp_960d7de79c08,tally_3XX5yY,channel,channel/trust map,"channel/trust map: Где, по вашему мнению, самый широкий выбор вкусов и начинок, в том числе изделий",Use for B2C Choice / food/FMCG when channel is decision-relevant.
sp_7eb6ab578a98,tally_3XX5yY,channel,channel/trust map,"channel/trust map: Где, по вашему мнению, чаще всего появляются новинки (вкусы, начинки, лимитирова",Use for B2C Choice / food/FMCG when channel is decision-relevant.
sp_3e8c80ad9cdc,tally_3XX5yY,channel,channel/trust map,"channel/trust map: Где для вас самая комфортная атмосфера (чистота, интерьер, посадочные места, муз",Use for B2C Choice / food/FMCG when channel is decision-relevant.
sp_989cb0fc23ce,tally_3XX5yY,frequency,behavior baseline,behavior baseline: Как часто вы покупаете освежающие напитки?,Use for B2C Choice / food/FMCG when frequency is decision-relevant.
sp_3904cf5a5206,tally_3XX5yY,scenario,JTBD map,JTBD map: Какой напиток вы выберете при указанных сценариях?,Use for B2C Choice / food/FMCG when scenario is decision-relevant.
sp_1c210e82d630,tally_3XX5yY,WTP,price ladder,price ladder: Сколько позиций и в каких комбинациях вы берете за 1 посещение?,Use for B2C Choice / food/FMCG when WTP is decision-relevant.
sp_87edf47ddcec,tally_3XX5yY,scenario,JTBD map,JTBD map: По каким сценариям вы покупаете данную продукцию?,Use for B2C Choice / food/FMCG when scenario is decision-relevant.
sp_7d921c385846,tally_3XX5yY,factor,factor hierarchy,factor hierarchy: Важна ли для вас упаковка приобретенной продукции?,Use for B2C Choice / food/FMCG when factor is decision-relevant.
sp_67303e571a12,tally_3XX5yY,frequency,behavior baseline,behavior baseline: Как часто вы посещаете закусочные по будням?,Use for B2C Choice / food/FMCG when frequency is decision-relevant.
sp_41f998e04f16,tally_3XX5yY,scenario,JTBD map,JTBD map: Для чего вы посещаете закусочные по будням?,Use for B2C Choice / food/FMCG when scenario is decision-relevant.
sp_7c4e93cf0248,tally_3XX5yY,behavior,behavior baseline,"behavior baseline: Почему вы предпочитаете покупать пончики, пирожки, чебуреки в будние/выходные дн",Use for B2C Choice / food/FMCG when behavior is decision-relevant.
sp_d51f4dc756ed,tally_3XX5yY,WTP,price ladder,price ladder: Во сколько вы обычно делаете заказ внутри дня?,Use for B2C Choice / food/FMCG when WTP is decision-relevant.
sp_4408bc9b9836,tally_nW8rgv,scenario,JTBD map,JTBD map: 1. С какой целью вы обычно покупаете товары в спортивном магазине?,Use for B2C Choice / home/electronics when scenario is decision-relevant.
sp_c1e06604bdba,tally_nW8rgv,channel,channel/trust map,channel/trust map: 5. При каких условиях Вы обычно ходите в спортивный магазин?,Use for B2C Choice / home/electronics when channel is decision-relevant.
sp_aabd42809740,tally_nW8rgv,frequency,behavior baseline,behavior baseline: 6. Как часто вы совершаете покупки спортивной одежды?,Use for B2C Choice / home/electronics when frequency is decision-relevant.
sp_839c91b9fc9c,tally_nW8rgv,factor,factor hierarchy,"factor hierarchy: 8. Оцените от 1 до 5 важность факторов выбора места покупки спортивной одежды, г",Use for B2C Choice / home/electronics when factor is decision-relevant.
sp_b7dedc38f2b1,tally_nW8rgv,channel,channel/trust map,channel/trust map: 9. Подскажите насколько вам важен формат магазина спортивной одежды при его посе,Use for B2C Choice / home/electronics when channel is decision-relevant.
sp_fe8bbdec7def,tally_nW8rgv,channel,channel/trust map,channel/trust map: 10. Какие спортивные магазины вы знаете?,Use for B2C Choice / home/electronics when channel is decision-relevant.
sp_52b80c7e17e7,tally_nW8rgv,channel,channel/trust map,channel/trust map: 11. Какие спортивные магазины вы посещаете?,Use for B2C Choice / home/electronics when channel is decision-relevant.
sp_4bbe8209dc55,tally_nW8rgv,channel,channel/trust map,channel/trust map: 12. Какие магазины вы считаете лучшими?,Use for B2C Choice / home/electronics when channel is decision-relevant.
sp_1aea7abebd58,tally_nW8rgv,channel,channel/trust map,channel/trust map: 13. В каком магазине наиболее широкий ассортимент спортивных товаров?,Use for B2C Choice / home/electronics when channel is decision-relevant.
sp_8e7665e2cb61,tally_nW8rgv,channel,channel/trust map,"channel/trust map: 14. Какой спортивный магазин, на ваш взгляд, предлагает наиболее доступные цены?",Use for B2C Choice / home/electronics when channel is decision-relevant.
sp_24fa7cb46e04,tally_nW8rgv,channel,channel/trust map,channel/trust map: 15. Какой спортивный магазин на ваш взгляд оставляет наиболее приятное впечатлен,Use for B2C Choice / home/electronics when channel is decision-relevant.
sp_295aecec5f52,tally_nW8rgv,channel,channel/trust map,channel/trust map: 16. В каком спортивном магазине наиболее быстрое обслуживание? (покупка происход,Use for B2C Choice / home/electronics when channel is decision-relevant.
sp_ad5eb1b449da,tally_nW8rgv,channel,channel/trust map,"channel/trust map: 18. В каком спортивном магазине, на ваш взгляд, чаще всего обновляется ассортиме",Use for B2C Choice / home/electronics when channel is decision-relevant.
sp_45fae44cae6a,tally_nW8rgv,trust,QFD,"QFD: 19. Подскажите, пожалуйста, по шкале от 1 до 10 насколько вы готовы рекомендоват",Use for B2C Choice / home/electronics when trust is decision-relevant.
sp_c7dc0a6873f5,tally_3E0NJB,factor,factor hierarchy,"factor hierarchy: Оцените, пожалуйста, насколько важны для Вас следующие факторы при выборе работо",Use for EVP Employer / HR/EVP when factor is decision-relevant.
sp_c35b9c6685f5,tally_3E0NJB,consideration,brand funnel,brand funnel: Рассматривали ли Вы компанию Сибагро в качестве работодателя?,Use for EVP Employer / HR/EVP when consideration is decision-relevant.
sp_cc89fc4afb98,tally_3E0NJB,barrier,barrier map,"barrier map: Расскажите, пожалуйста, почему нет",Use for EVP Employer / HR/EVP when barrier is decision-relevant.
sp_d8f40530ebdd,tally_w7Z6L0,factor,factor hierarchy,"factor hierarchy: 1.4 Пожалуйста, оцените насколько важны для Вас следующие факторы при выборе раб",Use for Internal Employee / HR/EVP when factor is decision-relevant.
sp_b38998abb032,tally_w7Z6L0,factor,factor hierarchy,"factor hierarchy: 1.5 Пожалуйста, оцените насколько эти факторы реализованы в компании «ИЗТТ» от 1",Use for Internal Employee / HR/EVP when factor is decision-relevant.
sp_3cb77f80f259,tally_w7Z6L0,factor,factor hierarchy,factor hierarchy: 1.6 Что бы Вам могло помочь в реализации своих целей в компании? Оцените от 1 до,Use for Internal Employee / HR/EVP when factor is decision-relevant.
sp_ca33222e9cf3,tally_w7Z6L0,factor,factor hierarchy,factor hierarchy: 1.7. Что для Вас важно в оперативности процессов в компании? Оцените от 1 до 5 (,Use for Internal Employee / HR/EVP when factor is decision-relevant.
sp_3eafea3e7dcc,tally_w7Z6L0,factor,factor hierarchy,factor hierarchy: 1.8. Что для Вас важно в обратной связи от коллег в компании? Оцените от 1 до 5 ,Use for Internal Employee / HR/EVP when factor is decision-relevant.
sp_75e12d61f02c,tally_w7Z6L0,factor,factor hierarchy,factor hierarchy: 1.9. Что для Вас важно в оценке аттестации в компании? Оцените от 1 до 5 (где 1 ,Use for Internal Employee / HR/EVP when factor is decision-relevant.
sp_b1d3de348b65,tally_w7Z6L0,factor,factor hierarchy,factor hierarchy: 1.10. Что для Вас важно в организации процессов в компании? Оцените от 1 до 5 (г,Use for Internal Employee / HR/EVP when factor is decision-relevant.
sp_4acec3294f2c,tally_w7Z6L0,factor,factor hierarchy,"factor hierarchy: Оцените, пожалуйста, по шкале от 1 до 10, насколько вы готовы рекомендовать нашу",Use for Internal Employee / HR/EVP when factor is decision-relevant.
sp_b4fbd766281f,tally_mZEBBV,barrier,barrier map,barrier map: 2. По каким причинам Вы выбрали эту сферу для карьеры?,Use for EVP Employer / HR/EVP when barrier is decision-relevant.
sp_fcf2f64cdcc5,tally_mZEBBV,factor,factor hierarchy,"factor hierarchy: 6. Оцените от 1 до 5, насколько важны для Вас следующие факторы при выбора работ",Use for EVP Employer / HR/EVP when factor is decision-relevant.
sp_fa1c270eafe3,tally_mZEBBV,scenario,JTBD map,JTBD map: 7. Какие компании Вы когда-нибудь рассматривали (рассматриваете сейчас) в качест,Use for EVP Employer / HR/EVP when scenario is decision-relevant.
sp_108005724590,tally_mZEBBV,awareness,brand funnel,brand funnel: 8. Слышали ли Вы о компании «Банк Хлынов»?,Use for EVP Employer / HR/EVP when awareness is decision-relevant.
sp_b0cbb72a0e80,tally_mZEBBV,consideration,brand funnel,brand funnel: 9. Рассматриваете ли Вы «Банк Хлынов» в качестве потенциального работодателя?,Use for EVP Employer / HR/EVP when consideration is decision-relevant.
sp_68ad125e049c,tally_mZEBBV,barrier,barrier map,barrier map: 9.1 Почему не рассматриваете?,Use for EVP Employer / HR/EVP when barrier is decision-relevant.
sp_bd8438381bae,tally_wMr1qY,scenario,JTBD map,"JTBD map: Здравствуйте! Меня зовут [имя интервьюера], я специалист сервисной службы клиник",Use for B2C Choice / food/FMCG when scenario is decision-relevant.
sp_6ff5f8d336d2,tally_wMr1qY,barrier,barrier map,barrier map: 0.1) По какой причине Вы обращались за консультацией гнатолога? (можно выбрать н,Use for B2C Choice / food/FMCG when barrier is decision-relevant.
sp_e58ac479abc4,tally_wMr1qY,barrier,barrier map,barrier map: 3) Что чаще всего служит для Вас причиной посещения стоматологии? (Не перечислят,Use for B2C Choice / food/FMCG when barrier is decision-relevant.
sp_89f3fbdb00b5,tally_wMr1qY,behavior,behavior baseline,"behavior baseline: 4) Выберите, те услуги, которые Вы посещали в течение последнего года? (пропусти",Use for B2C Choice / food/FMCG when behavior is decision-relevant.
sp_e2f9ea86be78,tally_wMr1qY,frequency,behavior baseline,behavior baseline: 5) Как часто посещаете стоматологическую клинику? (Отвечают только по выбранным ,Use for B2C Choice / food/FMCG when frequency is decision-relevant.
sp_f5f5ddf8c8ca,tally_wMr1qY,behavior,behavior baseline,"behavior baseline: 5.1) (! ВОПРОС ДЛЯ ТЕХ, КТО ПОСЕЩАЕТ СТОМАТОЛОГИЮ РЕЖЕ 1 РАЗА В ДВА ГОДА). Почем",Use for B2C Choice / food/FMCG when behavior is decision-relevant.
sp_6921780ae830,tally_wMr1qY,behavior,behavior baseline,behavior baseline: 6) Какие клиники вы посещаете?,Use for B2C Choice / food/FMCG when behavior is decision-relevant.
sp_94800dee6e62,tally_wMr1qY,barrier,barrier map,barrier map: 6.1) По какой причине вы выбираете именно частные/государственные клиники? (не п,Use for B2C Choice / food/FMCG when barrier is decision-relevant.
sp_a453911313df,tally_wMr1qY,barrier,barrier map,"barrier map: 9) Бывало ли у вас такое, что вы не завершили лечение или решили отказаться от у",Use for B2C Choice / food/FMCG when barrier is decision-relevant.
sp_ef3ec8b596df,tally_wMr1qY,factor,factor hierarchy,"factor hierarchy: 10) Оцените от 1 до 5 важность факторов выбора стоматологии, где 1 – это незначи",Use for B2C Choice / food/FMCG when factor is decision-relevant.
sp_ba946ee4e223,tally_wMr1qY,behavior,behavior baseline,"behavior baseline: 11) Выберете условия, при которых вы готовы сменить клинику на новую (не перечис",Use for B2C Choice / food/FMCG when behavior is decision-relevant.
sp_9438ceaea1b9,tally_wMr1qY,scenario,JTBD map,"JTBD map: 12) Какие переживания или страхи возникают у вас, когда Вы обращаетесь в частную",Use for B2C Choice / food/FMCG when scenario is decision-relevant.
sp_69e58f0b3277,tally_wMr1qY,trust,QFD,QFD: 16) Какая стоматология предлагает лучшее качество обслуживания?,Use for B2C Choice / food/FMCG when trust is decision-relevant.
sp_de0a968c7fed,tally_wMr1qY,awareness,brand funnel,brand funnel: 19) Какие стоматологии в Москве Вы знаете?,Use for B2C Choice / food/FMCG when awareness is decision-relevant.
sp_02c0adc5301d,tally_wMr1qY,behavior,behavior baseline,behavior baseline: 20) Какие стоматологии в Москве Вы посещаете?,Use for B2C Choice / food/FMCG when behavior is decision-relevant.
sp_0c6033ada970,tally_wMr1qY,factor,factor hierarchy,"factor hierarchy: 23) Оцените по 10-ти бальной шкале, с какой вероятностью Вы бы порекомендовали с",Use for B2C Choice / food/FMCG when factor is decision-relevant.
sp_b6a0654f1af4,tally_wMr1qY,trust,QFD,"QFD: Что мы можем улучшить, чтобы вы порекомендовали стоматологическую клинику «НИЦ» ",Use for B2C Choice / food/FMCG when trust is decision-relevant.
sp_c60d9c9f20e2,tally_nP9Zrb,scenario,JTBD map,JTBD map: 1. С какой целью вы обычно покупаете товары в спортивном магазине?,Use for Event Conference / event/conference when scenario is decision-relevant.
sp_da52255fca6e,tally_nP9Zrb,channel,channel/trust map,channel/trust map: 5. При каких условиях Вы обычно ходите в спортивный магазин?,Use for Event Conference / event/conference when channel is decision-relevant.
sp_5439f02ab034,tally_nP9Zrb,frequency,behavior baseline,behavior baseline: 6. Как часто вы совершаете покупки спортивной одежды?,Use for Event Conference / event/conference when frequency is decision-relevant.
sp_1f4e564b5b98,tally_nP9Zrb,factor,factor hierarchy,"factor hierarchy: 8. Оцените от 1 до 5 важность факторов выбора места покупки спортивной одежды, г",Use for Event Conference / event/conference when factor is decision-relevant.
sp_7ffcfb552c09,tally_nP9Zrb,channel,channel/trust map,channel/trust map: 9. Подскажите насколько вам важен формат магазина спортивной одежды при его посе,Use for Event Conference / event/conference when channel is decision-relevant.
sp_d60e1f99f9c6,tally_nP9Zrb,channel,channel/trust map,channel/trust map: 10. Какие спортивные магазины вы знаете?,Use for Event Conference / event/conference when channel is decision-relevant.
sp_1f5ccb864851,tally_nP9Zrb,channel,channel/trust map,channel/trust map: 11. Какие спортивные магазины вы посещаете?,Use for Event Conference / event/conference when channel is decision-relevant.
sp_48a9d8aa8aeb,tally_nP9Zrb,channel,channel/trust map,channel/trust map: 12. Какие магазины вы считаете лучшими?,Use for Event Conference / event/conference when channel is decision-relevant.
sp_73d2ac21c226,tally_nP9Zrb,channel,channel/trust map,channel/trust map: 13. В каком магазине наиболее широкий ассортимент спортивных товаров?,Use for Event Conference / event/conference when channel is decision-relevant.
sp_fe2f8430d475,tally_nP9Zrb,channel,channel/trust map,"channel/trust map: 14. Какой спортивный магазин, на ваш взгляд, предлагает наиболее доступные цены?",Use for Event Conference / event/conference when channel is decision-relevant.
sp_54e437377d2a,tally_nP9Zrb,channel,channel/trust map,channel/trust map: 15. Какой спортивный магазин на ваш взгляд оставляет наиболее приятное впечатлен,Use for Event Conference / event/conference when channel is decision-relevant.
sp_c605b3a9a9fe,tally_nP9Zrb,channel,channel/trust map,channel/trust map: 16. В каком спортивном магазине наиболее быстрое обслуживание? (покупка происход,Use for Event Conference / event/conference when channel is decision-relevant.
sp_ab60718d7e69,tally_nP9Zrb,channel,channel/trust map,"channel/trust map: 18. В каком спортивном магазине, на ваш взгляд, чаще всего обновляется ассортиме",Use for Event Conference / event/conference when channel is decision-relevant.
sp_279b667083ef,tally_nP9Zrb,trust,QFD,QFD: 23. По шкале от 1 до 10 насколько вы готовы порекомендовать Amazing Tennis своим,Use for Event Conference / event/conference when trust is decision-relevant.
sp_f28208fba4db,tally_w2vrDL,frequency,behavior baseline,behavior baseline: 6. Как часто вы привлекаете удаленных сотрудников или подрядчиков?,Use for Internal Employee / HR/EVP when frequency is decision-relevant.
sp_7dac2229e427,tally_3xYE7y,factor,factor hierarchy,"factor hierarchy: Оцените, пожалуйста, от 1 до 5 насколько важны для Вас следующие факторы выбора ",Use for EVP Employer / HR/EVP when factor is decision-relevant.
sp_5a3aa4448d5d,tally_3xYE7y,factor,factor hierarchy,"factor hierarchy: Оцените, пожалуйста, от 1 до 5 насколько сильно эти факторы выражены в компании",Use for EVP Employer / HR/EVP when factor is decision-relevant.
sp_e8d2223c924f,tally_3xYE7y,WTP,price ladder,price ladder: Насколько Вы согласны с представленными ниже утверждениями об уровне ответственн,Use for EVP Employer / HR/EVP when WTP is decision-relevant.
sp_5d59f1ed76c3,tally_3xYE7y,WTP,price ladder,price ladder: Насколько Вы согласны с представленными ниже утверждениями о понимании сотрудник,Use for EVP Employer / HR/EVP when WTP is decision-relevant.
sp_9495d091a025,tally_3xYE7y,WTP,price ladder,price ladder: Насколько Вы согласны с представленными ниже утверждениями об уровне координации,Use for EVP Employer / HR/EVP when WTP is decision-relevant.
sp_a13f6aedc90a,tally_3xYE7y,WTP,price ladder,price ladder: Насколько Вы согласны с представленными ниже утверждениями об уровне ориентации ,Use for EVP Employer / HR/EVP when WTP is decision-relevant.
sp_4c78a6e11e9d,tally_3xYE7y,WTP,price ladder,price ladder: Насколько Вы согласны с представленными ниже утверждениями о характере руководст,Use for EVP Employer / HR/EVP when WTP is decision-relevant.
sp_0b73a1b5b5ae,tally_3xYE7y,WTP,price ladder,price ladder: Насколько Вы согласны с представленными ниже утверждениями об отношении к иннова,Use for EVP Employer / HR/EVP when WTP is decision-relevant.
sp_a2e9bffbf5a1,tally_3xYE7y,WTP,price ladder,price ladder: Насколько Вы согласны с представленными ниже утверждениями о корпоративных навык,Use for EVP Employer / HR/EVP when WTP is decision-relevant.
sp_1790482b00b1,tally_3xYE7y,factor,factor hierarchy,factor hierarchy: Оцените степень Вашего согласия с представленными ниже утверждениями о рабочей с,Use for EVP Employer / HR/EVP when factor is decision-relevant.
sp_6a76fc4e018b,tally_3xYE7y,factor,factor hierarchy,factor hierarchy: Оцените степень Вашего согласия с представленными ниже утверждениями о системе м,Use for EVP Employer / HR/EVP when factor is decision-relevant.
sp_458be51af3c9,tally_3xYE7y,scenario,JTBD map,"JTBD map: В компании решения принимаются всегда по всем известным, общепринятым правилам И",Use for EVP Employer / HR/EVP when scenario is decision-relevant.
sp_962848d1df35,tally_3xYE7y,factor,factor hierarchy,"factor hierarchy: Оцените от 1 до 5, какая гипотеза направления позиционирования бренда работодате",Use for EVP Employer / HR/EVP when factor is decision-relevant.
sp_29b5d379e60e,tally_3xYE7y,WTP,price ladder,price ladder: Укажите от 1 до 5 насколько вы согласны с каждым утверждением,Use for EVP Employer / HR/EVP when WTP is decision-relevant.
sp_facee99b205a,tally_3qPrkk,factor,factor hierarchy,"factor hierarchy: Оцените, пожалуйста, насколько важны для Вас следующие факторы при выборе работо",Use for EVP Employer / HR/EVP when factor is decision-relevant.
sp_0c408730eb7f,tally_3qPrkk,consideration,brand funnel,brand funnel: Рассматривали ли Вы компанию Сибагро в качестве работодателя?,Use for EVP Employer / HR/EVP when consideration is decision-relevant.
sp_6fe69638b9f3,tally_3qPrkk,barrier,barrier map,"barrier map: Расскажите, пожалуйста, почему нет",Use for EVP Employer / HR/EVP when barrier is decision-relevant.
sp_704839a11a3d,tally_woRNPx,factor,factor hierarchy,"factor hierarchy: 1. Вы встретились с потенциальным клиентом, который заинтересован в кредитовании",Use for Internal Employee / HR/EVP when factor is decision-relevant.
sp_1c6564da735e,tally_woRNPx,WTP,price ladder,price ladder: 5. Какие из следующих стратегий кросс-продаж были упомянуты в презентации?,Use for Internal Employee / HR/EVP when WTP is decision-relevant.
sp_937e885a654f,tally_woRNPx,factor,factor hierarchy,factor hierarchy: 7. Почему важно проведение обучения для сотрудников клиента в рамках стратегии к,Use for Internal Employee / HR/EVP when factor is decision-relevant.
sp_9c1d04be91f3,tally_wz1Mq8,scenario,JTBD map,"JTBD map: 1. В каких ситуациях вы рассматриваете покупку товаров в займ (рассрочка, долг и",Use for B2C Choice / finance when scenario is decision-relevant.
sp_3e3aec5f4066,tally_wz1Mq8,behavior,behavior baseline,behavior baseline: 2. На какие нужды вы чаще всего оформляете кредит или рассрочку?,Use for B2C Choice / finance when behavior is decision-relevant.
sp_06c6fc884b82,tally_wz1Mq8,frequency,behavior baseline,"behavior baseline: 3. Как часто и какой товар/услуги вы берете в займ (рассрочка, долг и др.) ?",Use for B2C Choice / finance when frequency is decision-relevant.
sp_165d868dec70,tally_wz1Mq8,factor,factor hierarchy,"factor hierarchy: 5. Оцените от 1 до 5 важность перечисленных факторов, где 1 - не важно, а 5 - оч",Use for B2C Choice / finance when factor is decision-relevant.
sp_316db3dc6ece,tally_wz1Mq8,WTP,price ladder,price ladder: 7. На какую сумму вы брали или чаще всего берете займ/кредит?,Use for B2C Choice / finance when WTP is decision-relevant.
sp_2ca02b6321f0,tally_wz1Mq8,frequency,behavior baseline,behavior baseline: 8. Как часто вы берете  займ/кредит?,Use for B2C Choice / finance when frequency is decision-relevant.
sp_b706281b574a,tally_wz1Mq8,behavior,behavior baseline,behavior baseline: 8А. Как много кредитов/займов вы оформляли одновременно?,Use for B2C Choice / finance when behavior is decision-relevant.
sp_949b8dba7bc4,tally_wz1Mq8,scenario,JTBD map,"JTBD map: 9. Возникали ли ситуации, когда по какой-то причине вы не могли сделать выплату ",Use for B2C Choice / finance when scenario is decision-relevant.
sp_4a9f261740f9,tally_wz1Mq8,channel,channel/trust map,"channel/trust map: 10. Какие финансовые организации или магазины, предоставляющие рассрочку, вы зна",Use for B2C Choice / finance when channel is decision-relevant.
sp_ba9a90f91481,tally_wz1Mq8,scenario,JTBD map,JTBD map: 11. Где вы когда-либо оформляли рассрочку или кредит?,Use for B2C Choice / finance when scenario is decision-relevant.
sp_10eb331ad674,tally_wz1Mq8,channel,channel/trust map,"channel/trust map: 12. Какие организации или магазины с рассрочкой вы рассматривали, но в итоге не ",Use for B2C Choice / finance when channel is decision-relevant.
sp_6267415d3950,tally_wz1Mq8,channel,channel/trust map,channel/trust map: 13. Какая компания (финансовая организация или магазин с рассрочкой) кажется вам,Use for B2C Choice / finance when channel is decision-relevant.
sp_b178811ab292,tally_wz1Mq8,channel,channel/trust map,channel/trust map: 14. Какая финансовая организация или магазин с рассрочкой предлагает самые выгод,Use for B2C Choice / finance when channel is decision-relevant.
sp_7123684d9c98,tally_wz1Mq8,channel,channel/trust map,channel/trust map: 15. Где представлен самый широкий выбор условий рассрочки? (разные модели выплат,Use for B2C Choice / finance when channel is decision-relevant.
sp_c7da7281c9f3,tally_wz1Mq8,channel,channel/trust map,channel/trust map: 16. Какая финансовая организация или магазин предлагает самые инновационные и уд,Use for B2C Choice / finance when channel is decision-relevant.
sp_f67b51e5359b,tally_wz1Mq8,channel,channel/trust map,channel/trust map: 17. Где самый простой процесс оформления рассрочки (минимум документов и лишних ,Use for B2C Choice / finance when channel is decision-relevant.
sp_d5dd14de7461,tally_wz1Mq8,channel,channel/trust map,"channel/trust map: 19. Где предоставляется лучший сервис сопровождения займа (удобные платежи, подд",Use for B2C Choice / finance when channel is decision-relevant.
sp_7a2918b4f462,tally_wz1Mq8,channel,channel/trust map,"channel/trust map: 21. Подскажите, пожалуйста, через какие источники Вы узнаете об товарах/услугах",Use for B2C Choice / finance when channel is decision-relevant.
sp_f5c6a59c29ad,tally_wz1Mq8,trust,QFD,QFD: 27. Порекомендуете ли вы продукции ТЕХНОШОК своим знакомым? Поставьте оценку от ,Use for B2C Choice / finance when trust is decision-relevant.
sp_f4c863996cac,tally_wz1Mq8,consideration,brand funnel,brand funnel: 2. Почему вы не рассматриваете рассрочку или кредит при покупках?,Use for B2C Choice / finance when consideration is decision-relevant.
sp_0ad5441a8764,tally_wz1Mq8,scenario,JTBD map,JTBD map: 3. В каких ситуациях вы могли бы всё же рассмотреть вариант покупки в рассрочку?,Use for B2C Choice / finance when scenario is decision-relevant.
sp_efc11a952baa,tally_wQevPY,barrier,barrier map,barrier map: 1.1 Что чаще всего служит для вас причиной посещения клиники? (Ответы не перечис,Use for B2C Choice / healthcare when barrier is decision-relevant.
sp_3739085a5088,tally_wQevPY,frequency,behavior baseline,behavior baseline: 1.2 Как часто вы посещаете частные клиники?,Use for B2C Choice / healthcare when frequency is decision-relevant.
sp_97e85233af76,tally_wQevPY,behavior,behavior baseline,behavior baseline: 2.1 Какой тип частных клиник вы чаще всего посещаете? (Отвечают только по выбран,Use for B2C Choice / healthcare when behavior is decision-relevant.
sp_41658be39e01,tally_wQevPY,behavior,behavior baseline,behavior baseline: 2.2 Каких врачей в частных клиниках вы посещали в течение последнего года? (Отве,Use for B2C Choice / healthcare when behavior is decision-relevant.
sp_595ca15b2de7,tally_wQevPY,factor,factor hierarchy,"factor hierarchy: 2.3 Оцените от 1 до 5 важность для вас факторов выбора клиники, где 1 – это совс",Use for B2C Choice / healthcare when factor is decision-relevant.
sp_7757b15b0b16,tally_wQevPY,awareness,brand funnel,brand funnel: 2.4 Какие клиники вы знаете? (Перечислить через запятую),Use for B2C Choice / healthcare when awareness is decision-relevant.
sp_de104a54a0f2,tally_wQevPY,behavior,behavior baseline,behavior baseline: 2.5 Какие клиники вы посещаете? (Перечислить через запятую),Use for B2C Choice / healthcare when behavior is decision-relevant.
sp_584a2b268afe,tally_wQevPY,behavior,behavior baseline,behavior baseline: 2.7 Каким образом вы чаще всего приходите к пониманию необходимостипосетить врач,Use for B2C Choice / healthcare when behavior is decision-relevant.
sp_9ced3afb31d5,tally_wQevPY,scenario,JTBD map,"JTBD map: 2.8 Какие переживания или страхи возникают у вас, когда вы обращаетесь в частную",Use for B2C Choice / healthcare when scenario is decision-relevant.
sp_e52c1daf2fdb,tally_wQevPY,behavior,behavior baseline,"behavior baseline: 2.10 Посещаете ли вы еще какие-то медицинские центры, кроме клиники Доктора Макс",Use for B2C Choice / healthcare when behavior is decision-relevant.
sp_86d1601d28d3,tally_wQevPY,behavior,behavior baseline,"behavior baseline: 2.11 Посещаете ли вы еще какие-то медицинские центры, кроме клиники Доктора Макс",Use for B2C Choice / healthcare when behavior is decision-relevant.
sp_eb941bc13078,tally_wQevPY,scenario,JTBD map,JTBD map: 2.12 В каких ситуациях вы бы обратились в другую клинику?,Use for B2C Choice / healthcare when scenario is decision-relevant.
sp_6d1f64a802c1,tally_wQevPY,scenario,JTBD map,"JTBD map: 2.13 В каких ситуациях, связанных с офтальмологией вы бы обратились в другую кли",Use for B2C Choice / healthcare when scenario is decision-relevant.
sp_f125d66282cf,tally_wQevPY,frequency,behavior baseline,behavior baseline: 3.1 Как часто вы обращаетесь к офтальмологу?,Use for B2C Choice / healthcare when frequency is decision-relevant.
sp_9886198efe87,tally_wQevPY,scenario,JTBD map,"JTBD map: 3.2 При каких сценариях вы понимаете, что необходимо идти к врачу?",Use for B2C Choice / healthcare when scenario is decision-relevant.
sp_0241b197606a,tally_wQevPY,behavior,behavior baseline,"behavior baseline: 3.5 Приходите ли вы на прием ко врачу после того, как пройдете курс лечения?",Use for B2C Choice / healthcare when behavior is decision-relevant.
sp_a567e462e60f,tally_wQevPY,factor,factor hierarchy,"factor hierarchy: 5.4 Оцените по 10-бальной шкале, с какой вероятностью вы бы порекомендовали клин",Use for B2C Choice / healthcare when factor is decision-relevant.
sp_51e3e81358e4,tally_woK8BO,frequency,behavior baseline,behavior baseline: 10) Как часто вы покупаете блокноты планеры?,Use for Internal Employee / HR/EVP when frequency is decision-relevant.
sp_19c77f57f0b2,tally_woK8BO,frequency,behavior baseline,behavior baseline: 12) Какая частота планирования вам наиболее подходит для блокнота/планера?,Use for Internal Employee / HR/EVP when frequency is decision-relevant.
sp_31271342c145,tally_woK8BO,scenario,JTBD map,"JTBD map: 18) Для каких целей вы, как правило, покупаете блокноты?",Use for Internal Employee / HR/EVP when scenario is decision-relevant.
sp_870e76bc3b14,tally_woK8BO,behavior,behavior baseline,"behavior baseline: 19) Выберете варианты, которыми вы бы охарактеризовали свой способ применения бл",Use for Internal Employee / HR/EVP when behavior is decision-relevant.
sp_05b0b8743d6f,tally_woK8BO,WTP,price ladder,price ladder: Цена блокнота,Use for Internal Employee / HR/EVP when WTP is decision-relevant.
sp_8a88582a6baa,tally_woK8BO,channel,channel/trust map,channel/trust map: Доступность товара в большинстве магазинов,Use for Internal Employee / HR/EVP when channel is decision-relevant.
sp_600cb73c7694,tally_woK8BO,trust,QFD,"QFD: Наличие блокнотов под разные сроки (неделя, месяц, квартал, год)",Use for Internal Employee / HR/EVP when trust is decision-relevant.
sp_ac30b377d82f,tally_woK8BO,trust,QFD,QFD: Качество бумаги,Use for Internal Employee / HR/EVP when trust is decision-relevant.
sp_de424695493c,tally_woK8BO,channel,channel/trust map,"channel/trust map: Наличие коммьюнити, где можно обсудить практики ведения блокнотов",Use for Internal Employee / HR/EVP when channel is decision-relevant.
sp_03d0ee38d9b7,tally_woK8BO,channel,channel/trust map,channel/trust map: 22) Где вы чаще всего покупаете блокноты? (выберите все подходящие),Use for Internal Employee / HR/EVP when channel is decision-relevant.
sp_1931c359d4f1,tally_woK8BO,awareness,brand funnel,brand funnel: 23)  Какие бренды блокнотов вы знаете?,Use for Internal Employee / HR/EVP when awareness is decision-relevant.
sp_e5129489b524,tally_woK8BO,awareness,brand funnel,brand funnel: 24) Какие бренды блокнотов Вы покупаете?,Use for Internal Employee / HR/EVP when awareness is decision-relevant.
sp_41c2bc116a84,tally_woK8BO,awareness,brand funnel,brand funnel: 25) Какие бренды блокнотов Вы считаете лучшими?,Use for Internal Employee / HR/EVP when awareness is decision-relevant.
sp_b263316d88f2,tally_woK8BO,barrier,barrier map,barrier map: 26) Какие виды блокнотов Вы перестали покупать?,Use for Internal Employee / HR/EVP when barrier is decision-relevant.
sp_ebe6d8683e6a,tally_woK8BO,factor,factor hierarchy,factor hierarchy: 28) Насколько важна возможность посмотреть и потрогать блокнот перед покупкой?,Use for Internal Employee / HR/EVP when factor is decision-relevant.
sp_2c89464efcc9,tally_woK8BO,channel,channel/trust map,channel/trust map: 30) Каким способом вы узнаете о новинках в области блокнотов? (выберите подходящ,Use for Internal Employee / HR/EVP when channel is decision-relevant.
sp_e83bffb87c32,tally_woK8BO,awareness,brand funnel,"brand funnel: 32) Какие бренды блокнотов, на ваш взгляд, имеют нестандартный и интересный ассо",Use for Internal Employee / HR/EVP when awareness is decision-relevant.
sp_111e07d60da5,tally_woK8BO,channel,channel/trust map,"channel/trust map: 33) Какие бренды блокнотов, на ваш взгляд, можно найти в любой торговой сети/мар",Use for Internal Employee / HR/EVP when channel is decision-relevant.
sp_b9a5cc80c018,tally_woK8BO,awareness,brand funnel,"brand funnel: 34) Какие бренды блокнотов, на ваш взгляд, имеют самую широкую линейку ассортиме",Use for Internal Employee / HR/EVP when awareness is decision-relevant.
sp_61ab8d34f344,tally_woK8BO,awareness,brand funnel,brand funnel: 36) Какие бренды на ваш взгляд являются самыми доступными по цене?,Use for Internal Employee / HR/EVP when awareness is decision-relevant.
sp_9f8c8ab0503c,tally_woK8BO,awareness,brand funnel,brand funnel: 37)  Какие бренды на ваш взгляд имеют новые уникальные методики планирования и н,Use for Internal Employee / HR/EVP when awareness is decision-relevant.
sp_f2083e77cc86,tally_woK8BO,awareness,brand funnel,brand funnel: 39) Какие бренды на ваш взгляд имеют самую удобную и понятную систему сопровожде,Use for Internal Employee / HR/EVP when awareness is decision-relevant.
sp_de4f882e7377,tally_woK8BO,awareness,brand funnel,"brand funnel: 40) Какие бренды, на ваш взгляд, предлагают интересные примеры ведения и оформле",Use for Internal Employee / HR/EVP when awareness is decision-relevant.
sp_b57530047496,tally_wQz4O8,WTP,price ladder,price ladder: 4. Сколько Вам лет:,Use for B2C Choice / auto/mobility when WTP is decision-relevant.
sp_caca6f137412,tally_wQz4O8,factor,factor hierarchy,factor hierarchy: 8. Оцените важность следующих факторов выбора краски от 1 (совсем не важно) до 5,Use for B2C Choice / auto/mobility when factor is decision-relevant.
sp_1b714746cc47,tally_wQz4O8,channel,channel/trust map,channel/trust map: 11. Где вы узнаете информацию о производителях краски?,Use for B2C Choice / auto/mobility when channel is decision-relevant.
sp_bbed4a54b89d,tally_wQz4O8,awareness,brand funnel,brand funnel: 12. Какие бренды краски Вы знаете?,Use for B2C Choice / auto/mobility when awareness is decision-relevant.
sp_3ee640fb6684,tally_wQz4O8,WTP,price ladder,price ladder: 14. Какие бренды краски вы считаете самым доступными (цена)?,Use for B2C Choice / auto/mobility when WTP is decision-relevant.
sp_a7f7c7cef8af,tally_wQz4O8,awareness,brand funnel,"brand funnel: 16. Какие бренды продают краски, которые обладают уникальными свойствами (цвета ",Use for B2C Choice / auto/mobility when awareness is decision-relevant.
sp_e8afe6280d29,tally_wQz4O8,awareness,brand funnel,brand funnel: 18. Какие бренды краски чаще всего выпускают новинки?,Use for B2C Choice / auto/mobility when awareness is decision-relevant.
sp_9c23adaf6ff3,tally_wQz4O8,channel,channel/trust map,channel/trust map: 19. Какие бренды краски легче всего найти в магазине?,Use for B2C Choice / auto/mobility when channel is decision-relevant.
sp_0702cd36fcad,tally_wbkYL0,factor,factor hierarchy,"factor hierarchy: 7. Оцените от 1 до 5 важность факторов выбора торгового робота, где 1 – это незн",Use for B2C Choice / finance when factor is decision-relevant.
sp_bdc6d3b155aa,tally_wbkYL0,channel,channel/trust map,channel/trust map: 8. Через какие каналы коммуникации вы узнаете информацию о торговых роботах/ИИ п,Use for B2C Choice / finance when channel is decision-relevant.
sp_254b6019ad00,tally_wbkYL0,awareness,brand funnel,brand funnel: 9. Какие бренды торговых роботов/помощников вы знаете?,Use for B2C Choice / finance when awareness is decision-relevant.
sp_0e03563db83e,tally_wbkYL0,awareness,brand funnel,brand funnel: 10. Какие бренды торговых роботов/помощников вы покупаете?,Use for B2C Choice / finance when awareness is decision-relevant.
sp_cd524a586068,tally_wbkYL0,awareness,brand funnel,brand funnel: 11. Какие бренды торговых роботов вы считаете лучшими?,Use for B2C Choice / finance when awareness is decision-relevant.
sp_b06caf7db9d1,tally_wbkYL0,WTP,price ladder,"price ladder: 12. Какие компании по продаже  торговых роботов/помощников, на ваш взгляд, прода",Use for B2C Choice / finance when WTP is decision-relevant.
sp_9beada26198d,tally_wbkYL0,factor,factor hierarchy,factor hierarchy: 18. Какие точки контакта наиболее важны для вас?,Use for B2C Choice / finance when factor is decision-relevant.
sp_d0112a836091,tally_wbkYL0,factor,factor hierarchy,factor hierarchy: 19. Что вы хотели бы скорректировать в важных точках контакта?,Use for B2C Choice / finance when factor is decision-relevant.
sp_e8923d2453b0,tally_OD1lpY,frequency,behavior baseline,behavior baseline: Как часто вы покупаете спортивную одежду?,Use for B2C Choice / home/electronics when frequency is decision-relevant.
sp_ae49beb3adae,tally_OD1lpY,barrier,barrier map,barrier map: Основная причина покупки спортивной одежды:,Use for B2C Choice / home/electronics when barrier is decision-relevant.
sp_1923ab2229de,tally_OD1lpY,channel,channel/trust map,channel/trust map: Какой канал покупки вы предпочитаете?,Use for B2C Choice / home/electronics when channel is decision-relevant.
sp_2503b9ed722a,tally_OD1lpY,channel,channel/trust map,channel/trust map: На каких маркетплейсах вы чаще покупаете спортивную одежду?,Use for B2C Choice / home/electronics when channel is decision-relevant.
sp_6457f9d8a0ad,tally_OD1lpY,factor,factor hierarchy,factor hierarchy: Оцените важность следующих факторов при выбор спортивной одежды (1 — совсем не в,Use for B2C Choice / home/electronics when factor is decision-relevant.
sp_57817b0a0d60,tally_OD1lpY,channel,channel/trust map,channel/trust map: Оффлайн магазин:,Use for B2C Choice / home/electronics when channel is decision-relevant.
sp_d5ac6c1f5fd4,tally_OD1lpY,channel,channel/trust map,channel/trust map: Сайт магазина:,Use for B2C Choice / home/electronics when channel is decision-relevant.
sp_181461219103,tally_OD1lpY,channel,channel/trust map,channel/trust map: Маркетплейс,Use for B2C Choice / home/electronics when channel is decision-relevant.
sp_1862d26a09e2,tally_OD1lpY,channel,channel/trust map,channel/trust map: 13. Какие магазины спортивной одежды вы знаете? (мультивыбор),Use for B2C Choice / home/electronics when channel is decision-relevant.
sp_a2df38810d6d,tally_OD1lpY,channel,channel/trust map,channel/trust map: В какие магазины ходите?,Use for B2C Choice / home/electronics when channel is decision-relevant.
sp_d9fbffc3b6b2,tally_OD1lpY,channel,channel/trust map,"channel/trust map: Самый дешевый магазин спортивной одежды, который вы знаете?",Use for B2C Choice / home/electronics when channel is decision-relevant.
sp_fe6377bee0af,tally_OD1lpY,channel,channel/trust map,"channel/trust map: Где, по-вашему, самый большой ассортимент спортивной одежды?",Use for B2C Choice / home/electronics when channel is decision-relevant.
sp_002547dcf8b4,tally_OD1lpY,channel,channel/trust map,"channel/trust map: Где самая современная, трендовая спортивная одежда?",Use for B2C Choice / home/electronics when channel is decision-relevant.
sp_3bf41672f243,tally_OD1lpY,channel,channel/trust map,channel/trust map: У какого магазина одежды самая быстрая доставка?,Use for B2C Choice / home/electronics when channel is decision-relevant.
sp_a2011acff856,tally_OD1lpY,channel,channel/trust map,channel/trust map: Где самая удобная система лояльности?,Use for B2C Choice / home/electronics when channel is decision-relevant.
sp_c81c99b466af,tally_OD1lpY,channel,channel/trust map,channel/trust map: В каком магазине одежды есть уникальные виды спортивной одежды или нестандартные,Use for B2C Choice / home/electronics when channel is decision-relevant.
sp_a0626b8d6892,tally_meEbOE,barrier,barrier map,barrier map: 1. Какова Ваша основная причина посещения сайтов и магазинов бытовой техники?,Use for B2C Choice / home/electronics when barrier is decision-relevant.
sp_54950d0416b3,tally_meEbOE,channel,channel/trust map,channel/trust map: 2. При каких условиях Вы покупаете товар в магазине бытовой техники?,Use for B2C Choice / home/electronics when channel is decision-relevant.
sp_8461f91a3097,tally_meEbOE,channel,channel/trust map,channel/trust map: Выберите в каком магазине Вы покупаете следующие товары:,Use for B2C Choice / home/electronics when channel is decision-relevant.
sp_5a70cd42b0d0,tally_meEbOE,channel,channel/trust map,"channel/trust map: Выберите, в каком магазине Вы покупаете следующие товары:",Use for B2C Choice / home/electronics when channel is decision-relevant.
sp_4e645bc50777,tally_meEbOE,channel,channel/trust map,channel/trust map: Укажите где,Use for B2C Choice / home/electronics when channel is decision-relevant.
sp_16529e758de5,tally_meEbOE,frequency,behavior baseline,behavior baseline: 4. Как часто вы посещаете магазины бытовой техники для приобретения следующих то,Use for B2C Choice / home/electronics when frequency is decision-relevant.
sp_6dc90fdd8807,tally_meEbOE,factor,factor hierarchy,"factor hierarchy: 6. Оцените от 1 до 5 важность факторов выбора магазинов бытовой техники, где 1 -",Use for B2C Choice / home/electronics when factor is decision-relevant.
sp_64e1d0f4c099,tally_meEbOE,factor,factor hierarchy,factor hierarchy: 7. Оцените Ваш уровень осведомленности от 1 до 4,Use for B2C Choice / home/electronics when factor is decision-relevant.
sp_abc249cd3c14,tally_meEbOE,channel,channel/trust map,"channel/trust map: 8. В каком магазине, на Ваш взгляд, более широкий ассортимент ?",Use for B2C Choice / home/electronics when channel is decision-relevant.
sp_0d5721f6f8b7,tally_meEbOE,channel,channel/trust map,channel/trust map: 9. Какой магазин ближе всего к Вашему дому ?,Use for B2C Choice / home/electronics when channel is decision-relevant.
sp_29474d746704,tally_meEbOE,channel,channel/trust map,channel/trust map: 11. В каком магазине Вы видели самые необычные товары (уникальные бренды/ уникал,Use for B2C Choice / home/electronics when channel is decision-relevant.
sp_333c7f5f6181,tally_meEbOE,channel,channel/trust map,channel/trust map: 12. Где на ваш взгляд предлагают самые доступные цены на бытовую технику?,Use for B2C Choice / home/electronics when channel is decision-relevant.
sp_e217fc1bb8fe,tally_meEbOE,channel,channel/trust map,"channel/trust map: 13. Какой магазин, на Ваш взгляд, оставляет наиболее приятные впечатления после ",Use for B2C Choice / home/electronics when channel is decision-relevant.
sp_e81b4020fbc9,tally_meEbOE,channel,channel/trust map,"channel/trust map: 14. В каком магазине, на Ваш взгляд, чаще всего обновляется ассортимент?",Use for B2C Choice / home/electronics when channel is decision-relevant.
sp_eb99779884c3,tally_meEbOE,trust,QFD,QFD: насколько вероятно что вы порекомендуете,Use for B2C Choice / home/electronics when trust is decision-relevant.
sp_cbe472aca126,tally_meEbOE,WTP,price ladder,"price ladder: Подскажите, чего не хватает компании ""Ценалом"" ?",Use for B2C Choice / home/electronics when WTP is decision-relevant.
sp_82b4f5ecf9e7,tally_meEbOE,channel,channel/trust map,"channel/trust map: 16. Через какие источники Вы узнаете о новинках, скидках и акциях ?",Use for B2C Choice / home/electronics when channel is decision-relevant.
sp_2cb4e692b9ca,tally_wa5jO2,barrier,barrier map,barrier map: 1.1 Что чаще всего служит для вас причиной посещения клиники? (Ответы не перечис,Use for B2C Choice / healthcare when barrier is decision-relevant.
sp_bd776c5e0789,tally_wa5jO2,frequency,behavior baseline,behavior baseline: 1.2 Как часто вы посещаете частные клиники?,Use for B2C Choice / healthcare when frequency is decision-relevant.
sp_e33205f27770,tally_wa5jO2,behavior,behavior baseline,behavior baseline: 2.1 Какой тип частных клиник вы чаще всего посещаете? (Отвечают только по выбран,Use for B2C Choice / healthcare when behavior is decision-relevant.
sp_3257181647d8,tally_wa5jO2,behavior,behavior baseline,behavior baseline: 2.2 Каких врачей в частных клиниках вы посещали в течение последнего года? (Отве,Use for B2C Choice / healthcare when behavior is decision-relevant.
sp_fc1abc000aba,tally_wa5jO2,factor,factor hierarchy,"factor hierarchy: 2.3 Оцените от 1 до 5 важность для вас факторов выбора клиники, где 1 – это совс",Use for B2C Choice / healthcare when factor is decision-relevant.
sp_9c649cb2fe38,tally_wa5jO2,awareness,brand funnel,brand funnel: 2.4 Какие клиники вы знаете? (Перечислить через запятую),Use for B2C Choice / healthcare when awareness is decision-relevant.
sp_51f60f2c4f6f,tally_wa5jO2,behavior,behavior baseline,behavior baseline: 2.5 Какие клиники вы посещаете? (Перечислить через запятую),Use for B2C Choice / healthcare when behavior is decision-relevant.
sp_e6399bc15f49,tally_wa5jO2,behavior,behavior baseline,behavior baseline: 2.7 Каким образом вы чаще всего приходите к пониманию необходимостипосетить врач,Use for B2C Choice / healthcare when behavior is decision-relevant.
sp_d59115abc290,tally_wa5jO2,scenario,JTBD map,"JTBD map: 2.8 Какие переживания или страхи возникают у вас, когда вы обращаетесь в частную",Use for B2C Choice / healthcare when scenario is decision-relevant.
sp_5120875f3cc1,tally_wa5jO2,behavior,behavior baseline,"behavior baseline: 2.10 Посещаете ли вы еще какие-то медицинские центры, кроме клиники Доктора Макс",Use for B2C Choice / healthcare when behavior is decision-relevant.
sp_0dec609640e7,tally_wa5jO2,behavior,behavior baseline,"behavior baseline: 2.11 Посещаете ли вы еще какие-то медицинские центры, кроме клиники Доктора Макс",Use for B2C Choice / healthcare when behavior is decision-relevant.
sp_040e837bf792,tally_wa5jO2,scenario,JTBD map,JTBD map: 2.12 В каких ситуациях вы бы обратились в другую клинику?,Use for B2C Choice / healthcare when scenario is decision-relevant.
sp_0abda10c84e4,tally_wa5jO2,scenario,JTBD map,"JTBD map: 2.13 В каких ситуациях, связанных с офтальмологией вы бы обратились в другую кли",Use for B2C Choice / healthcare when scenario is decision-relevant.
sp_846e33017319,tally_wa5jO2,frequency,behavior baseline,behavior baseline: 3.1 Как часто вы обращаетесь к офтальмологу?,Use for B2C Choice / healthcare when frequency is decision-relevant.
sp_e3d6e417595d,tally_wa5jO2,scenario,JTBD map,"JTBD map: 3.2 При каких сценариях вы понимаете, что необходимо идти к врачу?",Use for B2C Choice / healthcare when scenario is decision-relevant.
sp_3ec71c65fe89,tally_wa5jO2,behavior,behavior baseline,"behavior baseline: 3.5 Приходите ли вы на прием ко врачу после того, как пройдете курс лечения?",Use for B2C Choice / healthcare when behavior is decision-relevant.
sp_2317005b0706,tally_wa5jO2,factor,factor hierarchy,"factor hierarchy: 5.4 Оцените по 10-бальной шкале, с какой вероятностью вы бы порекомендовали клин",Use for B2C Choice / healthcare when factor is decision-relevant.
sp_7e54f28bfdb4,tally_mO02bp,factor,factor hierarchy,"factor hierarchy: Оцените, пожалуйста, насколько важны для Вас следующие факторы при выборе работо",Use for EVP Employer / HR/EVP when factor is decision-relevant.
sp_b910398e1bee,tally_mO02bp,consideration,brand funnel,brand funnel: Рассматривали ли Вы компанию Сибагро в качестве работодателя?,Use for EVP Employer / HR/EVP when consideration is decision-relevant.
sp_4904b426c23f,tally_mO02bp,barrier,barrier map,"barrier map: Расскажите, пожалуйста, почему нет",Use for EVP Employer / HR/EVP when barrier is decision-relevant.
sp_4c9ed75bf7c7,tally_Gx6XJo,scenario,JTBD map,"JTBD map: С какой целью вы ищите/искали информацию (курсы, занятия и тд) об улучшении здор",Use for B2C Choice / healthcare when scenario is decision-relevant.
sp_b7b1cc141306,tally_Gx6XJo,channel,channel/trust map,channel/trust map: Где вы обычно узнаёте о способах улучшить здоровье / питание?,Use for B2C Choice / healthcare when channel is decision-relevant.
sp_a639992e8a74,tally_Gx6XJo,factor,factor hierarchy,factor hierarchy: Какие критерии для вас важны при выборе программы по здоровью / питанию? (где 1 ,Use for B2C Choice / healthcare when factor is decision-relevant.
sp_f9da8cc82d64,tally_Gx6XJo,consideration,brand funnel,brand funnel: Какие типы экспертов вы бы рассматривали при выборе программы?,Use for B2C Choice / healthcare when consideration is decision-relevant.
sp_0b304db3897c,tally_Gx6XJo,trust,QFD,QFD: Какое описание программы вызывает у вас наибольшее доверие?,Use for B2C Choice / healthcare when trust is decision-relevant.
sp_7dbb29e7f1ee,tally_Gx6XJo,WTP,price ladder,price ladder: Насколько вам актуальны программы по здоровью / питанию для детей?,Use for B2C Choice / healthcare when WTP is decision-relevant.
sp_948117410302,tally_Gx6XJo,behavior,behavior baseline,behavior baseline: Что для вас является ключевым моментом решения «покупать / не покупать»?,Use for B2C Choice / healthcare when behavior is decision-relevant.
sp_50e02554785f,tally_Gx6XJo,factor,factor hierarchy,factor hierarchy: Что вам важно увидеть на сайте перед покупкой?,Use for B2C Choice / healthcare when factor is decision-relevant.
sp_2dd698288cb6,tally_Gx6XJo,factor,factor hierarchy,"factor hierarchy: Насколько важно, чтобы программа легко вписывалась в ваш график?",Use for B2C Choice / healthcare when factor is decision-relevant.
sp_31682cbdc6fb,tally_Gx6XJo,WTP,price ladder,"price ladder: Что должно быть в сообществе, чтобы вы были готовы платить за него ежемесячно?",Use for B2C Choice / healthcare when WTP is decision-relevant.
sp_564e9d707378,tally_Gx6XJo,barrier,barrier map,barrier map: Что чаще всего заставляет отказаться от продолжения участия?,Use for B2C Choice / healthcare when barrier is decision-relevant.
sp_b023f2f79b64,tally_np0yq1,barrier,barrier map,barrier map: 5. Что чаще всего становится причиной вашего визита с ребенком в стоматологическ,Use for B2C Choice / healthcare when barrier is decision-relevant.
sp_d00c0ed9611c,tally_np0yq1,behavior,behavior baseline,behavior baseline: 6. Какие из следующих услуг вы посещали с ребенком в течение последнего года?,Use for B2C Choice / healthcare when behavior is decision-relevant.
sp_023e25f2eeca,tally_np0yq1,frequency,behavior baseline,behavior baseline: 7. Как часто вы водите ребенка к стоматологу?,Use for B2C Choice / healthcare when frequency is decision-relevant.
sp_341985ed534e,tally_np0yq1,behavior,behavior baseline,behavior baseline: Почему вы так редко посещаете стоматолога с ребенком?,Use for B2C Choice / healthcare when behavior is decision-relevant.
sp_664ee34edd8c,tally_np0yq1,factor,factor hierarchy,"factor hierarchy: 8. Оцените от 1 до 5 важность факторов выбора детской стоматологии, где 1 — это ",Use for B2C Choice / healthcare when factor is decision-relevant.
sp_4c323e447af1,tally_np0yq1,behavior,behavior baseline,behavior baseline: 11. Какие стоматологические клиники вы посещаете с ребенком?,Use for B2C Choice / healthcare when behavior is decision-relevant.
sp_0586414b2e79,tally_np0yq1,behavior,behavior baseline,behavior baseline: Почему вы выбираете именно частные клиники для вашего ребенка?,Use for B2C Choice / healthcare when behavior is decision-relevant.
sp_5a99d197bf77,tally_np0yq1,behavior,behavior baseline,behavior baseline: Почему вы выбираете именно государственные клиники для вашего ребенка?,Use for B2C Choice / healthcare when behavior is decision-relevant.
sp_f1a95dedff7c,tally_np0yq1,barrier,barrier map,"barrier map: 13. Бывало ли у вас такое, что вы не завершили лечение или отказались от услуг к",Use for B2C Choice / healthcare when barrier is decision-relevant.
sp_e43c1cb2c1b0,tally_np0yq1,barrier,barrier map,barrier map: С чем был связан ваш отказ от дальнейшего лечения в клинике для вашего ребенка?,Use for B2C Choice / healthcare when barrier is decision-relevant.
sp_42efd46f21e5,tally_np0yq1,awareness,brand funnel,brand funnel: 14. Какие детские стоматологии вы знаете?,Use for B2C Choice / healthcare when awareness is decision-relevant.
sp_5fb6c32df14b,tally_np0yq1,behavior,behavior baseline,behavior baseline: 15. Какие детские стоматологии вы посещали со своим ребенком?,Use for B2C Choice / healthcare when behavior is decision-relevant.
sp_a6d2be247414,tally_np0yq1,trust,QFD,QFD: 20. Какая детская стоматология предлагает лучшее качество обслуживания?,Use for B2C Choice / healthcare when trust is decision-relevant.
sp_336e3628eb8f,tally_np0yq1,factor,factor hierarchy,"factor hierarchy: 24. Какие особенности, на ваш взгляд, важны для создания комфортных условий в но",Use for B2C Choice / healthcare when factor is decision-relevant.
sp_2bf3ad0e4ecb,tally_mJWlq4,scenario,JTBD map,"JTBD map: 1. В каких ситуациях вы рассматриваете покупку товаров в займ (рассрочка, долг и",Use for B2C Choice / finance when scenario is decision-relevant.
sp_874034cbdb0f,tally_mJWlq4,behavior,behavior baseline,behavior baseline: 2. На какие нужды вы чаще всего оформляете кредит или рассрочку?,Use for B2C Choice / finance when behavior is decision-relevant.
sp_fb29e9d5cd4c,tally_mJWlq4,frequency,behavior baseline,"behavior baseline: 3. Как часто и какой товар/услуги вы берете в займ (рассрочка, долг и др.) ?",Use for B2C Choice / finance when frequency is decision-relevant.
sp_cf2704e6fbd5,tally_mJWlq4,factor,factor hierarchy,"factor hierarchy: 5. Оцените от 1 до 5 важность перечисленных факторов, где 1 - не важно, а 5 - оч",Use for B2C Choice / finance when factor is decision-relevant.
sp_496af7daafa5,tally_mJWlq4,WTP,price ladder,price ladder: 7. На какую сумму вы брали или чаще всего берете займ/кредит?,Use for B2C Choice / finance when WTP is decision-relevant.
sp_54c78faa749d,tally_mJWlq4,frequency,behavior baseline,behavior baseline: 8. Как часто вы берете  займ/кредит?,Use for B2C Choice / finance when frequency is decision-relevant.
sp_209d84245442,tally_mJWlq4,behavior,behavior baseline,behavior baseline: 8А. Как много кредитов/займов вы оформляли одновременно?,Use for B2C Choice / finance when behavior is decision-relevant.
sp_00fa467bbafb,tally_mJWlq4,scenario,JTBD map,"JTBD map: 9. Возникали ли ситуации, когда по какой-то причине вы не могли сделать выплату ",Use for B2C Choice / finance when scenario is decision-relevant.
sp_cb3c6b65d9fa,tally_mJWlq4,channel,channel/trust map,"channel/trust map: 10. Какие финансовые организации или магазины, предоставляющие рассрочку, вы зна",Use for B2C Choice / finance when channel is decision-relevant.
sp_7cd60108bccd,tally_mJWlq4,scenario,JTBD map,JTBD map: 11. Где вы когда-либо оформляли рассрочку или кредит?,Use for B2C Choice / finance when scenario is decision-relevant.
sp_f42461147948,tally_mJWlq4,channel,channel/trust map,"channel/trust map: 12. Какие организации или магазины с рассрочкой вы рассматривали, но в итоге не ",Use for B2C Choice / finance when channel is decision-relevant.
sp_9ffed0e97966,tally_mJWlq4,channel,channel/trust map,channel/trust map: 13. Какая компания (финансовая организация или магазин с рассрочкой) кажется вам,Use for B2C Choice / finance when channel is decision-relevant.
sp_9a3a04dbe673,tally_mJWlq4,channel,channel/trust map,channel/trust map: 14. Какая финансовая организация или магазин с рассрочкой предлагает самые выгод,Use for B2C Choice / finance when channel is decision-relevant.
sp_b638a13aebe6,tally_mJWlq4,channel,channel/trust map,channel/trust map: 15. Где представлен самый широкий выбор условий рассрочки? (разные модели выплат,Use for B2C Choice / finance when channel is decision-relevant.
sp_f737e4fe590c,tally_mJWlq4,channel,channel/trust map,channel/trust map: 16. Какая финансовая организация или магазин предлагает самые инновационные и уд,Use for B2C Choice / finance when channel is decision-relevant.
sp_b2dc2d3c7882,tally_mJWlq4,channel,channel/trust map,channel/trust map: 17. Где самый простой процесс оформления рассрочки (минимум документов и лишних ,Use for B2C Choice / finance when channel is decision-relevant.
sp_46351ed86155,tally_mJWlq4,channel,channel/trust map,"channel/trust map: 19. Где предоставляется лучший сервис сопровождения займа (удобные платежи, подд",Use for B2C Choice / finance when channel is decision-relevant.
sp_052cb395e4aa,tally_mJWlq4,channel,channel/trust map,"channel/trust map: 21. Подскажите, пожалуйста, через какие источники Вы узнаете об товарах/услугах",Use for B2C Choice / finance when channel is decision-relevant.
sp_156c46cf7bc4,tally_mJWlq4,trust,QFD,QFD: 27. Порекомендуете ли вы продукции LAMINAT-HALL своим знакомым? Поставьте оценку,Use for B2C Choice / finance when trust is decision-relevant.
sp_c07e4a4ba93a,tally_mJWlq4,consideration,brand funnel,brand funnel: 2. Почему вы не рассматриваете рассрочку или кредит при покупках?,Use for B2C Choice / finance when consideration is decision-relevant.
sp_aac71447a591,tally_mJWlq4,scenario,JTBD map,JTBD map: 3. В каких ситуациях вы могли бы всё же рассмотреть вариант покупки в рассрочку?,Use for B2C Choice / finance when scenario is decision-relevant.
sp_cc4088be9106,tally_3xeqkr,channel,channel/trust map,"channel/trust map: Где вы чаще всего берёте пончики, пирожки, чебуреки?",Use for B2C Choice / food/FMCG when channel is decision-relevant.
sp_16052e50e1ce,tally_3xeqkr,scenario,JTBD map,JTBD map: Какая основная цель вашего визита?,Use for B2C Choice / food/FMCG when scenario is decision-relevant.
sp_b80a30890822,tally_3xeqkr,frequency,behavior baseline,"behavior baseline: Как часто вы покупаете пончики, пирожки, чебуреки в закусочной?",Use for B2C Choice / food/FMCG when frequency is decision-relevant.
sp_66866bbe1623,tally_3xeqkr,WTP,price ladder,price ladder: Сколько вы готовы потратить на покупку пончиков (за единицу продукции)?,Use for B2C Choice / food/FMCG when WTP is decision-relevant.
sp_b84ed3afaa5f,tally_3xeqkr,WTP,price ladder,price ladder: Сколько вы готовы потратить на покупку чебуреков (за единицу продукции)?,Use for B2C Choice / food/FMCG when WTP is decision-relevant.
sp_d545280fa800,tally_3xeqkr,WTP,price ladder,price ladder: Готовы ли вы тратить время на дорогу до закусочной с лучшим ассортиментом пончик,Use for B2C Choice / food/FMCG when WTP is decision-relevant.
sp_96a1dca8f230,tally_3xeqkr,frequency,behavior baseline,behavior baseline: Как часто вы едите представленные продукты?,Use for B2C Choice / food/FMCG when frequency is decision-relevant.
sp_1fb68e78298f,tally_3xeqkr,factor,factor hierarchy,"factor hierarchy: Оцените от 1 до 5 важность факторов выбора пончиков, пирожков, чебуреков, где 1 ",Use for B2C Choice / food/FMCG when factor is decision-relevant.
sp_0a3a9a5c4cb9,tally_3xeqkr,awareness,brand funnel,"brand funnel: Какие закусочные формата пончиков, пирожков и чебуреков вы знаете, кроме Ringo?",Use for B2C Choice / food/FMCG when awareness is decision-relevant.
sp_85039b2fbdf7,tally_3xeqkr,behavior,behavior baseline,behavior baseline: Какие из таких закусочных вы посещаете?,Use for B2C Choice / food/FMCG when behavior is decision-relevant.
sp_3d1455459069,tally_3xeqkr,channel,channel/trust map,"channel/trust map: Где, по вашему мнению, самые доступные цены на пончики, пирожки и чебуреки?",Use for B2C Choice / food/FMCG when channel is decision-relevant.
sp_60b8a5791006,tally_3xeqkr,channel,channel/trust map,"channel/trust map: Где, по вашему мнению, продаются самые свежие изделия (пончики, пирожки, чебурек",Use for B2C Choice / food/FMCG when channel is decision-relevant.
sp_5fba795142c5,tally_3xeqkr,channel,channel/trust map,"channel/trust map: Где, по вашему мнению, самый широкий выбор вкусов и начинок, в том числе изделий",Use for B2C Choice / food/FMCG when channel is decision-relevant.
sp_31d46b8e01a6,tally_3xeqkr,channel,channel/trust map,"channel/trust map: Где, по вашему мнению, чаще всего появляются новинки (вкусы, начинки, лимитирова",Use for B2C Choice / food/FMCG when channel is decision-relevant.
sp_9a2dfd2bf734,tally_3xeqkr,channel,channel/trust map,"channel/trust map: Где для вас самая комфортная атмосфера (чистота, интерьер, посадочные места, муз",Use for B2C Choice / food/FMCG when channel is decision-relevant.
sp_bbe30820dec5,tally_3xeqkr,frequency,behavior baseline,behavior baseline: Как часто вы покупаете освежающие напитки?,Use for B2C Choice / food/FMCG when frequency is decision-relevant.
sp_348446503962,tally_3xeqkr,scenario,JTBD map,JTBD map: Какой напиток вы выберете при указанных сценариях?,Use for B2C Choice / food/FMCG when scenario is decision-relevant.
sp_f06c13b77d0b,tally_3xeqkr,WTP,price ladder,price ladder: Сколько позиций и в каких комбинациях вы берете за 1 посещение?,Use for B2C Choice / food/FMCG when WTP is decision-relevant.
sp_fcedb65775e7,tally_3xeqkr,scenario,JTBD map,JTBD map: По каким сценариям вы покупаете данную продукцию?,Use for B2C Choice / food/FMCG when scenario is decision-relevant.
sp_315ee34de295,tally_3xeqkr,factor,factor hierarchy,factor hierarchy: Важна ли для вас упаковка приобретенной продукции?,Use for B2C Choice / food/FMCG when factor is decision-relevant.
sp_2d630c007093,tally_3xeqkr,frequency,behavior baseline,behavior baseline: Как часто вы посещаете закусочные по будням?,Use for B2C Choice / food/FMCG when frequency is decision-relevant.
sp_3c7f974afd4a,tally_3xeqkr,scenario,JTBD map,JTBD map: Для чего вы посещаете закусочные по будням?,Use for B2C Choice / food/FMCG when scenario is decision-relevant.
sp_fd30fc042dee,tally_3xeqkr,behavior,behavior baseline,"behavior baseline: Почему вы предпочитаете покупать пончики, пирожки, чебуреки в будние/выходные дн",Use for B2C Choice / food/FMCG when behavior is decision-relevant.
sp_2e73f1a25109,tally_3xeqkr,WTP,price ladder,price ladder: Во сколько вы обычно делаете заказ внутри дня?,Use for B2C Choice / food/FMCG when WTP is decision-relevant.
sp_a83aab2cdf30,tally_mBxlA1,WTP,price ladder,price ladder: 5.3. существует ясная стратегия развития компании,Use for Internal Employee / HR/EVP when WTP is decision-relevant.
sp_dee533dbf7d2,tally_mBxlA1,WTP,price ladder,price ladder: 5.4. сотрудники компании вовлечены в реализацию стратегии развития,Use for Internal Employee / HR/EVP when WTP is decision-relevant.
sp_9e2cf5cd70b3,tally_mBxlA1,switching,barrier map,barrier map: 7.2. есть понимание конкурентной среды,Use for Internal Employee / HR/EVP when switching is decision-relevant.
sp_ca4c92a07d14,tally_mBxlA1,trust,QFD,"QFD: 8.2. консультативный стиль управления (даются не указания, а рекомендации)",Use for Internal Employee / HR/EVP when trust is decision-relevant.
sp_ec12971389b3,tally_mBxlA1,switching,barrier map,barrier map: 9.1. внедряются идеи из внешней среды (перенимаем лучшие практики конкурентов),Use for Internal Employee / HR/EVP when switching is decision-relevant.
sp_c1718d5b0fe9,tally_mBxlA1,switching,barrier map,"barrier map: 9.2. налажен обмен знаниями между отделами/сотрудниками (о методах продаж, о кон",Use for Internal Employee / HR/EVP when switching is decision-relevant.
sp_faac28d7d9e9,tally_mBxlA1,behavior,behavior baseline,"behavior baseline: 9.4. инициируются «сверху» (руководство приходит и говорит, что нового будет)",Use for Internal Employee / HR/EVP when behavior is decision-relevant.
sp_77b6b6601181,tally_mBxlA1,trust,QFD,QFD: 11.1. практикуется открытость и доверие. Вас слышат и учитывают Ваше мнение,Use for Internal Employee / HR/EVP when trust is decision-relevant.
sp_ce551ad2fbe7,tally_mBxlA1,scenario,JTBD map,JTBD map: 11.2. есть внутренняя соревновательность (внутренняя конкуренция между сотрудник,Use for Internal Employee / HR/EVP when scenario is decision-relevant.
sp_6664b8a23019,tally_mBxlA1,scenario,JTBD map,"JTBD map: 13. В компании решения принимаются всегда по всем известным, общепринятым правил",Use for Internal Employee / HR/EVP when scenario is decision-relevant.
sp_87d82387bf39,tally_mBxlA1,behavior,behavior baseline,"behavior baseline: Подходит «РМС»: Инновации (Креативная рабочая среда, поощряющая инновации и пред",Use for Internal Employee / HR/EVP when behavior is decision-relevant.
sp_1174dc97e5c0,tally_mBxlA1,behavior,behavior baseline,behavior baseline: Подходит «РМС»:Вызов и результат (Стремление к совершенству и высокорезультативн,Use for Internal Employee / HR/EVP when behavior is decision-relevant.
sp_593b14d108a6,tally_mBxlA1,behavior,behavior baseline,behavior baseline: Подходит «РМС»: Миссия (Ориентация на будущее в своей ежедневной работе),Use for Internal Employee / HR/EVP when behavior is decision-relevant.
sp_9bd686ec55a8,tally_mBxlA1,trust,QFD,"QFD: Подходит «РМС»: Репутация (Лидерство, стабильность, финансовая безопасность)",Use for Internal Employee / HR/EVP when trust is decision-relevant.
sp_f8f205f3e2d5,tally_mBxlA1,trust,QFD,"QFD: Вдохновляет меня: Репутация (Лидерство, стабильность, финансовая безопасность)",Use for Internal Employee / HR/EVP when trust is decision-relevant.
sp_64b86d33b755,tally_mBxlA1,behavior,behavior baseline,behavior baseline: Подходит «РМС»: Профессиональное развитие (Постоянное обучение и профессионально,Use for Internal Employee / HR/EVP when behavior is decision-relevant.
sp_94eff0ad5e76,tally_mBxlA1,behavior,behavior baseline,behavior baseline: Подходит «РМС»: Возможности (Мобильность внутри компании и возможность попробова,Use for Internal Employee / HR/EVP when behavior is decision-relevant.
sp_ea632dad5850,tally_mBxlA1,behavior,behavior baseline,behavior baseline: Подходит «РМС»:  Автономия (Возможность проявлять инициативу и быть самим собой),Use for Internal Employee / HR/EVP when behavior is decision-relevant.
sp_d9ee3dd25b23,tally_mBxlA1,behavior,behavior baseline,behavior baseline: Подходит «РМС»: Команда (Работа в команде и взаимоуважение),Use for Internal Employee / HR/EVP when behavior is decision-relevant.
sp_e4d690cef178,tally_mBxlA1,factor,factor hierarchy,"factor hierarchy: 20. Пожалуйста, оцените насколько важны для Вас следующие факторы при выборе раб",Use for Internal Employee / HR/EVP when factor is decision-relevant.
sp_56a78f11b2d0,tally_mBxlA1,channel,channel/trust map,channel/trust map: 26. Где вы работаете?,Use for Internal Employee / HR/EVP when channel is decision-relevant.
sp_c80a4e7f3a9e,survey_ba7340497413,brand/category/channel benchmark,brand funnel / category purchase / channel map,"Мясная продукция: знание бренда, покупка категории и канал покупки",Use as direct but low-confidence analogue for sausage/meat manufacturer projects; recover original question labels before client-facing numbers.
